Year,Sex,Name,Count
1997,Boy,Aaron,221
1997,Boy,Adam,236
1997,Boy,Adrian,11
1997,Boy,Aedan,3
1997,Boy,Aidan,48
1997,Boy,Aiden,3
1997,Boy,Alan,14
1997,Boy,Alastair,5
1997,Boy,Albert,5
1997,Boy,Alex,15
1997,Boy,Alexander,49
1997,Boy,Alistair,8
1997,Boy,Alister,3
1997,Boy,Andrew,275
1997,Boy,Angus,4
1997,Boy,Anthony,42
1997,Boy,Antoin,3
1997,Boy,Anton,5
1997,Boy,Aodhan,11
1997,Boy,Arran,3
1997,Boy,Arron,4
1997,Boy,Ashley,13
1997,Boy,Bailey,6
1997,Boy,Bailie,3
1997,Boy,Barry,30
1997,Boy,Ben,85
1997,Boy,Benjamin,92
1997,Boy,Benn,3
1997,Boy,Bernard,3
1997,Boy,Blaine,5
1997,Boy,Blake,5
1997,Boy,Brad,11
1997,Boy,Bradley,22
1997,Boy,Brandon,49
1997,Boy,Breandan,3
1997,Boy,Brendan,41
1997,Boy,Brett,4
1997,Boy,Brian,40
1997,Boy,Bryan,8
1997,Boy,Cahal,4
1997,Boy,Cahir,6
1997,Boy,Cailum,3
1997,Boy,Cal,4
1997,Boy,Caleb,7
1997,Boy,Callan,5
1997,Boy,Callum,99
1997,Boy,Calum,23
1997,Boy,Calvin,16
1997,Boy,Cameron,45
1997,Boy,Caoimhin,8
1997,Boy,Caolain,3
1997,Boy,Caolan,117
1997,Boy,Caomhan,7
1997,Boy,Carl,10
1997,Boy,Carter,7
1997,Boy,Cathal,39
1997,Boy,Charles,17
1997,Boy,Charlie,10
1997,Boy,Che,5
1997,Boy,Chris,3
1997,Boy,Christian,8
1997,Boy,Christie,3
1997,Boy,Christopher,204
1997,Boy,Christy,6
1997,Boy,Cianan,3
1997,Boy,Ciaran,113
1997,Boy,Cillian,8
1997,Boy,Clark,3
1997,Boy,Clifford,3
1997,Boy,Cody,3
1997,Boy,Colin,24
1997,Boy,Colm,24
1997,Boy,Colum,4
1997,Boy,Conal,21
1997,Boy,Conall,28
1997,Boy,Conan,9
1997,Boy,Conchur,6
1997,Boy,Conn,3
1997,Boy,Connor,87
1997,Boy,Conor,312
1997,Boy,Conrad,4
1997,Boy,Corey,43
1997,Boy,Cormac,41
1997,Boy,Cory,5
1997,Boy,Craig,43
1997,Boy,Curtis,80
1997,Boy,Daire,24
1997,Boy,Dale,12
1997,Boy,Damian,10
1997,Boy,Damien,9
1997,Boy,Daniel,208
1997,Boy,Danny,7
1997,Boy,Dara,8
1997,Boy,Darragh,31
1997,Boy,Darrell,4
1997,Boy,Darren,62
1997,Boy,Darryl,12
1997,Boy,Daryl,16
1997,Boy,David,246
1997,Boy,Deaglan,7
1997,Boy,Dean,77
1997,Boy,Deane,3
1997,Boy,Declan,58
1997,Boy,Dennis,4
1997,Boy,Dermot,8
1997,Boy,Desmond,4
1997,Boy,Diarmuid,8
1997,Boy,Dillon,22
1997,Boy,Domhnall,3
1997,Boy,Dominic,18
1997,Boy,Don,3
1997,Boy,Donal,10
1997,Boy,Duncan,4
1997,Boy,Dylan,135
1997,Boy,Eamon,15
1997,Boy,Eamonn,11
1997,Boy,Edward,22
1997,Boy,Elliot,3
1997,Boy,Emmet,9
1997,Boy,Emmett,15
1997,Boy,Enda,7
1997,Boy,Eoghan,21
1997,Boy,Eoin,56
1997,Boy,Eric,3
1997,Boy,Ethan,48
1997,Boy,Euan,4
1997,Boy,Eugene,4
1997,Boy,Eunan,9
1997,Boy,Evan,11
1997,Boy,Ewan,10
1997,Boy,Feargal,3
1997,Boy,Fearghal,8
1997,Boy,Fergal,6
1997,Boy,Fergus,5
1997,Boy,Finbar,7
1997,Boy,Finn,3
1997,Boy,Fintan,7
1997,Boy,Fionntan,6
1997,Boy,Francis,23
1997,Boy,Frazer,3
1997,Boy,Gabriel,5
1997,Boy,Gareth,75
1997,Boy,Garrett,5
1997,Boy,Gary,51
1997,Boy,Gavin,45
1997,Boy,Geoffrey,3
1997,Boy,George,16
1997,Boy,Gerald,9
1997,Boy,Gerard,51
1997,Boy,Giles,3
1997,Boy,Glen,15
1997,Boy,Glenn,22
1997,Boy,Gordon,3
1997,Boy,Graeme,13
1997,Boy,Graham,7
1997,Boy,Grant,7
1997,Boy,Gregory,5
1997,Boy,Hamish,3
1997,Boy,Harry,33
1997,Boy,Harvey,3
1997,Boy,Hayden,3
1997,Boy,Henry,10
1997,Boy,Hugh,9
1997,Boy,Iain,3
1997,Boy,Ian,15
1997,Boy,Isaac,6
1997,Boy,Jack,259
1997,Boy,Jackson,9
1997,Boy,Jacob,25
1997,Boy,Jaime,3
1997,Boy,Jake,47
1997,Boy,James,352
1997,Boy,Jamie,165
1997,Boy,Jared,3
1997,Boy,Jarlath,6
1997,Boy,Jason,82
1997,Boy,Jay,12
1997,Boy,Jeffrey,4
1997,Boy,Jesse,3
1997,Boy,Joe,8
1997,Boy,Joel,34
1997,Boy,John,182
1997,Boy,Johnathan,13
1997,Boy,Johnny,3
1997,Boy,Jon,6
1997,Boy,Jonathan,145
1997,Boy,Jonathon,21
1997,Boy,Jordan,266
1997,Boy,Jordon,7
1997,Boy,Joseph,95
1997,Boy,Josh,22
1997,Boy,Joshua,137
1997,Boy,Jude,5
1997,Boy,Justin,17
1997,Boy,Kane,3
1997,Boy,Karl,27
1997,Boy,Kealan,7
1997,Boy,Keelan,9
1997,Boy,Keith,12
1997,Boy,Kelvin,6
1997,Boy,Kenneth,7
1997,Boy,Kevin,42
1997,Boy,Kieran,25
1997,Boy,Killian,8
1997,Boy,Kirk,3
1997,Boy,Kristian,6
1997,Boy,Kristopher,5
1997,Boy,Kurt,4
1997,Boy,Kurtis,19
1997,Boy,Kyle,102
1997,Boy,Lee,82
1997,Boy,Leo,3
1997,Boy,Leon,16
1997,Boy,Lewis,40
1997,Boy,Liam,74
1997,Boy,Lloyd,5
1997,Boy,Logan,6
1997,Boy,Lorcan,12
1997,Boy,Louis,16
1997,Boy,Lucas,7
1997,Boy,Luke,105
1997,Boy,Lyndon,3
1997,Boy,Macauley,10
1997,Boy,Mairtin,3
1997,Boy,Malachy,8
1997,Boy,Malcolm,3
1997,Boy,Manus,4
1997,Boy,Marc,30
1997,Boy,Marco,3
1997,Boy,Marcus,20
1997,Boy,Mark,200
1997,Boy,Martin,71
1997,Boy,Matthew,410
1997,Boy,Max,6
1997,Boy,Michael,263
1997,Boy,Micheal,12
1997,Boy,Mitchel,3
1997,Boy,Mitchell,5
1997,Boy,Morgan,5
1997,Boy,Myles,5
1997,Boy,Naoise,3
1997,Boy,Nathan,154
1997,Boy,Nathaniel,4
1997,Boy,Neil,34
1997,Boy,Niall,102
1997,Boy,Nicholas,19
1997,Boy,Nigel,3
1997,Boy,Noel,9
1997,Boy,Odhran,18
1997,Boy,Oisin,37
1997,Boy,Oliver,23
1997,Boy,Omar,3
1997,Boy,Oran,13
1997,Boy,Owen,39
1997,Boy,Padraic,3
1997,Boy,Padraig,31
1997,Boy,Patrick,164
1997,Boy,Paul,123
1997,Boy,Pauric,3
1997,Boy,Peadar,6
1997,Boy,Pearce,6
1997,Boy,Pearse,20
1997,Boy,Peter,135
1997,Boy,Philip,65
1997,Boy,Phillip,6
1997,Boy,Piaras,5
1997,Boy,Pierce,15
1997,Boy,Raymond,12
1997,Boy,Reece,40
1997,Boy,Reuben,12
1997,Boy,Rhys,34
1997,Boy,Rian,14
1997,Boy,Richard,37
1997,Boy,Robbie,10
1997,Boy,Robert,96
1997,Boy,Robin,5
1997,Boy,Rohan,3
1997,Boy,Ronan,66
1997,Boy,Rory,59
1997,Boy,Ross,106
1997,Boy,Rowan,3
1997,Boy,Roy,3
1997,Boy,Ruairi,52
1997,Boy,Ruari,3
1997,Boy,Russell,3
1997,Boy,Ryan,381
1997,Boy,Sam,23
1997,Boy,Samuel,89
1997,Boy,Saul,3
1997,Boy,Scot,3
1997,Boy,Scott,90
1997,Boy,Seamus,18
1997,Boy,Sean,186
1997,Boy,Sean-Paul,4
1997,Boy,Shane,77
1997,Boy,Shaun,17
1997,Boy,Shay,15
1997,Boy,Shea,42
1997,Boy,Simon,24
1997,Boy,Stefan,12
1997,Boy,Stephen,135
1997,Boy,Steven,50
1997,Boy,Stewart,14
1997,Boy,Stuart,47
1997,Boy,Taylor,11
1997,Boy,Terence,8
1997,Boy,Thomas,186
1997,Boy,Tiarnan,39
1997,Boy,Tiernan,21
1997,Boy,Timothy,36
1997,Boy,Tobias,4
1997,Boy,Toby,3
1997,Boy,Tom,7
1997,Boy,Tomas,10
1997,Boy,Tony,7
1997,Boy,Travis,6
1997,Boy,Trevor,4
1997,Boy,Tristan,11
1997,Boy,Troy,5
1997,Boy,Tyler,20
1997,Boy,Tyrone,7
1997,Boy,Vincent,4
1997,Boy,Warren,7
1997,Boy,Wayne,4
1997,Boy,William,131
1997,Boy,Zac,3
1997,Boy,Zach,4
1997,Boy,Zachary,12
1997,Boy,Zak,9
1997,Girl,Abbi,3
1997,Girl,Abbie,25
1997,Girl,Abby,10
1997,Girl,Abigail,36
1997,Girl,Adele,3
1997,Girl,Aideen,6
1997,Girl,Aileen,7
1997,Girl,Ailis,3
1997,Girl,Aimee,98
1997,Girl,Aine,57
1997,Girl,Aisling,38
1997,Girl,Aislinn,10
1997,Girl,Alana,26
1997,Girl,Alanis,3
1997,Girl,Alanna,19
1997,Girl,Alannah,9
1997,Girl,Alex,13
1997,Girl,Alexandra,52
1997,Girl,Alexandria,3
1997,Girl,Alice,40
1997,Girl,Alicia,12
1997,Girl,Alisha,14
1997,Girl,Alison,17
1997,Girl,Alix,4
1997,Girl,Amanda,11
1997,Girl,Amber,16
1997,Girl,Amelia,3
1997,Girl,Amie,5
1997,Girl,Amy,228
1997,Girl,Amy-Lee,5
1997,Girl,Amy-Leigh,5
1997,Girl,Anastasia,4
1997,Girl,Andrea,7
1997,Girl,Angela,4
1997,Girl,Anna,113
1997,Girl,Annalise,3
1997,Girl,Anne-Marie,3
1997,Girl,Annie,20
1997,Girl,Antoinette,3
1997,Girl,Aoibheann,7
1997,Girl,Aoibhin,7
1997,Girl,Aoibhinn,5
1997,Girl,Aoife,117
1997,Girl,April,6
1997,Girl,Arianne,4
1997,Girl,Ashleigh,27
1997,Girl,Ashlene,3
1997,Girl,Ashley,17
1997,Girl,Ashling,6
1997,Girl,Ashton,5
1997,Girl,Ayesha,3
1997,Girl,Bernadette,4
1997,Girl,Beth,26
1997,Girl,Bethan,7
1997,Girl,Bethany,45
1997,Girl,Billie-Jo,4
1997,Girl,Blanaid,3
1997,Girl,Brigid,3
1997,Girl,Brittany,8
1997,Girl,Brogan,4
1997,Girl,Bronach,5
1997,Girl,Bronagh,39
1997,Girl,Brooke,9
1997,Girl,Brooklyn,5
1997,Girl,Bryony,3
1997,Girl,Cailin,4
1997,Girl,Caitlin,102
1997,Girl,Caitlyn,5
1997,Girl,Caitriona,16
1997,Girl,Caoilfhionn,3
1997,Girl,Caoimhe,77
1997,Girl,Cara,28
1997,Girl,Caragh,5
1997,Girl,Carla,31
1997,Girl,Carly,9
1997,Girl,Carmel,3
1997,Girl,Carol,4
1997,Girl,Caroline,16
1997,Girl,Carolyn,4
1997,Girl,Carrie,7
1997,Girl,Casey,8
1997,Girl,Cassandra,3
1997,Girl,Cassie,8
1997,Girl,Catherine,101
1997,Girl,Cathy,4
1997,Girl,Catriona,13
1997,Girl,Ceara,4
1997,Girl,Celine,5
1997,Girl,Chantel,3
1997,Girl,Chantelle,24
1997,Girl,Charis,3
1997,Girl,Charlene,8
1997,Girl,Charlie,4
1997,Girl,Charlotte,36
1997,Girl,Chelsea,46
1997,Girl,Chelsey,7
1997,Girl,Cherie,3
1997,Girl,Cherith,4
1997,Girl,Chloe,361
1997,Girl,Christina,18
1997,Girl,Christine,5
1997,Girl,Ciara,116
1997,Girl,Ciarrai,5
1997,Girl,Claire,83
1997,Girl,Clara,24
1997,Girl,Clare,39
1997,Girl,Clarissa,3
1997,Girl,Claudia,12
1997,Girl,Cliodhna,25
1997,Girl,Cliona,6
1997,Girl,Clodagh,27
1997,Girl,Codie,3
1997,Girl,Colleen,18
1997,Girl,Collette,3
1997,Girl,Connie,11
1997,Girl,Constance,3
1997,Girl,Cora,11
1997,Girl,Corinne,3
1997,Girl,Corrie,7
1997,Girl,Cortney,3
1997,Girl,Courteney,10
1997,Girl,Courtney,185
1997,Girl,Daire,4
1997,Girl,Dairine,3
1997,Girl,Dana,4
1997,Girl,Danielle,89
1997,Girl,Dara,8
1997,Girl,Darcy,4
1997,Girl,Darragh,5
1997,Girl,Dawn,3
1997,Girl,Dayna,3
1997,Girl,Dearbhail,6
1997,Girl,Dearbhaile,6
1997,Girl,Dearbhla,20
1997,Girl,Deborah,19
1997,Girl,Deirbhile,6
1997,Girl,Demi,28
1997,Girl,Demi-Lee,4
1997,Girl,Demi-Leigh,3
1997,Girl,Denise,5
1997,Girl,Dervla,12
1997,Girl,Diane,6
1997,Girl,Dionne,3
1997,Girl,Donna,5
1997,Girl,Eadaoin,9
1997,Girl,Ebony,3
1997,Girl,Edel,12
1997,Girl,Eden,7
1997,Girl,Eileen,4
1997,Girl,Eilis,5
1997,Girl,Eilish,3
1997,Girl,Eimear,75
1997,Girl,Eimer,4
1997,Girl,Eimhear,13
1997,Girl,Eireann,3
1997,Girl,Elaine,6
1997,Girl,Eleanor,8
1997,Girl,Elise,3
1997,Girl,Elisha,6
1997,Girl,Elizabeth,44
1997,Girl,Ella,8
1997,Girl,Ellen,83
1997,Girl,Ellie,14
1997,Girl,Eloise,3
1997,Girl,Emer,24
1997,Girl,Emilie,4
1997,Girl,Emily,73
1997,Girl,Emma,291
1997,Girl,Emma-Louise,7
1997,Girl,Enya,6
1997,Girl,Erica,7
1997,Girl,Erika,3
1997,Girl,Erin,87
1997,Girl,Eryn,3
1997,Girl,Esther,5
1997,Girl,Eva,14
1997,Girl,Eve,18
1997,Girl,Evelyn,6
1997,Girl,Evie,4
1997,Girl,Fainche,3
1997,Girl,Faith,7
1997,Girl,Faye,6
1997,Girl,Fiona,39
1997,Girl,Fionnuala,15
1997,Girl,Frances,6
1997,Girl,Francesca,11
1997,Girl,Freya,3
1997,Girl,Gabrielle,6
1997,Girl,Gemma,68
1997,Girl,Georgia,38
1997,Girl,Georgina,8
1997,Girl,Geraldine,3
1997,Girl,Gillian,11
1997,Girl,Gina,5
1997,Girl,Grace,43
1997,Girl,Grainne,24
1997,Girl,Haley,3
1997,Girl,Hannah,229
1997,Girl,Harriet,5
1997,Girl,Hayleigh,5
1997,Girl,Hayley,43
1997,Girl,Heather,11
1997,Girl,Heidi,3
1997,Girl,Helen,12
1997,Girl,Helena,4
1997,Girl,Hollie,30
1997,Girl,Holly,51
1997,Girl,India,4
1997,Girl,Iona,5
1997,Girl,Jacqueline,11
1997,Girl,Jade,49
1997,Girl,Jamie,9
1997,Girl,Jamie-Lee,6
1997,Girl,Jamie-Leigh,5
1997,Girl,Jana,3
1997,Girl,Jane,26
1997,Girl,Janet,4
1997,Girl,Janice,3
1997,Girl,Janine,5
1997,Girl,Jasmin,3
1997,Girl,Jasmine,10
1997,Girl,Jayde,3
1997,Girl,Jayne,15
1997,Girl,Jemma,23
1997,Girl,Jena,5
1997,Girl,Jenna,21
1997,Girl,Jenni,3
1997,Girl,Jennifer,44
1997,Girl,Jenny,14
1997,Girl,Jessica,130
1997,Girl,Jill,17
1997,Girl,Joanna,15
1997,Girl,Joanne,23
1997,Girl,Jodie,33
1997,Girl,Jody,4
1997,Girl,Johanna,7
1997,Girl,Jolene,5
1997,Girl,Jordan,18
1997,Girl,Josephine,6
1997,Girl,Joy,4
1997,Girl,Judith,14
1997,Girl,Julia,3
1997,Girl,Julie,19
1997,Girl,Julie-Anne,5
1997,Girl,Justine,4
1997,Girl,Kaitlin,3
1997,Girl,Kaitlyn,3
1997,Girl,Kara,4
1997,Girl,Karen,16
1997,Girl,Karla,3
1997,Girl,Karley,3
1997,Girl,Kate,22
1997,Girl,Katelyn,6
1997,Girl,Katharine,4
1997,Girl,Katherine,43
1997,Girl,Kathleen,20
1997,Girl,Kathryn,61
1997,Girl,Kathy,3
1997,Girl,Katie,109
1997,Girl,Katie-Louise,3
1997,Girl,Katrina,6
1997,Girl,Katy,8
1997,Girl,Kayleigh,21
1997,Girl,Keely,6
1997,Girl,Keeva,8
1997,Girl,Kellie,9
1997,Girl,Kelly,23
1997,Girl,Kelly-Anne,3
1997,Girl,Kelly-Marie,3
1997,Girl,Kelsey,10
1997,Girl,Keri,5
1997,Girl,Kerri,22
1997,Girl,Kerrie,11
1997,Girl,Kerry,29
1997,Girl,Kiera,5
1997,Girl,Kimberly,3
1997,Girl,Kira,3
1997,Girl,Kirby,3
1997,Girl,Kirsten,21
1997,Girl,Kirstie,9
1997,Girl,Kirstin,3
1997,Girl,Kirsty,64
1997,Girl,Kori,3
1997,Girl,Kristin,3
1997,Girl,Kristina,3
1997,Girl,Lana,5
1997,Girl,Laoise,3
1997,Girl,Lara,11
1997,Girl,Laura,163
1997,Girl,Lauren,255
1997,Girl,Laurie,3
1997,Girl,Leah,68
1997,Girl,Leanne,25
1997,Girl,Leigh,3
1997,Girl,Leona,14
1997,Girl,Leonie,3
1997,Girl,Lesley,3
1997,Girl,Lindsay,8
1997,Girl,Lisa,40
1997,Girl,Lisa-Marie,3
1997,Girl,Lois,11
1997,Girl,Lorna,5
1997,Girl,Louise,72
1997,Girl,Lucia,3
1997,Girl,Lucinda,3
1997,Girl,Lucy,67
1997,Girl,Lydia,18
1997,Girl,Lynda,3
1997,Girl,Lyndsay,3
1997,Girl,Lyndsey,8
1997,Girl,Lynsey,13
1997,Girl,Madison,3
1997,Girl,Maeve,29
1997,Girl,Mairead,12
1997,Girl,Margaret,13
1997,Girl,Maria,42
1997,Girl,Marie,8
1997,Girl,Marie-Claire,4
1997,Girl,Martha,4
1997,Girl,Martina,5
1997,Girl,Mary,45
1997,Girl,Maura,3
1997,Girl,Maureen,3
1997,Girl,Meabh,15
1997,Girl,Meaghan,5
1997,Girl,Meg,3
1997,Girl,Megan,251
1997,Girl,Meghan,17
1997,Girl,Meibh,3
1997,Girl,Melanie,7
1997,Girl,Melissa,55
1997,Girl,Mia,7
1997,Girl,Michaela,22
1997,Girl,Micheala,3
1997,Girl,Michelle,18
1997,Girl,Miriam,3
1997,Girl,Mollie,15
1997,Girl,Molly,26
1997,Girl,Morgan,19
1997,Girl,Nadia,11
1997,Girl,Nadine,19
1997,Girl,Naoimh,5
1997,Girl,Naoise,5
1997,Girl,Naomh,4
1997,Girl,Naomi,71
1997,Girl,Natalie,39
1997,Girl,Natasha,57
1997,Girl,Niamh,215
1997,Girl,Nichola,3
1997,Girl,Nichole,3
1997,Girl,Nicola,36
1997,Girl,Nicole,128
1997,Girl,Nikita,12
1997,Girl,Nikki,3
1997,Girl,Nina,3
1997,Girl,Nora,4
1997,Girl,Nuala,12
1997,Girl,Olivia,51
1997,Girl,Oonagh,11
1997,Girl,Orfhlaith,4
1997,Girl,Orla,40
1997,Girl,Orlagh,13
1997,Girl,Orlaigh,3
1997,Girl,Orlaith,25
1997,Girl,Padraigin,3
1997,Girl,Paige,17
1997,Girl,Patrice,5
1997,Girl,Patricia,15
1997,Girl,Paula,11
1997,Girl,Phoebe,3
1997,Girl,Polly,3
1997,Girl,Rachael,87
1997,Girl,Rachel,223
1997,Girl,Rachelle,3
1997,Girl,Rebecca,297
1997,Girl,Rebekah,54
1997,Girl,Regan,4
1997,Girl,Rhian,3
1997,Girl,Rhianna,4
1997,Girl,Rhianne,3
1997,Girl,Rhiannon,17
1997,Girl,Roberta,3
1997,Girl,Robyn,33
1997,Girl,Roise,3
1997,Girl,Roisin,34
1997,Girl,Rose,7
1997,Girl,Roseanna,3
1997,Girl,Rosemary,6
1997,Girl,Rosie,3
1997,Girl,Ruth,30
1997,Girl,Sabrina,5
1997,Girl,Sacha,4
1997,Girl,Samantha,42
1997,Girl,Sandra,3
1997,Girl,Saoirse,15
1997,Girl,Sara,34
1997,Girl,Sarah,240
1997,Girl,Sarah-Jane,11
1997,Girl,Sarah-Louise,10
1997,Girl,Sasha,9
1997,Girl,Saskia,3
1997,Girl,Savannah,6
1997,Girl,Seana,6
1997,Girl,Seanan,4
1997,Girl,Seaneen,3
1997,Girl,Seanna,6
1997,Girl,Selina,3
1997,Girl,Seona,3
1997,Girl,Serena,4
1997,Girl,Shania,7
1997,Girl,Shanice,7
1997,Girl,Shanna,3
1997,Girl,Shannan,5
1997,Girl,Shannen,6
1997,Girl,Shannon,313
1997,Girl,Sharon,9
1997,Girl,Shauna,51
1997,Girl,Shauneen,5
1997,Girl,Shelby,6
1997,Girl,Shelley,6
1997,Girl,Sheree,3
1997,Girl,Shona,12
1997,Girl,Sian,20
1997,Girl,Simone,3
1997,Girl,Sinead,43
1997,Girl,Siobhan,16
1997,Girl,Siofra,5
1997,Girl,Sophia,8
1997,Girl,Sophie,153
1997,Girl,Sophie-Louise,3
1997,Girl,Sorcha,12
1997,Girl,Stacey,16
1997,Girl,Stephanie,46
1997,Girl,Susan,8
1997,Girl,Susanna,7
1997,Girl,Susannah,5
1997,Girl,Suzanne,9
1997,Girl,Tamara,14
1997,Girl,Tammy,10
1997,Girl,Tanya,6
1997,Girl,Tara,46
1997,Girl,Taylor,31
1997,Girl,Teresa,4
1997,Girl,Terri,8
1997,Girl,Tess,3
1997,Girl,Tessa,4
1997,Girl,Theresa,5
1997,Girl,Therese,4
1997,Girl,Tia,8
1997,Girl,Tiarna,7
1997,Girl,Tiegan,3
1997,Girl,Tiffany,13
1997,Girl,Toni,22
1997,Girl,Tonicha,3
1997,Girl,Tori,10
1997,Girl,Tory,3
1997,Girl,Tracey,4
1997,Girl,Tyler,3
1997,Girl,Una,12
1997,Girl,Ursula,5
1997,Girl,Vanessa,6
1997,Girl,Victoria,84
1997,Girl,Whitney,6
1997,Girl,Yasmin,15
1997,Girl,Yasmine,5
1997,Girl,Zara,22
1997,Girl,Zoe,67
1998,Boy,Aaron,203
1998,Boy,Adam,251
1998,Boy,Adrian,5
1998,Boy,Aidan,41
1998,Boy,Aiden,3
1998,Boy,Alan,18
1998,Boy,Alastair,8
1998,Boy,Alex,10
1998,Boy,Alexander,59
1998,Boy,Alistair,5
1998,Boy,Allan,6
1998,Boy,Allister,3
1998,Boy,Andrew,211
1998,Boy,Angus,5
1998,Boy,Anthony,31
1998,Boy,Anton,3
1998,Boy,Antony,3
1998,Boy,Aodhan,17
1998,Boy,Aran,4
1998,Boy,Aron,3
1998,Boy,Ashley,8
1998,Boy,Bailey,12
1998,Boy,Barry,15
1998,Boy,Ben,86
1998,Boy,Benjamin,81
1998,Boy,Bernard,10
1998,Boy,Billy,4
1998,Boy,Blain,4
1998,Boy,Blaine,4
1998,Boy,Blake,7
1998,Boy,Bobby,3
1998,Boy,Brad,7
1998,Boy,Bradley,44
1998,Boy,Brandon,48
1998,Boy,Breandan,4
1998,Boy,Brendan,35
1998,Boy,Brett,7
1998,Boy,Brian,27
1998,Boy,Brogan,4
1998,Boy,Bruce,3
1998,Boy,Bryan,8
1998,Boy,Cahir,9
1998,Boy,Cailean,3
1998,Boy,Cain,7
1998,Boy,Caleb,16
1998,Boy,Callan,5
1998,Boy,Callum,105
1998,Boy,Calum,22
1998,Boy,Calvin,23
1998,Boy,Cameron,97
1998,Boy,Caoimhin,14
1998,Boy,Caolan,104
1998,Boy,Caolin,5
1998,Boy,Caomhan,6
1998,Boy,Carl,15
1998,Boy,Carter,11
1998,Boy,Cathair,6
1998,Boy,Cathal,24
1998,Boy,Charles,26
1998,Boy,Charlie,12
1998,Boy,Chris,3
1998,Boy,Christian,13
1998,Boy,Christopher,215
1998,Boy,Cian,8
1998,Boy,Ciaran,119
1998,Boy,Cillian,9
1998,Boy,Clayton,3
1998,Boy,Cody,3
1998,Boy,Colin,15
1998,Boy,Colm,9
1998,Boy,Conaill,4
1998,Boy,Conal,16
1998,Boy,Conall,38
1998,Boy,Conan,12
1998,Boy,Conchur,4
1998,Boy,Conn,4
1998,Boy,Connaire,3
1998,Boy,Connell,4
1998,Boy,Connor,95
1998,Boy,Conor,271
1998,Boy,Corey,40
1998,Boy,Cormac,38
1998,Boy,Corrie,7
1998,Boy,Cory,4
1998,Boy,Craig,38
1998,Boy,Curtis,75
1998,Boy,Daire,18
1998,Boy,Dale,20
1998,Boy,Damian,5
1998,Boy,Damien,8
1998,Boy,Dane,4
1998,Boy,Daniel,204
1998,Boy,Danny,6
1998,Boy,Dara,10
1998,Boy,Daragh,3
1998,Boy,Darragh,26
1998,Boy,Darrell,5
1998,Boy,Darren,56
1998,Boy,Darryl,9
1998,Boy,Daryl,10
1998,Boy,David,232
1998,Boy,Deaglan,3
1998,Boy,Dean,60
1998,Boy,Deane,3
1998,Boy,Declan,55
1998,Boy,Denis,3
1998,Boy,Denver,3
1998,Boy,Derek,3
1998,Boy,Dermot,12
1998,Boy,Devin,3
1998,Boy,Diarmaid,5
1998,Boy,Diarmuid,7
1998,Boy,Dillon,17
1998,Boy,Dion,3
1998,Boy,Dominic,9
1998,Boy,Donal,18
1998,Boy,Donovan,3
1998,Boy,Drew,6
1998,Boy,Duncan,5
1998,Boy,Dylan,148
1998,Boy,Dylon,3
1998,Boy,Eamon,26
1998,Boy,Eamonn,12
1998,Boy,Edward,20
1998,Boy,Elliot,3
1998,Boy,Emmet,14
1998,Boy,Emmett,13
1998,Boy,Eoghan,38
1998,Boy,Eoin,93
1998,Boy,Ethan,78
1998,Boy,Euan,8
1998,Boy,Eugene,6
1998,Boy,Eunan,7
1998,Boy,Evan,7
1998,Boy,Ewan,12
1998,Boy,Feargal,4
1998,Boy,Fearghal,6
1998,Boy,Fergal,10
1998,Boy,Fergus,4
1998,Boy,Finn,4
1998,Boy,Fintan,11
1998,Boy,Fionntan,6
1998,Boy,Francis,9
1998,Boy,Frazer,4
1998,Boy,Frederick,3
1998,Boy,Gabriel,3
1998,Boy,Garbhan,3
1998,Boy,Gareth,53
1998,Boy,Garry,3
1998,Boy,Garth,4
1998,Boy,Gary,37
1998,Boy,Gavin,20
1998,Boy,Gearoid,3
1998,Boy,George,23
1998,Boy,Gerald,5
1998,Boy,Gerard,39
1998,Boy,Glen,10
1998,Boy,Glenn,16
1998,Boy,Glyn,3
1998,Boy,Graham,14
1998,Boy,Grant,4
1998,Boy,Hamish,4
1998,Boy,Harry,44
1998,Boy,Hayden,4
1998,Boy,Henry,11
1998,Boy,Hugh,14
1998,Boy,Iain,5
1998,Boy,Ian,8
1998,Boy,Isaac,7
1998,Boy,Jack,292
1998,Boy,Jackson,7
1998,Boy,Jacob,38
1998,Boy,Jacques,3
1998,Boy,Jaimie,3
1998,Boy,Jake,59
1998,Boy,James,326
1998,Boy,Jamie,136
1998,Boy,Jarlath,4
1998,Boy,Jason,94
1998,Boy,Jay,18
1998,Boy,Jerome,5
1998,Boy,Jody,3
1998,Boy,Joe,5
1998,Boy,Joel,33
1998,Boy,John,134
1998,Boy,John-Paul,4
1998,Boy,Johnathan,6
1998,Boy,Johnny,4
1998,Boy,Jon,3
1998,Boy,Jonathan,147
1998,Boy,Jonathon,13
1998,Boy,Jordan,251
1998,Boy,Jordan-Lee,3
1998,Boy,Jordon,7
1998,Boy,Joseph,75
1998,Boy,Josh,25
1998,Boy,Joshua,181
1998,Boy,Jude,15
1998,Boy,Justin,20
1998,Boy,Kai,3
1998,Boy,Kalem,3
1998,Boy,Kalvin,3
1998,Boy,Kane,7
1998,Boy,Karl,22
1998,Boy,Kealan,7
1998,Boy,Keelan,15
1998,Boy,Keith,5
1998,Boy,Kenneth,5
1998,Boy,Kevin,53
1998,Boy,Kieran,28
1998,Boy,Kieron,3
1998,Boy,Killian,3
1998,Boy,Kristian,3
1998,Boy,Kristopher,3
1998,Boy,Kurtis,12
1998,Boy,Kyle,102
1998,Boy,Lachlan,4
1998,Boy,Laurence,3
1998,Boy,Lee,64
1998,Boy,Leo,7
1998,Boy,Leon,9
1998,Boy,Lewis,58
1998,Boy,Liam,47
1998,Boy,Lloyd,3
1998,Boy,Logan,4
1998,Boy,Lorcan,15
1998,Boy,Louis,16
1998,Boy,Lucas,3
1998,Boy,Luke,98
1998,Boy,Macaulay,3
1998,Boy,Macauley,3
1998,Boy,Malachy,4
1998,Boy,Manus,3
1998,Boy,Marc,41
1998,Boy,Marcus,22
1998,Boy,Mark,151
1998,Boy,Martin,47
1998,Boy,Mason,4
1998,Boy,Mathew,7
1998,Boy,Mathieu,3
1998,Boy,Matthew,429
1998,Boy,Max,10
1998,Boy,Michael,240
1998,Boy,Micheal,22
1998,Boy,Mitchell,6
1998,Boy,Morgan,22
1998,Boy,Myles,3
1998,Boy,Naoise,3
1998,Boy,Nathan,149
1998,Boy,Nathaniel,5
1998,Boy,Neil,23
1998,Boy,Niall,119
1998,Boy,Nicholas,18
1998,Boy,Nigel,3
1998,Boy,Noah,3
1998,Boy,Noel,6
1998,Boy,Odhran,38
1998,Boy,Oisin,55
1998,Boy,Oliver,14
1998,Boy,Oran,42
1998,Boy,Owen,56
1998,Boy,Padraig,20
1998,Boy,Patrick,130
1998,Boy,Paul,93
1998,Boy,Pauric,3
1998,Boy,Pearce,7
1998,Boy,Pearse,23
1998,Boy,Peter,138
1998,Boy,Phelim,4
1998,Boy,Philip,46
1998,Boy,Phillip,3
1998,Boy,Piaras,4
1998,Boy,Pierce,17
1998,Boy,Raymond,11
1998,Boy,Reece,71
1998,Boy,Regan,7
1998,Boy,Reuben,8
1998,Boy,Rhys,37
1998,Boy,Riain,3
1998,Boy,Rian,14
1998,Boy,Richard,30
1998,Boy,Robbie,10
1998,Boy,Robert,82
1998,Boy,Robin,9
1998,Boy,Ronan,73
1998,Boy,Rory,53
1998,Boy,Ross,84
1998,Boy,Rowan,6
1998,Boy,Roy,3
1998,Boy,Ruairi,50
1998,Boy,Ruari,3
1998,Boy,Ryan,346
1998,Boy,Sam,27
1998,Boy,Samuel,96
1998,Boy,Scott,85
1998,Boy,Se,3
1998,Boy,Seamus,11
1998,Boy,Sean,157
1998,Boy,Seanan,3
1998,Boy,Shane,77
1998,Boy,Shaun,15
1998,Boy,Shay,13
1998,Boy,Shea,44
1998,Boy,Simon,23
1998,Boy,Stefan,12
1998,Boy,Stephen,144
1998,Boy,Steven,58
1998,Boy,Stewart,16
1998,Boy,Stuart,37
1998,Boy,Taylor,21
1998,Boy,Terence,5
1998,Boy,Thomas,198
1998,Boy,Tiarnan,43
1998,Boy,Tiernan,19
1998,Boy,Tighearnan,3
1998,Boy,Timothy,21
1998,Boy,Toby,3
1998,Boy,Tom,13
1998,Boy,Tomas,6
1998,Boy,Tony,13
1998,Boy,Travis,14
1998,Boy,Tristan,9
1998,Boy,Troy,5
1998,Boy,Turlough,4
1998,Boy,Tyler,26
1998,Boy,Tyrone,10
1998,Boy,Vincent,5
1998,Boy,Warren,3
1998,Boy,Wesley,4
1998,Boy,William,99
1998,Boy,Zach,4
1998,Boy,Zachary,9
1998,Boy,Zack,3
1998,Boy,Zak,6
1998,Girl,Abbey,5
1998,Girl,Abbi,4
1998,Girl,Abbie,24
1998,Girl,Abby,7
1998,Girl,Abigail,30
1998,Girl,Adele,3
1998,Girl,Aideen,7
1998,Girl,Aileen,4
1998,Girl,Ailise,3
1998,Girl,Ailish,4
1998,Girl,Aimee,111
1998,Girl,Aine,64
1998,Girl,Aisha,6
1998,Girl,Aislin,3
1998,Girl,Aisling,38
1998,Girl,Aislinn,13
1998,Girl,Alana,26
1998,Girl,Alanna,17
1998,Girl,Alannah,11
1998,Girl,Alex,12
1998,Girl,Alexandra,48
1998,Girl,Alice,36
1998,Girl,Alicia,14
1998,Girl,Alisha,10
1998,Girl,Alison,18
1998,Girl,Amanda,11
1998,Girl,Amber,26
1998,Girl,Amie,6
1998,Girl,Amy,245
1998,Girl,Amy-Leigh,3
1998,Girl,Ana,5
1998,Girl,Andrea,16
1998,Girl,Angela,4
1998,Girl,Ann,6
1998,Girl,Ann-Marie,3
1998,Girl,Anna,115
1998,Girl,Annabel,3
1998,Girl,Annalise,4
1998,Girl,Anne,6
1998,Girl,Annie,20
1998,Girl,Antonia,8
1998,Girl,Aoibheann,14
1998,Girl,Aoibhinn,7
1998,Girl,Aoife,120
1998,Girl,April,4
1998,Girl,Ashleigh,21
1998,Girl,Ashley,9
1998,Girl,Ashton,4
1998,Girl,Ava,3
1998,Girl,Bailey,3
1998,Girl,Beth,35
1998,Girl,Bethan,5
1998,Girl,Bethany,72
1998,Girl,Billie,3
1998,Girl,Blaithin,3
1998,Girl,Blathnaid,3
1998,Girl,Brenda,3
1998,Girl,Brenna,4
1998,Girl,Brianna,8
1998,Girl,Bridget,4
1998,Girl,Briege,3
1998,Girl,Brittany,9
1998,Girl,Brona,3
1998,Girl,Bronach,5
1998,Girl,Bronagh,38
1998,Girl,Bronwyn,4
1998,Girl,Brooke,17
1998,Girl,Cailin,7
1998,Girl,Caithlin,3
1998,Girl,Caitilin,5
1998,Girl,Caitlin,207
1998,Girl,Caitlyn,5
1998,Girl,Caitriona,8
1998,Girl,Caoimhe,94
1998,Girl,Cara,31
1998,Girl,Caragh,4
1998,Girl,Carla,19
1998,Girl,Carlie,3
1998,Girl,Carly,16
1998,Girl,Carol,3
1998,Girl,Caroline,19
1998,Girl,Carrie,4
1998,Girl,Casey,10
1998,Girl,Cassie,6
1998,Girl,Catherine,93
1998,Girl,Cathryn,3
1998,Girl,Catriona,13
1998,Girl,Ceara,3
1998,Girl,Celine,4
1998,Girl,Cerys,4
1998,Girl,Chantel,5
1998,Girl,Chantelle,27
1998,Girl,Charlene,7
1998,Girl,Charlotte,59
1998,Girl,Charly,3
1998,Girl,Charmaine,3
1998,Girl,Chelsea,66
1998,Girl,Chelsey,5
1998,Girl,Chelsie,4
1998,Girl,Cherith,4
1998,Girl,Chloe,434
1998,Girl,Chloe-Louise,4
1998,Girl,Christina,12
1998,Girl,Christine,10
1998,Girl,Ciara,114
1998,Girl,Claire,94
1998,Girl,Clara,11
1998,Girl,Clare,31
1998,Girl,Clarissa,4
1998,Girl,Claudia,17
1998,Girl,Cliodhna,38
1998,Girl,Cliona,11
1998,Girl,Clodagh,34
1998,Girl,Codie,3
1998,Girl,Cody,7
1998,Girl,Colleen,21
1998,Girl,Connie,5
1998,Girl,Cora,14
1998,Girl,Courteney,7
1998,Girl,Courtney,177
1998,Girl,Daire,4
1998,Girl,Daisy,4
1998,Girl,Daniella,3
1998,Girl,Danielle,66
1998,Girl,Dara,5
1998,Girl,Dawn,3
1998,Girl,Dearbhail,10
1998,Girl,Dearbhaile,6
1998,Girl,Dearbhla,23
1998,Girl,Deborah,9
1998,Girl,Deirbhile,6
1998,Girl,Demi,16
1998,Girl,Demi-Lee,5
1998,Girl,Denise,5
1998,Girl,Dervla,10
1998,Girl,Devon,3
1998,Girl,Diane,6
1998,Girl,Donna,3
1998,Girl,Eadaoin,6
1998,Girl,Ebony,4
1998,Girl,Edel,6
1998,Girl,Eden,3
1998,Girl,Eilis,5
1998,Girl,Eimear,75
1998,Girl,Eimer,6
1998,Girl,Eimhear,11
1998,Girl,Elaine,7
1998,Girl,Eleanor,5
1998,Girl,Elena,3
1998,Girl,Elise,3
1998,Girl,Elisha,4
1998,Girl,Elizabeth,27
1998,Girl,Ella,8
1998,Girl,Elle,5
1998,Girl,Ellen,80
1998,Girl,Ellie,13
1998,Girl,Eloise,4
1998,Girl,Emer,27
1998,Girl,Emily,105
1998,Girl,Emma,307
1998,Girl,Enya,4
1998,Girl,Erica,6
1998,Girl,Erin,110
1998,Girl,Erinn,5
1998,Girl,Esther,4
1998,Girl,Eva,23
1998,Girl,Eve,27
1998,Girl,Evie,3
1998,Girl,Faith,5
1998,Girl,Faye,8
1998,Girl,Fiona,22
1998,Girl,Fionnuala,15
1998,Girl,Frances,4
1998,Girl,Francesca,12
1998,Girl,Gabrielle,9
1998,Girl,Gemma,49
1998,Girl,Georgia,37
1998,Girl,Georgina,6
1998,Girl,Geraldine,5
1998,Girl,Geri,3
1998,Girl,Gillian,3
1998,Girl,Grace,53
1998,Girl,Grainne,38
1998,Girl,Haley,3
1998,Girl,Hannah,233
1998,Girl,Hayley,15
1998,Girl,Heather,8
1998,Girl,Heidi,5
1998,Girl,Helen,14
1998,Girl,Helena,6
1998,Girl,Hollie,20
1998,Girl,Holly,62
1998,Girl,Hope,3
1998,Girl,Imogen,5
1998,Girl,India,5
1998,Girl,Iona,5
1998,Girl,Jacqueline,11
1998,Girl,Jade,65
1998,Girl,Jamie,8
1998,Girl,Jamie-Lee,6
1998,Girl,Jane,27
1998,Girl,Jasmin,5
1998,Girl,Jasmine,16
1998,Girl,Jayne,12
1998,Girl,Jemma,16
1998,Girl,Jenna,17
1998,Girl,Jenni,3
1998,Girl,Jennifer,34
1998,Girl,Jenny,17
1998,Girl,Jessica,124
1998,Girl,Jessie,3
1998,Girl,Jill,14
1998,Girl,Joanna,13
1998,Girl,Joanne,9
1998,Girl,Jodie,22
1998,Girl,Jordan,33
1998,Girl,Jordyn,3
1998,Girl,Josephine,6
1998,Girl,Joy,3
1998,Girl,Judith,8
1998,Girl,Julia,7
1998,Girl,Julie,19
1998,Girl,Julie-Ann,3
1998,Girl,Kaitlin,10
1998,Girl,Kaitlyn,8
1998,Girl,Kara,6
1998,Girl,Karen,13
1998,Girl,Karis,4
1998,Girl,Karla,12
1998,Girl,Kate,35
1998,Girl,Katelyn,4
1998,Girl,Katherine,45
1998,Girl,Kathleen,16
1998,Girl,Kathryn,50
1998,Girl,Katie,134
1998,Girl,Katlyn,7
1998,Girl,Katrina,11
1998,Girl,Katy,7
1998,Girl,Kayla,3
1998,Girl,Kayleigh,12
1998,Girl,Kayley,4
1998,Girl,Keeley,3
1998,Girl,Keely,5
1998,Girl,Keeva,6
1998,Girl,Keira,3
1998,Girl,Keisha,3
1998,Girl,Kellie,4
1998,Girl,Kelly,9
1998,Girl,Kelsey,14
1998,Girl,Kendra,3
1998,Girl,Kennedy,3
1998,Girl,Kenzie,3
1998,Girl,Kerri,16
1998,Girl,Kerri-Ann,3
1998,Girl,Kerrie,11
1998,Girl,Kerry,26
1998,Girl,Keziah,3
1998,Girl,Kiera,10
1998,Girl,Kirsten,32
1998,Girl,Kirstie,7
1998,Girl,Kirstin,6
1998,Girl,Kirsty,56
1998,Girl,Kylie,6
1998,Girl,Kyra,4
1998,Girl,Laoise,10
1998,Girl,Lara,8
1998,Girl,Laura,157
1998,Girl,Laureen,3
1998,Girl,Lauren,235
1998,Girl,Lauryn,6
1998,Girl,Leah,76
1998,Girl,Leanne,28
1998,Girl,Leigh,5
1998,Girl,Leona,9
1998,Girl,Leoni,3
1998,Girl,Linda,4
1998,Girl,Lindsey,4
1998,Girl,Lisa,31
1998,Girl,Lisa-Marie,3
1998,Girl,Lois,21
1998,Girl,Lori,3
1998,Girl,Lorna,6
1998,Girl,Lorraine,4
1998,Girl,Louise,50
1998,Girl,Lucia,4
1998,Girl,Lucie,5
1998,Girl,Lucinda,5
1998,Girl,Lucy,113
1998,Girl,Lydia,29
1998,Girl,Lynn,3
1998,Girl,Madison,4
1998,Girl,Maeve,23
1998,Girl,Mairead,11
1998,Girl,Margaret,12
1998,Girl,Maria,37
1998,Girl,Marianne,3
1998,Girl,Marie,8
1998,Girl,Martha,4
1998,Girl,Martina,4
1998,Girl,Martine,3
1998,Girl,Mary,34
1998,Girl,Meabh,23
1998,Girl,Meadbh,3
1998,Girl,Meg,3
1998,Girl,Megan,218
1998,Girl,Meghan,10
1998,Girl,Melanie,4
1998,Girl,Melissa,44
1998,Girl,Mia,6
1998,Girl,Michaela,24
1998,Girl,Michelle,17
1998,Girl,Mikaela,3
1998,Girl,Miriam,4
1998,Girl,Mollie,13
1998,Girl,Molly,54
1998,Girl,Monica,5
1998,Girl,Morgan,30
1998,Girl,Moya,3
1998,Girl,Nadia,10
1998,Girl,Nadine,14
1998,Girl,Naimh,3
1998,Girl,Naoimh,3
1998,Girl,Naoise,4
1998,Girl,Naomh,3
1998,Girl,Naomi,58
1998,Girl,Natalie,27
1998,Girl,Natasha,67
1998,Girl,Neve,6
1998,Girl,Niamh,181
1998,Girl,Nichola,3
1998,Girl,Nichole,3
1998,Girl,Nicola,25
1998,Girl,Nicole,161
1998,Girl,Nikita,18
1998,Girl,Nikki,3
1998,Girl,Nina,5
1998,Girl,Noelle,3
1998,Girl,Nuala,3
1998,Girl,Olivia,64
1998,Girl,Oonagh,5
1998,Girl,Orfhlaith,3
1998,Girl,Orla,63
1998,Girl,Orlagh,19
1998,Girl,Orlaigh,3
1998,Girl,Orlaith,18
1998,Girl,Paige,21
1998,Girl,Patricia,8
1998,Girl,Paula,7
1998,Girl,Phoebe,12
1998,Girl,Poppy,3
1998,Girl,Rachael,63
1998,Girl,Rachel,219
1998,Girl,Raicheal,4
1998,Girl,Reanne,3
1998,Girl,Rebecca,254
1998,Girl,Rebekah,50
1998,Girl,Rebekka,3
1998,Girl,Regan,5
1998,Girl,Rhea,3
1998,Girl,Rhian,3
1998,Girl,Rhianna,9
1998,Girl,Rhianne,4
1998,Girl,Rhiannon,17
1998,Girl,Riona,5
1998,Girl,Robyn,36
1998,Girl,Rochelle,3
1998,Girl,Roise,6
1998,Girl,Roisin,42
1998,Girl,Rose,6
1998,Girl,Rosie,4
1998,Girl,Ruby,4
1998,Girl,Ruth,32
1998,Girl,Sacha,5
1998,Girl,Samantha,37
1998,Girl,Samara,3
1998,Girl,Sandra,3
1998,Girl,Saoirse,4
1998,Girl,Sara,17
1998,Girl,Sarah,228
1998,Girl,Sarah-Jayne,4
1998,Girl,Sasha,8
1998,Girl,Savannah,5
1998,Girl,Seana,10
1998,Girl,Seaneen,4
1998,Girl,Serena,5
1998,Girl,Shaneen,5
1998,Girl,Shania,6
1998,Girl,Shanice,5
1998,Girl,Shannon,228
1998,Girl,Sharon,7
1998,Girl,Shauna,54
1998,Girl,Shauneen,9
1998,Girl,Shelby,8
1998,Girl,Shona,4
1998,Girl,Shonagh,3
1998,Girl,Sian,19
1998,Girl,Simone,7
1998,Girl,Sinead,48
1998,Girl,Siobhan,13
1998,Girl,Siofra,6
1998,Girl,Skye,6
1998,Girl,Sophia,3
1998,Girl,Sophie,157
1998,Girl,Sophie-Louise,3
1998,Girl,Sorcha,23
1998,Girl,Stacey,13
1998,Girl,Stephanie,32
1998,Girl,Summer,4
1998,Girl,Susan,9
1998,Girl,Susannah,3
1998,Girl,Suzannah,3
1998,Girl,Suzanne,5
1998,Girl,Tabitha,3
1998,Girl,Tamara,8
1998,Girl,Tammy,10
1998,Girl,Tammy-Lee,3
1998,Girl,Tara,45
1998,Girl,Taylor,25
1998,Girl,Taylor-Leigh,3
1998,Girl,Tegan,3
1998,Girl,Teresa,6
1998,Girl,Teri,3
1998,Girl,Tessa,3
1998,Girl,Therese,6
1998,Girl,Tia,7
1998,Girl,Tiarna,12
1998,Girl,Tiegan,5
1998,Girl,Tierna,13
1998,Girl,Tiffany,11
1998,Girl,Toni,20
1998,Girl,Tori,8
1998,Girl,Tracey,3
1998,Girl,Una,10
1998,Girl,Ursula,6
1998,Girl,Victoria,72
1998,Girl,Wendy,3
1998,Girl,Whitney,5
1998,Girl,Yasmin,13
1998,Girl,Zara,19
1998,Girl,Zoe,61
1999,Boy,Aaron,199
1999,Boy,Adam,304
1999,Boy,Adrian,9
1999,Boy,Aidan,40
1999,Boy,Aiden,4
1999,Boy,Alan,21
1999,Boy,Alastair,7
1999,Boy,Alex,21
1999,Boy,Alexander,63
1999,Boy,Alistair,4
1999,Boy,Andrew,172
1999,Boy,Andy,3
1999,Boy,Angus,8
1999,Boy,Anthony,33
1999,Boy,Antoin,3
1999,Boy,Anton,5
1999,Boy,Aodhan,19
1999,Boy,Aron,3
1999,Boy,Ashley,8
1999,Boy,Bailey,13
1999,Boy,Bailie,4
1999,Boy,Barry,15
1999,Boy,Ben,101
1999,Boy,Benjamin,93
1999,Boy,Bernard,3
1999,Boy,Billy,4
1999,Boy,Blaine,5
1999,Boy,Blake,9
1999,Boy,Brad,9
1999,Boy,Bradley,29
1999,Boy,Brandon,42
1999,Boy,Breandan,7
1999,Boy,Brendan,31
1999,Boy,Brett,4
1999,Boy,Brian,30
1999,Boy,Brogan,4
1999,Boy,Brooklyn,3
1999,Boy,Bruce,3
1999,Boy,Bryan,4
1999,Boy,Caelan,4
1999,Boy,Cahir,4
1999,Boy,Cai,5
1999,Boy,Cailean,3
1999,Boy,Cain,6
1999,Boy,Caleb,11
1999,Boy,Callan,3
1999,Boy,Callum,116
1999,Boy,Calum,25
1999,Boy,Calvin,22
1999,Boy,Cameron,98
1999,Boy,Caoimhin,12
1999,Boy,Caolan,99
1999,Boy,Caolin,3
1999,Boy,Caomhan,4
1999,Boy,Carl,12
1999,Boy,Carter,8
1999,Boy,Cathair,8
1999,Boy,Cathal,26
1999,Boy,Cathaoir,4
1999,Boy,Charles,18
1999,Boy,Charlie,19
1999,Boy,Che,6
1999,Boy,Christian,15
1999,Boy,Christopher,141
1999,Boy,Cian,7
1999,Boy,Cianan,5
1999,Boy,Ciaran,110
1999,Boy,Cillian,5
1999,Boy,Cody,3
1999,Boy,Colin,12
1999,Boy,Colm,13
1999,Boy,Conaire,4
1999,Boy,Conal,11
1999,Boy,Conall,36
1999,Boy,Conan,12
1999,Boy,Conn,3
1999,Boy,Connaire,3
1999,Boy,Connell,3
1999,Boy,Connlaoth,3
1999,Boy,Connor,74
1999,Boy,Conor,267
1999,Boy,Corey,31
1999,Boy,Corin,3
1999,Boy,Cormac,36
1999,Boy,Cory,9
1999,Boy,Craig,35
1999,Boy,Curtis,62
1999,Boy,Daire,18
1999,Boy,Daithi,4
1999,Boy,Dale,10
1999,Boy,Damian,5
1999,Boy,Damien,14
1999,Boy,Damon,3
1999,Boy,Daniel,213
1999,Boy,Danny,3
1999,Boy,Dara,12
1999,Boy,Daragh,3
1999,Boy,Darragh,26
1999,Boy,Darren,52
1999,Boy,Darryl,8
1999,Boy,Daryl,10
1999,Boy,David,182
1999,Boy,Dawson,3
1999,Boy,Deaglan,4
1999,Boy,Dean,47
1999,Boy,Declan,33
1999,Boy,Dennis,3
1999,Boy,Denver,3
1999,Boy,Dermot,5
1999,Boy,Desmond,4
1999,Boy,Devon,3
1999,Boy,Diarmuid,11
1999,Boy,Dillon,16
1999,Boy,Dion,6
1999,Boy,Domhnall,7
1999,Boy,Dominic,8
1999,Boy,Donal,13
1999,Boy,Douglas,4
1999,Boy,Drew,4
1999,Boy,Dylan,164
1999,Boy,Eamon,15
1999,Boy,Eamonn,14
1999,Boy,Edward,11
1999,Boy,Elijah,3
1999,Boy,Elliott,3
1999,Boy,Emmet,17
1999,Boy,Emmett,10
1999,Boy,Enda,3
1999,Boy,Eoghan,32
1999,Boy,Eoin,95
1999,Boy,Ethan,98
1999,Boy,Euan,9
1999,Boy,Eugene,8
1999,Boy,Evan,9
1999,Boy,Ewan,21
1999,Boy,Fearghal,8
1999,Boy,Fergal,5
1999,Boy,Fergus,7
1999,Boy,Finley,3
1999,Boy,Finn,5
1999,Boy,Fintan,10
1999,Boy,Fionn,4
1999,Boy,Fionntan,3
1999,Boy,Francis,20
1999,Boy,Frazer,3
1999,Boy,Frederick,3
1999,Boy,Gabriel,6
1999,Boy,Gareth,45
1999,Boy,Garth,3
1999,Boy,Gary,27
1999,Boy,Gavin,31
1999,Boy,George,14
1999,Boy,Gerald,5
1999,Boy,Gerard,28
1999,Boy,Glen,4
1999,Boy,Glenn,15
1999,Boy,Gordon,3
1999,Boy,Graham,9
1999,Boy,Grant,3
1999,Boy,Gregor,3
1999,Boy,Gregory,3
1999,Boy,Guy,3
1999,Boy,Harrison,9
1999,Boy,Harry,47
1999,Boy,Henry,15
1999,Boy,Hugh,13
1999,Boy,Ian,17
1999,Boy,Isaac,10
1999,Boy,Jack,345
1999,Boy,Jackie,3
1999,Boy,Jackson,9
1999,Boy,Jacob,28
1999,Boy,Jake,71
1999,Boy,James,352
1999,Boy,Jamie,154
1999,Boy,Jarlath,11
1999,Boy,Jason,70
1999,Boy,Jay,27
1999,Boy,Joe,7
1999,Boy,Joel,41
1999,Boy,John,137
1999,Boy,John-Paul,3
1999,Boy,Johnathan,4
1999,Boy,Jon,4
1999,Boy,Jonah,7
1999,Boy,Jonathan,94
1999,Boy,Jonathon,9
1999,Boy,Jordan,226
1999,Boy,Jordan-Lee,4
1999,Boy,Jordon,10
1999,Boy,Joseph,80
1999,Boy,Josh,33
1999,Boy,Joshua,141
1999,Boy,Jude,10
1999,Boy,Justin,13
1999,Boy,Kai,6
1999,Boy,Kane,9
1999,Boy,Karl,21
1999,Boy,Kealan,4
1999,Boy,Keelan,10
1999,Boy,Keelin,5
1999,Boy,Keenan,4
1999,Boy,Keith,9
1999,Boy,Kel,3
1999,Boy,Kelan,3
1999,Boy,Kelvin,6
1999,Boy,Kenneth,4
1999,Boy,Kevin,49
1999,Boy,Kieran,23
1999,Boy,Killian,3
1999,Boy,Kris,3
1999,Boy,Kristian,3
1999,Boy,Kurtis,8
1999,Boy,Kyle,86
1999,Boy,Lee,49
1999,Boy,Leigh,4
1999,Boy,Leo,4
1999,Boy,Leon,12
1999,Boy,Levi,4
1999,Boy,Lewis,76
1999,Boy,Liam,97
1999,Boy,Lorcan,18
1999,Boy,Louis,14
1999,Boy,Lucas,8
1999,Boy,Luke,126
1999,Boy,Malachy,5
1999,Boy,Manus,4
1999,Boy,Marc,26
1999,Boy,Marcus,14
1999,Boy,Mark,174
1999,Boy,Martin,40
1999,Boy,Martyn,3
1999,Boy,Matthew,410
1999,Boy,Max,9
1999,Boy,Micah,4
1999,Boy,Miceal,3
1999,Boy,Michael,243
1999,Boy,Micheal,16
1999,Boy,Mitchell,5
1999,Boy,Mohammad,4
1999,Boy,Mohammed,3
1999,Boy,Morgan,29
1999,Boy,Myles,3
1999,Boy,Nathan,150
1999,Boy,Nathaniel,4
1999,Boy,Neil,15
1999,Boy,Niall,110
1999,Boy,Nicholas,16
1999,Boy,Nicolas,4
1999,Boy,Nigel,5
1999,Boy,Noah,3
1999,Boy,Noel,9
1999,Boy,Odhran,71
1999,Boy,Oisin,65
1999,Boy,Oliver,25
1999,Boy,Oran,55
1999,Boy,Orrin,3
1999,Boy,Oscar,3
1999,Boy,Owen,74
1999,Boy,Padraig,49
1999,Boy,Patrick,129
1999,Boy,Paul,99
1999,Boy,Pauric,6
1999,Boy,Peadar,9
1999,Boy,Pearce,7
1999,Boy,Pearse,14
1999,Boy,Peter,112
1999,Boy,Phelim,3
1999,Boy,Philip,41
1999,Boy,Phillip,5
1999,Boy,Pierce,7
1999,Boy,Pol,3
1999,Boy,Raymond,5
1999,Boy,Reece,70
1999,Boy,Reese,3
1999,Boy,Regan,5
1999,Boy,Reuben,15
1999,Boy,Rhys,47
1999,Boy,Rian,9
1999,Boy,Richard,36
1999,Boy,Robbie,15
1999,Boy,Robert,73
1999,Boy,Robin,7
1999,Boy,Ronan,101
1999,Boy,Rory,54
1999,Boy,Ross,96
1999,Boy,Rowan,3
1999,Boy,Ruairi,56
1999,Boy,Ryan,358
1999,Boy,Sam,37
1999,Boy,Samuel,84
1999,Boy,Saul,8
1999,Boy,Scott,93
1999,Boy,Seamus,17
1999,Boy,Sean,141
1999,Boy,Sean-Paul,4
1999,Boy,Sebastian,3
1999,Boy,Shane,50
1999,Boy,Shaun,16
1999,Boy,Shay,10
1999,Boy,Shea,45
1999,Boy,Simon,22
1999,Boy,Stefan,9
1999,Boy,Stephen,112
1999,Boy,Steven,33
1999,Boy,Stewart,11
1999,Boy,Stuart,29
1999,Boy,Taylor,17
1999,Boy,Terence,4
1999,Boy,Thomas,173
1999,Boy,Tiarnan,45
1999,Boy,Tiernan,36
1999,Boy,Timothy,30
1999,Boy,Tom,19
1999,Boy,Tomas,12
1999,Boy,Tommy,3
1999,Boy,Tony,8
1999,Boy,Travis,6
1999,Boy,Trevor,5
1999,Boy,Tristan,8
1999,Boy,Troy,10
1999,Boy,Turlough,6
1999,Boy,Tyler,39
1999,Boy,Ultan,3
1999,Boy,Victor,3
1999,Boy,Vincent,5
1999,Boy,Warren,5
1999,Boy,Wayne,4
1999,Boy,William,109
1999,Boy,Zac,3
1999,Boy,Zach,7
1999,Boy,Zachary,9
1999,Boy,Zack,5
1999,Boy,Zak,6
1999,Girl,Abbey,7
1999,Girl,Abbie,32
1999,Girl,Abby,10
1999,Girl,Abigail,26
1999,Girl,Adele,5
1999,Girl,Aideen,6
1999,Girl,Aileen,4
1999,Girl,Aimee,90
1999,Girl,Aine,59
1999,Girl,Aisling,32
1999,Girl,Aislinn,11
1999,Girl,Alana,18
1999,Girl,Alanna,9
1999,Girl,Alannah,14
1999,Girl,Alex,9
1999,Girl,Alexandra,37
1999,Girl,Alice,27
1999,Girl,Alicia,7
1999,Girl,Alisha,16
1999,Girl,Alison,6
1999,Girl,Alix,4
1999,Girl,Alyson,3
1999,Girl,Amanda,3
1999,Girl,Amber,22
1999,Girl,Amelia,3
1999,Girl,Amie,3
1999,Girl,Amy,230
1999,Girl,Amy-Leigh,3
1999,Girl,Ana,3
1999,Girl,Andrea,17
1999,Girl,Angel,4
1999,Girl,Ann,4
1999,Girl,Anna,127
1999,Girl,Anne,4
1999,Girl,Annie,30
1999,Girl,Antonia,6
1999,Girl,Aoibheann,13
1999,Girl,Aoibhin,7
1999,Girl,Aoibhinn,6
1999,Girl,Aoife,131
1999,Girl,April,7
1999,Girl,Ashleigh,14
1999,Girl,Ashley,4
1999,Girl,Beatrice,3
1999,Girl,Bernadette,4
1999,Girl,Beth,39
1999,Girl,Bethan,10
1999,Girl,Bethany,63
1999,Girl,Billie,3
1999,Girl,Billie-Jo,3
1999,Girl,Blaithin,3
1999,Girl,Blanaid,4
1999,Girl,Blathnaid,3
1999,Girl,Bobbi,4
1999,Girl,Bonnie,3
1999,Girl,Brenna,3
1999,Girl,Brianna,4
1999,Girl,Brid,3
1999,Girl,Brigid,5
1999,Girl,Britney,13
1999,Girl,Brittany,9
1999,Girl,Brittney,4
1999,Girl,Brogan,5
1999,Girl,Brona,6
1999,Girl,Bronach,4
1999,Girl,Bronagh,30
1999,Girl,Brooke,25
1999,Girl,Brooklyn,5
1999,Girl,Caitlin,250
1999,Girl,Caitlyn,15
1999,Girl,Caitriona,10
1999,Girl,Cameron,9
1999,Girl,Caoilfhionn,3
1999,Girl,Caoimhe,87
1999,Girl,Cara,49
1999,Girl,Caragh,4
1999,Girl,Carla,16
1999,Girl,Carlie,3
1999,Girl,Carly,8
1999,Girl,Caroline,11
1999,Girl,Carrie,4
1999,Girl,Casey,23
1999,Girl,Catherine,82
1999,Girl,Cathryn,3
1999,Girl,Catriona,10
1999,Girl,Ceara,3
1999,Girl,Celine,5
1999,Girl,Cerys,5
1999,Girl,Chanelle,3
1999,Girl,Chantel,5
1999,Girl,Chantelle,27
1999,Girl,Charlee,3
1999,Girl,Charlene,3
1999,Girl,Charley,5
1999,Girl,Charlotte,50
1999,Girl,Chelsea,41
1999,Girl,Chelsey,5
1999,Girl,Chelsie,6
1999,Girl,Chloe,374
1999,Girl,Christina,20
1999,Girl,Christine,11
1999,Girl,Ciara,104
1999,Girl,Ciarrai,3
1999,Girl,Cieara,3
1999,Girl,Claire,72
1999,Girl,Clara,11
1999,Girl,Clare,27
1999,Girl,Claudia,6
1999,Girl,Cliodhna,34
1999,Girl,Cliona,10
1999,Girl,Clodagh,30
1999,Girl,Colleen,21
1999,Girl,Connie,9
1999,Girl,Cora,26
1999,Girl,Corrina,3
1999,Girl,Courteney,3
1999,Girl,Courtney,138
1999,Girl,Daire,4
1999,Girl,Daisy,5
1999,Girl,Danielle,55
1999,Girl,Danni,3
1999,Girl,Dara,5
1999,Girl,Darcy,5
1999,Girl,Dearbhail,4
1999,Girl,Dearbhla,18
1999,Girl,Debbie,4
1999,Girl,Deborah,10
1999,Girl,Deirbhile,5
1999,Girl,Demi,19
1999,Girl,Dervla,9
1999,Girl,Dionne,3
1999,Girl,Donna,5
1999,Girl,Eadaoin,6
1999,Girl,Edel,6
1999,Girl,Eden,15
1999,Girl,Eileen,3
1999,Girl,Eilis,11
1999,Girl,Eimear,53
1999,Girl,Eimer,4
1999,Girl,Eimhear,3
1999,Girl,Eireann,6
1999,Girl,Eleanor,7
1999,Girl,Elisha,8
1999,Girl,Elizabeth,34
1999,Girl,Ella,17
1999,Girl,Elle,3
1999,Girl,Ellen,92
1999,Girl,Ellie,25
1999,Girl,Eloise,4
1999,Girl,Emer,14
1999,Girl,Emily,128
1999,Girl,Emma,255
1999,Girl,Enya,8
1999,Girl,Erin,88
1999,Girl,Erinn,4
1999,Girl,Eva,15
1999,Girl,Eve,33
1999,Girl,Faith,6
1999,Girl,Faye,6
1999,Girl,Fiona,24
1999,Girl,Fionnuala,10
1999,Girl,Florence,3
1999,Girl,Frances,6
1999,Girl,Francesca,6
1999,Girl,Gabriella,3
1999,Girl,Gabrielle,7
1999,Girl,Gemma,33
1999,Girl,Georgia,53
1999,Girl,Georgina,7
1999,Girl,Gillian,3
1999,Girl,Grace,48
1999,Girl,Grainne,18
1999,Girl,Hanna,5
1999,Girl,Hannah,202
1999,Girl,Harriet,4
1999,Girl,Hayley,8
1999,Girl,Heather,8
1999,Girl,Helen,15
1999,Girl,Helena,3
1999,Girl,Hollie,23
1999,Girl,Holly,56
1999,Girl,Hope,5
1999,Girl,Imogen,9
1999,Girl,India,9
1999,Girl,Iona,4
1999,Girl,Isabella,4
1999,Girl,Isobel,4
1999,Girl,Jacqueline,5
1999,Girl,Jade,60
1999,Girl,Jamie,8
1999,Girl,Jamie-Lee,7
1999,Girl,Jana,4
1999,Girl,Jane,19
1999,Girl,Janet,3
1999,Girl,Jasmin,10
1999,Girl,Jasmine,16
1999,Girl,Jayne,6
1999,Girl,Jemma,12
1999,Girl,Jenna,15
1999,Girl,Jenni,3
1999,Girl,Jennifer,26
1999,Girl,Jenny,17
1999,Girl,Jessica,109
1999,Girl,Jill,9
1999,Girl,Jillian,3
1999,Girl,Joanna,12
1999,Girl,Joanne,8
1999,Girl,Jodi,8
1999,Girl,Jodie,32
1999,Girl,Johanna,4
1999,Girl,Jolene,3
1999,Girl,Jordan,26
1999,Girl,Jordyn,4
1999,Girl,Joy,4
1999,Girl,Judith,4
1999,Girl,Julia,3
1999,Girl,Julie,5
1999,Girl,Justine,8
1999,Girl,Kaitlin,11
1999,Girl,Kaitlyn,9
1999,Girl,Kara,5
1999,Girl,Karen,7
1999,Girl,Karis,3
1999,Girl,Karla,4
1999,Girl,Kate,20
1999,Girl,Katelin,4
1999,Girl,Katelyn,16
1999,Girl,Katherine,25
1999,Girl,Kathleen,13
1999,Girl,Kathryn,37
1999,Girl,Katie,145
1999,Girl,Katlyn,5
1999,Girl,Katy,14
1999,Girl,Kayla,4
1999,Girl,Kaylee,3
1999,Girl,Kayleigh,7
1999,Girl,Keely,4
1999,Girl,Keeva,6
1999,Girl,Kellie,10
1999,Girl,Kelly,12
1999,Girl,Kelsey,11
1999,Girl,Kerri,20
1999,Girl,Kerrie,9
1999,Girl,Kerry,23
1999,Girl,Kiah,3
1999,Girl,Kiera,5
1999,Girl,Kim,5
1999,Girl,Kimberley,5
1999,Girl,Kimberly,3
1999,Girl,Kirsten,15
1999,Girl,Kirstie,6
1999,Girl,Kirsty,70
1999,Girl,Kristen,3
1999,Girl,Kristin,3
1999,Girl,Kristina,3
1999,Girl,Lana,5
1999,Girl,Lara,13
1999,Girl,Larissa,3
1999,Girl,Laura,121
1999,Girl,Lauren,227
1999,Girl,Laurie,4
1999,Girl,Lauryn,35
1999,Girl,Leah,77
1999,Girl,Leanne,17
1999,Girl,Lee,3
1999,Girl,Leia,3
1999,Girl,Leigh,3
1999,Girl,Leona,11
1999,Girl,Leonie,3
1999,Girl,Lesley,5
1999,Girl,Liberty,3
1999,Girl,Lily,3
1999,Girl,Linzi,3
1999,Girl,Lisa,20
1999,Girl,Lisa-Marie,3
1999,Girl,Lois,14
1999,Girl,Lorna,5
1999,Girl,Louise,31
1999,Girl,Lucia,4
1999,Girl,Lucinda,3
1999,Girl,Lucy,88
1999,Girl,Lydia,24
1999,Girl,Lyndsey,3
1999,Girl,Lynsey,6
1999,Girl,Madeleine,4
1999,Girl,Madison,3
1999,Girl,Maebh,3
1999,Girl,Maeve,35
1999,Girl,Maia,4
1999,Girl,Mairead,13
1999,Girl,Margaret,12
1999,Girl,Maria,46
1999,Girl,Marianne,3
1999,Girl,Martina,4
1999,Girl,Mary,30
1999,Girl,Maya,6
1999,Girl,Meabh,19
1999,Girl,Meadhbh,3
1999,Girl,Meaghan,6
1999,Girl,Megan,239
1999,Girl,Meghan,17
1999,Girl,Melanie,8
1999,Girl,Melissa,27
1999,Girl,Mia,5
1999,Girl,Michaela,20
1999,Girl,Michelle,16
1999,Girl,Mirren,3
1999,Girl,Mollie,16
1999,Girl,Molly,50
1999,Girl,Monique,3
1999,Girl,Morgan,49
1999,Girl,Moya,4
1999,Girl,Nadia,16
1999,Girl,Nadine,13
1999,Girl,Naoise,6
1999,Girl,Naomh,3
1999,Girl,Naomi,50
1999,Girl,Natalie,23
1999,Girl,Natalya,4
1999,Girl,Natasha,46
1999,Girl,Neve,8
1999,Girl,Niamh,220
1999,Girl,Nichola,3
1999,Girl,Nicola,15
1999,Girl,Nicole,120
1999,Girl,Nikita,22
1999,Girl,Nikki,4
1999,Girl,Nina,6
1999,Girl,Nuala,10
1999,Girl,Olivia,99
1999,Girl,Oonagh,9
1999,Girl,Orla,58
1999,Girl,Orlagh,19
1999,Girl,Orlaith,18
1999,Girl,Paige,20
1999,Girl,Paula,9
1999,Girl,Philippa,3
1999,Girl,Phoebe,9
1999,Girl,Rachael,63
1999,Girl,Rachel,205
1999,Girl,Rebecca,268
1999,Girl,Rebekah,59
1999,Girl,Rhian,3
1999,Girl,Rhianna,13
1999,Girl,Rhiannon,23
1999,Girl,Riona,5
1999,Girl,Rionach,3
1999,Girl,Roberta,3
1999,Girl,Robyn,28
1999,Girl,Roisin,32
1999,Girl,Rose,9
1999,Girl,Rosemary,4
1999,Girl,Rosie,4
1999,Girl,Ruby,5
1999,Girl,Ruth,17
1999,Girl,Sacha,4
1999,Girl,Saffron,5
1999,Girl,Sally,4
1999,Girl,Samantha,32
1999,Girl,Saoirse,15
1999,Girl,Sara,25
1999,Girl,Sarah,218
1999,Girl,Sarah-Jane,4
1999,Girl,Sarah-Louise,4
1999,Girl,Sasha,23
1999,Girl,Saskia,8
1999,Girl,Savannah,6
1999,Girl,Seana,9
1999,Girl,Seanin,3
1999,Girl,Seanna,6
1999,Girl,Serena,7
1999,Girl,Shakira,3
1999,Girl,Shania,24
1999,Girl,Shanice,3
1999,Girl,Shannon,150
1999,Girl,Sharon,6
1999,Girl,Shauna,35
1999,Girl,Shelby,8
1999,Girl,Shelley,3
1999,Girl,Shona,11
1999,Girl,Shonagh,4
1999,Girl,Sian,15
1999,Girl,Simone,4
1999,Girl,Sinead,24
1999,Girl,Siobhan,10
1999,Girl,Siofra,4
1999,Girl,Skye,6
1999,Girl,Sophia,6
1999,Girl,Sophie,138
1999,Girl,Sorcha,10
1999,Girl,Stacey,10
1999,Girl,Stephanie,29
1999,Girl,Summer,6
1999,Girl,Susan,6
1999,Girl,Susanna,6
1999,Girl,Suzanne,7
1999,Girl,Tamara,3
1999,Girl,Tammy,4
1999,Girl,Tanya,6
1999,Girl,Tara,34
1999,Girl,Taylor,24
1999,Girl,Teresa,5
1999,Girl,Teri,4
1999,Girl,Terri,5
1999,Girl,Tia,8
1999,Girl,Tiarna,8
1999,Girl,Tiegan,6
1999,Girl,Tierna,7
1999,Girl,Tiffany,8
1999,Girl,Toni,18
1999,Girl,Tori,13
1999,Girl,Tyler,3
1999,Girl,Una,7
1999,Girl,Ursula,4
1999,Girl,Victoria,91
1999,Girl,Yasmin,10
1999,Girl,Yazmin,3
1999,Girl,Zara,44
1999,Girl,Zoe,59
2000,Boy,Aaron,184
2000,Boy,Adam,276
2000,Boy,Adrian,8
2000,Boy,Ahmed,3
2000,Boy,Aidan,48
2000,Boy,Aiden,3
2000,Boy,Alan,13
2000,Boy,Alex,26
2000,Boy,Alexander,44
2000,Boy,Alfie,3
2000,Boy,Ali,3
2000,Boy,Alistair,3
2000,Boy,Andrew,151
2000,Boy,Angus,6
2000,Boy,Anthony,34
2000,Boy,Anton,7
2000,Boy,Aodhan,20
2000,Boy,Aran,3
2000,Boy,Arran,3
2000,Boy,Ashley,4
2000,Boy,Bailey,13
2000,Boy,Bailie,5
2000,Boy,Barry,12
2000,Boy,Ben,136
2000,Boy,Benjamin,80
2000,Boy,Billy,4
2000,Boy,Blake,5
2000,Boy,Brad,4
2000,Boy,Bradley,29
2000,Boy,Brandon,51
2000,Boy,Brendan,31
2000,Boy,Brent,4
2000,Boy,Brett,6
2000,Boy,Brian,30
2000,Boy,Brogan,3
2000,Boy,Brooklyn,7
2000,Boy,Bryan,7
2000,Boy,Byron,3
2000,Boy,Caelan,10
2000,Boy,Cahal,6
2000,Boy,Cahir,9
2000,Boy,Cailum,3
2000,Boy,Cain,8
2000,Boy,Cal,4
2000,Boy,Caleb,15
2000,Boy,Callum,117
2000,Boy,Calum,23
2000,Boy,Calvin,10
2000,Boy,Cameron,97
2000,Boy,Caoimhin,23
2000,Boy,Caolan,67
2000,Boy,Caomhan,4
2000,Boy,Carl,12
2000,Boy,Carson,4
2000,Boy,Carter,7
2000,Boy,Casey,5
2000,Boy,Cathair,3
2000,Boy,Cathal,29
2000,Boy,Cathaoir,4
2000,Boy,Charles,38
2000,Boy,Charley,3
2000,Boy,Charlie,17
2000,Boy,Che,4
2000,Boy,Christian,9
2000,Boy,Christopher,149
2000,Boy,Cian,20
2000,Boy,Ciaran,102
2000,Boy,Ciarnan,3
2000,Boy,Cillian,7
2000,Boy,Cody,6
2000,Boy,Cole,9
2000,Boy,Colin,9
2000,Boy,Colm,14
2000,Boy,Conal,20
2000,Boy,Conall,30
2000,Boy,Conan,16
2000,Boy,Conleth,6
2000,Boy,Connor,62
2000,Boy,Conor,206
2000,Boy,Corey,32
2000,Boy,Cormac,45
2000,Boy,Corrie,3
2000,Boy,Cory,6
2000,Boy,Craig,37
2000,Boy,Curtis,45
2000,Boy,Daire,25
2000,Boy,Dale,7
2000,Boy,Damian,3
2000,Boy,Damien,5
2000,Boy,Dane,4
2000,Boy,Daniel,184
2000,Boy,Danny,9
2000,Boy,Dara,8
2000,Boy,Daragh,6
2000,Boy,Darragh,41
2000,Boy,Darren,39
2000,Boy,Darryl,9
2000,Boy,Daryl,4
2000,Boy,David,157
2000,Boy,Dawson,6
2000,Boy,Deaglan,5
2000,Boy,Dean,41
2000,Boy,Declan,36
2000,Boy,Denis,3
2000,Boy,Dermot,9
2000,Boy,Devon,3
2000,Boy,Diarmuid,11
2000,Boy,Dillon,9
2000,Boy,Dion,7
2000,Boy,Domhnall,3
2000,Boy,Dominic,6
2000,Boy,Donal,10
2000,Boy,Drew,6
2000,Boy,Dylan,169
2000,Boy,Eamon,15
2000,Boy,Eamonn,10
2000,Boy,Edward,15
2000,Boy,Elliot,4
2000,Boy,Elliott,5
2000,Boy,Ellis,4
2000,Boy,Emmet,10
2000,Boy,Emmett,12
2000,Boy,Enda,10
2000,Boy,Eoghan,34
2000,Boy,Eoin,92
2000,Boy,Ethan,147
2000,Boy,Euan,10
2000,Boy,Eugene,7
2000,Boy,Eunan,11
2000,Boy,Evan,11
2000,Boy,Ewan,20
2000,Boy,Fearghal,4
2000,Boy,Fergal,5
2000,Boy,Fergus,4
2000,Boy,Fiachra,3
2000,Boy,Finn,8
2000,Boy,Fintan,10
2000,Boy,Fionn,8
2000,Boy,Fionntan,3
2000,Boy,Francis,9
2000,Boy,Frazer,4
2000,Boy,Gabriel,3
2000,Boy,Gareth,24
2000,Boy,Gary,24
2000,Boy,Gavin,17
2000,Boy,George,16
2000,Boy,Gerald,3
2000,Boy,Gerard,22
2000,Boy,Glen,7
2000,Boy,Glenn,16
2000,Boy,Graeme,3
2000,Boy,Graham,5
2000,Boy,Greg,3
2000,Boy,Gregory,6
2000,Boy,Harrison,3
2000,Boy,Harry,80
2000,Boy,Harvey,3
2000,Boy,Hassan,3
2000,Boy,Henry,16
2000,Boy,Hugh,8
2000,Boy,Hugo,3
2000,Boy,Ian,10
2000,Boy,Isaac,14
2000,Boy,Jack,338
2000,Boy,Jackson,5
2000,Boy,Jacob,40
2000,Boy,Jai,3
2000,Boy,Jake,91
2000,Boy,James,294
2000,Boy,Jamie,148
2000,Boy,Jamie-Lee,3
2000,Boy,Jarlath,4
2000,Boy,Jason,56
2000,Boy,Jay,24
2000,Boy,Jayden,3
2000,Boy,Jenson,3
2000,Boy,Joe,4
2000,Boy,Joel,50
2000,Boy,John,117
2000,Boy,John-Paul,3
2000,Boy,Johnathan,6
2000,Boy,Johnny,3
2000,Boy,Jon,4
2000,Boy,Jonah,7
2000,Boy,Jonathan,88
2000,Boy,Jonathon,8
2000,Boy,Jordan,192
2000,Boy,Jordon,4
2000,Boy,Joseph,83
2000,Boy,Josh,28
2000,Boy,Joshua,157
2000,Boy,Josiah,4
2000,Boy,Jude,22
2000,Boy,Justin,12
2000,Boy,Kai,8
2000,Boy,Kane,10
2000,Boy,Karl,13
2000,Boy,Kealan,3
2000,Boy,Keaton,3
2000,Boy,Keelan,11
2000,Boy,Keelin,3
2000,Boy,Keith,7
2000,Boy,Kenneth,3
2000,Boy,Kevin,37
2000,Boy,Kian,6
2000,Boy,Kieran,14
2000,Boy,Kieron,3
2000,Boy,Killian,5
2000,Boy,Kirk,6
2000,Boy,Kristian,3
2000,Boy,Kurtis,10
2000,Boy,Kyle,68
2000,Boy,Lawrence,3
2000,Boy,Lee,46
2000,Boy,Leigh,4
2000,Boy,Lennon,4
2000,Boy,Leo,7
2000,Boy,Leon,20
2000,Boy,Levi,5
2000,Boy,Lewis,80
2000,Boy,Liam,60
2000,Boy,Lorcan,15
2000,Boy,Louis,20
2000,Boy,Luca,3
2000,Boy,Lucas,9
2000,Boy,Luke,119
2000,Boy,Macauley,6
2000,Boy,Manus,4
2000,Boy,Marc,28
2000,Boy,Marcus,19
2000,Boy,Mark,133
2000,Boy,Martin,38
2000,Boy,Mason,5
2000,Boy,Mathew,5
2000,Boy,Matthew,345
2000,Boy,Max,22
2000,Boy,Maximilian,3
2000,Boy,Miceal,3
2000,Boy,Michael,169
2000,Boy,Micheal,22
2000,Boy,Mitchell,6
2000,Boy,Morgan,25
2000,Boy,Myles,5
2000,Boy,Nathan,152
2000,Boy,Nathanael,3
2000,Boy,Nathaniel,4
2000,Boy,Neil,9
2000,Boy,Nial,3
2000,Boy,Niall,79
2000,Boy,Nicholas,23
2000,Boy,Nigel,3
2000,Boy,Noah,3
2000,Boy,Noel,6
2000,Boy,Odhran,54
2000,Boy,Oisin,89
2000,Boy,Oliver,26
2000,Boy,Oran,65
2000,Boy,Orin,4
2000,Boy,Oscar,4
2000,Boy,Owen,54
2000,Boy,Padraig,37
2000,Boy,Paraic,3
2000,Boy,Patrick,129
2000,Boy,Paul,77
2000,Boy,Pauric,4
2000,Boy,Peadar,5
2000,Boy,Pearce,5
2000,Boy,Pearse,22
2000,Boy,Peter,81
2000,Boy,Phelim,4
2000,Boy,Philip,33
2000,Boy,Phillip,7
2000,Boy,Piaras,4
2000,Boy,Pierce,8
2000,Boy,Pol,7
2000,Boy,Raymond,8
2000,Boy,Reece,63
2000,Boy,Regan,4
2000,Boy,Reuben,5
2000,Boy,Rhys,53
2000,Boy,Rian,10
2000,Boy,Richard,17
2000,Boy,Robbie,19
2000,Boy,Robert,74
2000,Boy,Ronan,81
2000,Boy,Rory,46
2000,Boy,Ross,78
2000,Boy,Rowan,3
2000,Boy,Ruairi,58
2000,Boy,Ruari,3
2000,Boy,Ryan,315
2000,Boy,Sam,25
2000,Boy,Samuel,82
2000,Boy,Saul,3
2000,Boy,Scott,69
2000,Boy,Seamus,12
2000,Boy,Sean,136
2000,Boy,Seth,3
2000,Boy,Shane,59
2000,Boy,Shaun,7
2000,Boy,Shay,13
2000,Boy,Shea,44
2000,Boy,Simon,26
2000,Boy,Stefan,8
2000,Boy,Stephen,78
2000,Boy,Steven,35
2000,Boy,Stewart,7
2000,Boy,Stuart,32
2000,Boy,Taylor,20
2000,Boy,Terence,4
2000,Boy,Terry,3
2000,Boy,Thomas,163
2000,Boy,Tiarnan,46
2000,Boy,Tiernan,40
2000,Boy,Timothy,38
2000,Boy,Todd,3
2000,Boy,Tom,21
2000,Boy,Tomas,11
2000,Boy,Tommy,6
2000,Boy,Tony,5
2000,Boy,Travis,12
2000,Boy,Trevor,3
2000,Boy,Tristan,8
2000,Boy,Troy,8
2000,Boy,Tyler,46
2000,Boy,Warren,5
2000,Boy,Will,3
2000,Boy,William,104
2000,Boy,Zac,5
2000,Boy,Zach,10
2000,Boy,Zachary,7
2000,Boy,Zack,4
2000,Boy,Zak,12
2000,Girl,Abbey,3
2000,Girl,Abbie,37
2000,Girl,Abby,11
2000,Girl,Abigail,36
2000,Girl,Adele,5
2000,Girl,Aideen,3
2000,Girl,Aileen,3
2000,Girl,Aimee,90
2000,Girl,Aimie,4
2000,Girl,Aine,71
2000,Girl,Aisha,4
2000,Girl,Aishling,3
2000,Girl,Aisling,20
2000,Girl,Aislinn,10
2000,Girl,Alana,20
2000,Girl,Alanna,13
2000,Girl,Alannah,14
2000,Girl,Alex,17
2000,Girl,Alexandra,33
2000,Girl,Alexandria,5
2000,Girl,Alice,28
2000,Girl,Alicia,16
2000,Girl,Alisha,16
2000,Girl,Alison,6
2000,Girl,Alix,5
2000,Girl,Amanda,4
2000,Girl,Amber,20
2000,Girl,Amelia,6
2000,Girl,Amie,8
2000,Girl,Amy,213
2000,Girl,Amy-Louise,4
2000,Girl,Andrea,14
2000,Girl,Angel,6
2000,Girl,Angela,5
2000,Girl,Ann-Marie,5
2000,Girl,Anna,160
2000,Girl,Annabelle,3
2000,Girl,Anne-Marie,4
2000,Girl,Annie,12
2000,Girl,Antonia,7
2000,Girl,Aobh,3
2000,Girl,Aoibh,5
2000,Girl,Aoibheann,16
2000,Girl,Aoibhin,8
2000,Girl,Aoibhinn,4
2000,Girl,Aoife,113
2000,Girl,April,4
2000,Girl,Arianna,3
2000,Girl,Ashleigh,10
2000,Girl,Ashley,4
2000,Girl,Ashton,3
2000,Girl,Atlanta,4
2000,Girl,Aveen,4
2000,Girl,Bailey,3
2000,Girl,Becky,6
2000,Girl,Beth,54
2000,Girl,Bethan,9
2000,Girl,Bethany,64
2000,Girl,Billie,5
2000,Girl,Blaithin,5
2000,Girl,Blathnaid,5
2000,Girl,Bobbi,3
2000,Girl,Brenda,3
2000,Girl,Brenna,3
2000,Girl,Brianna,5
2000,Girl,Bridget,3
2000,Girl,Brigid,5
2000,Girl,Britney,18
2000,Girl,Brittany,6
2000,Girl,Broghan,3
2000,Girl,Bronagh,30
2000,Girl,Bronwyn,4
2000,Girl,Brooke,25
2000,Girl,Brooklyn,6
2000,Girl,Caelainn,4
2000,Girl,Cailin,3
2000,Girl,Caiomhe,3
2000,Girl,Caithlin,3
2000,Girl,Caitlin,228
2000,Girl,Caitlyn,17
2000,Girl,Caitriona,3
2000,Girl,Callie,3
2000,Girl,Caoilainn,3
2000,Girl,Caoimhe,76
2000,Girl,Caoimhlin,3
2000,Girl,Cara,50
2000,Girl,Caragh,7
2000,Girl,Carla,19
2000,Girl,Carly,10
2000,Girl,Carmen,3
2000,Girl,Caroline,9
2000,Girl,Carrie,4
2000,Girl,Casey,19
2000,Girl,Catherine,67
2000,Girl,Cathy,5
2000,Girl,Catriona,9
2000,Girl,Celine,3
2000,Girl,Cerys,8
2000,Girl,Chantelle,14
2000,Girl,Charis,6
2000,Girl,Charlene,4
2000,Girl,Charley,4
2000,Girl,Charlie,4
2000,Girl,Charlotte,56
2000,Girl,Chelsea,37
2000,Girl,Chelsea-Lee,3
2000,Girl,Cheyenne,3
2000,Girl,Chloe,287
2000,Girl,Christina,10
2000,Girl,Christine,6
2000,Girl,Ciara,83
2000,Girl,Claire,49
2000,Girl,Clara,14
2000,Girl,Clare,28
2000,Girl,Claudia,7
2000,Girl,Claudine,3
2000,Girl,Cliodhna,43
2000,Girl,Cliona,15
2000,Girl,Clodagh,38
2000,Girl,Codie,7
2000,Girl,Cody,4
2000,Girl,Colleen,13
2000,Girl,Connie,5
2000,Girl,Cora,24
2000,Girl,Corrie,3
2000,Girl,Courteney,5
2000,Girl,Courtney,114
2000,Girl,Daisy,7
2000,Girl,Danielle,31
2000,Girl,Dara,6
2000,Girl,Darcey,4
2000,Girl,Darcy,7
2000,Girl,Darragh,3
2000,Girl,Davina,3
2000,Girl,Dayna,3
2000,Girl,Dearbhail,6
2000,Girl,Dearbhla,14
2000,Girl,Deborah,4
2000,Girl,Deirbhile,4
2000,Girl,Demi,14
2000,Girl,Demi-Lee,5
2000,Girl,Demi-Leigh,6
2000,Girl,Dervla,5
2000,Girl,Ebony,5
2000,Girl,Edel,3
2000,Girl,Eden,7
2000,Girl,Eileen,3
2000,Girl,Eilis,7
2000,Girl,Eimear,63
2000,Girl,Eimer,5
2000,Girl,Eimhear,8
2000,Girl,Eireann,7
2000,Girl,Eirinn,8
2000,Girl,Eleanor,4
2000,Girl,Elena,3
2000,Girl,Elise,6
2000,Girl,Elisha,7
2000,Girl,Elizabeth,31
2000,Girl,Ella,23
2000,Girl,Elle,8
2000,Girl,Ellen,107
2000,Girl,Ellie,47
2000,Girl,Eloise,4
2000,Girl,Emer,16
2000,Girl,Emilia,3
2000,Girl,Emily,76
2000,Girl,Emma,242
2000,Girl,Emma-Jayne,3
2000,Girl,Emma-Louise,4
2000,Girl,Enya,4
2000,Girl,Erica,3
2000,Girl,Erin,105
2000,Girl,Eryn,3
2000,Girl,Esther,3
2000,Girl,Eva,21
2000,Girl,Eve,29
2000,Girl,Evie,5
2000,Girl,Faith,7
2000,Girl,Faye,8
2000,Girl,Fianna,3
2000,Girl,Finlay,3
2000,Girl,Fiona,17
2000,Girl,Fionnuala,9
2000,Girl,Frances,4
2000,Girl,Francesca,7
2000,Girl,Gabrielle,6
2000,Girl,Gemma,26
2000,Girl,Georgia,51
2000,Girl,Georgina,3
2000,Girl,Geraldine,3
2000,Girl,Gillian,4
2000,Girl,Gina,4
2000,Girl,Grace,66
2000,Girl,Grainne,21
2000,Girl,Hana,3
2000,Girl,Hanna,4
2000,Girl,Hannah,204
2000,Girl,Heather,8
2000,Girl,Heidi,7
2000,Girl,Helen,12
2000,Girl,Helena,5
2000,Girl,Hollie,19
2000,Girl,Holly,64
2000,Girl,Hope,4
2000,Girl,Imogen,4
2000,Girl,India,8
2000,Girl,Iona,6
2000,Girl,Isabella,7
2000,Girl,Jacqueline,5
2000,Girl,Jade,47
2000,Girl,Jamie,11
2000,Girl,Jamie-Lee,5
2000,Girl,Jane,25
2000,Girl,Jasmin,3
2000,Girl,Jasmine,18
2000,Girl,Jayne,8
2000,Girl,Jazmin,3
2000,Girl,Jemma,15
2000,Girl,Jenna,19
2000,Girl,Jennifer,25
2000,Girl,Jenny,17
2000,Girl,Jessica,121
2000,Girl,Jill,12
2000,Girl,Joanna,18
2000,Girl,Joanne,13
2000,Girl,Jodi,4
2000,Girl,Jodie,31
2000,Girl,Jordan,20
2000,Girl,Jordyn,4
2000,Girl,Josephine,4
2000,Girl,Jude,4
2000,Girl,Judith,4
2000,Girl,Julia,6
2000,Girl,Julie,6
2000,Girl,Julie-Anne,4
2000,Girl,Justine,3
2000,Girl,Kaitlin,9
2000,Girl,Kaitlyn,13
2000,Girl,Kara,10
2000,Girl,Karen,9
2000,Girl,Karla,4
2000,Girl,Kate,25
2000,Girl,Katelyn,21
2000,Girl,Katharine,4
2000,Girl,Katherine,17
2000,Girl,Kathleen,13
2000,Girl,Kathryn,42
2000,Girl,Katie,149
2000,Girl,Katrina,6
2000,Girl,Katy,7
2000,Girl,Kayla,4
2000,Girl,Kayleigh,10
2000,Girl,Keeley,3
2000,Girl,Keeva,4
2000,Girl,Kellie,4
2000,Girl,Kelly,3
2000,Girl,Kelsey,16
2000,Girl,Kelsie,3
2000,Girl,Keri,5
2000,Girl,Kerri,10
2000,Girl,Kerrie,8
2000,Girl,Kerry,18
2000,Girl,Kiera,8
2000,Girl,Kim,5
2000,Girl,Kimberley,3
2000,Girl,Kirsten,13
2000,Girl,Kirstie,5
2000,Girl,Kirsty,42
2000,Girl,Klara,3
2000,Girl,Kristen,3
2000,Girl,Kyla,4
2000,Girl,Kyra,3
2000,Girl,Laoise,7
2000,Girl,Lara,12
2000,Girl,Laura,104
2000,Girl,Lauren,216
2000,Girl,Lauryn,26
2000,Girl,Leah,118
2000,Girl,Leanna,4
2000,Girl,Leanne,11
2000,Girl,Leia,3
2000,Girl,Leigh,7
2000,Girl,Leigha,3
2000,Girl,Leila,3
2000,Girl,Leona,9
2000,Girl,Levi,4
2000,Girl,Lily,4
2000,Girl,Linzi,4
2000,Girl,Lisa,23
2000,Girl,Lois,7
2000,Girl,Lorna,6
2000,Girl,Louise,29
2000,Girl,Lucia,4
2000,Girl,Lucie,5
2000,Girl,Lucy,105
2000,Girl,Lydia,22
2000,Girl,Lyndsey,4
2000,Girl,Lynsey,3
2000,Girl,Madison,5
2000,Girl,Maebh,5
2000,Girl,Maeve,29
2000,Girl,Maia,7
2000,Girl,Mairead,5
2000,Girl,Margaret,17
2000,Girl,Maria,30
2000,Girl,Martha,4
2000,Girl,Mary,20
2000,Girl,Meabh,16
2000,Girl,Meadhbh,3
2000,Girl,Meg,4
2000,Girl,Megan,227
2000,Girl,Meghan,3
2000,Girl,Melanie,6
2000,Girl,Melissa,22
2000,Girl,Mia,18
2000,Girl,Michaela,17
2000,Girl,Michelle,18
2000,Girl,Miriam,6
2000,Girl,Mollie,21
2000,Girl,Molly,47
2000,Girl,Monica,3
2000,Girl,Morgan,46
2000,Girl,Nadia,11
2000,Girl,Nadine,12
2000,Girl,Naoimh,3
2000,Girl,Naoise,5
2000,Girl,Naomi,56
2000,Girl,Natalie,23
2000,Girl,Natasha,42
2000,Girl,Neve,3
2000,Girl,Niamh,215
2000,Girl,Nichola,6
2000,Girl,Nicola,21
2000,Girl,Nicole,109
2000,Girl,Nikita,18
2000,Girl,Nikki,3
2000,Girl,Nina,3
2000,Girl,Nuala,3
2000,Girl,Olivia,62
2000,Girl,Oonagh,7
2000,Girl,Orfhlaith,3
2000,Girl,Orla,64
2000,Girl,Orlagh,22
2000,Girl,Orlaith,21
2000,Girl,Paige,19
2000,Girl,Patrice,5
2000,Girl,Patricia,4
2000,Girl,Paula,6
2000,Girl,Philippa,5
2000,Girl,Phoebe,10
2000,Girl,Poppy,4
2000,Girl,Rachael,47
2000,Girl,Rachel,198
2000,Girl,Rachelle,3
2000,Girl,Rebecca,226
2000,Girl,Rebekah,54
2000,Girl,Regan,6
2000,Girl,Rhea,3
2000,Girl,Rheanna,3
2000,Girl,Rhianna,10
2000,Girl,Rhiannon,27
2000,Girl,Ria,5
2000,Girl,Rioghnach,3
2000,Girl,Riona,7
2000,Girl,Robyn,33
2000,Girl,Roise,8
2000,Girl,Roisin,25
2000,Girl,Roma,3
2000,Girl,Rose,8
2000,Girl,Rosemary,4
2000,Girl,Rosie,6
2000,Girl,Ruby,6
2000,Girl,Ruth,20
2000,Girl,Saffron,3
2000,Girl,Samantha,38
2000,Girl,Saoirse,10
2000,Girl,Sara,13
2000,Girl,Sarah,208
2000,Girl,Sarah-Louise,3
2000,Girl,Sasha,18
2000,Girl,Saskia,4
2000,Girl,Savannah,3
2000,Girl,Scarlett,3
2000,Girl,Seana,9
2000,Girl,Serena,4
2000,Girl,Shania,28
2000,Girl,Shanice,5
2000,Girl,Shannen,4
2000,Girl,Shannon,141
2000,Girl,Shantelle,3
2000,Girl,Shauna,41
2000,Girl,Shauneen,3
2000,Girl,Shelley,4
2000,Girl,Shona,12
2000,Girl,Shonagh,4
2000,Girl,Sian,21
2000,Girl,Sinead,30
2000,Girl,Siobhan,3
2000,Girl,Siofra,4
2000,Girl,Sofie,3
2000,Girl,Sommer,3
2000,Girl,Sophia,4
2000,Girl,Sophie,139
2000,Girl,Sorcha,17
2000,Girl,Stacey,7
2000,Girl,Stephanie,14
2000,Girl,Summer,3
2000,Girl,Susan,4
2000,Girl,Susanne,4
2000,Girl,Suzanne,4
2000,Girl,Tamara,6
2000,Girl,Tammy,4
2000,Girl,Tamzin,4
2000,Girl,Tanisha,4
2000,Girl,Tanya,3
2000,Girl,Tara,49
2000,Girl,Taylor,21
2000,Girl,Tea,3
2000,Girl,Tegan,9
2000,Girl,Teresa,6
2000,Girl,Tess,3
2000,Girl,Tia,10
2000,Girl,Tiarna,13
2000,Girl,Tierna,11
2000,Girl,Toni,12
2000,Girl,Tori,6
2000,Girl,Una,9
2000,Girl,Victoria,81
2000,Girl,Winnie,3
2000,Girl,Yasmin,14
2000,Girl,Zara,36
2000,Girl,Zoe,52
2001,Boy,Aaron,146
2001,Boy,Abdallah,5
2001,Boy,Abdullah,4
2001,Boy,Adam,321
2001,Boy,Adrian,3
2001,Boy,Ahmed,4
2001,Boy,Aidan,36
2001,Boy,Aiden,3
2001,Boy,Alan,11
2001,Boy,Alastair,4
2001,Boy,Alex,25
2001,Boy,Alexander,54
2001,Boy,Alistair,3
2001,Boy,Andrew,133
2001,Boy,Angus,6
2001,Boy,Anthony,24
2001,Boy,Antoin,3
2001,Boy,Anton,6
2001,Boy,Antony,3
2001,Boy,Aodhan,16
2001,Boy,Ashley,3
2001,Boy,Austin,3
2001,Boy,Bailey,13
2001,Boy,Barry,10
2001,Boy,Ben,131
2001,Boy,Benjamin,69
2001,Boy,Bernard,7
2001,Boy,Billy,5
2001,Boy,Blaine,3
2001,Boy,Blake,6
2001,Boy,Bobby,6
2001,Boy,Brad,11
2001,Boy,Bradley,34
2001,Boy,Brandon,54
2001,Boy,Brendan,20
2001,Boy,Brett,4
2001,Boy,Brian,26
2001,Boy,Brogan,4
2001,Boy,Brooklyn,8
2001,Boy,Caelan,7
2001,Boy,Cahal,3
2001,Boy,Cahir,11
2001,Boy,Cai,3
2001,Boy,Cailean,4
2001,Boy,Cain,11
2001,Boy,Cal,3
2001,Boy,Caleb,18
2001,Boy,Callum,94
2001,Boy,Calum,16
2001,Boy,Calvin,11
2001,Boy,Cameron,94
2001,Boy,Caoimhin,21
2001,Boy,Caolan,72
2001,Boy,Caolin,5
2001,Boy,Carl,5
2001,Boy,Carson,4
2001,Boy,Carter,15
2001,Boy,Casey,5
2001,Boy,Cathair,3
2001,Boy,Cathal,27
2001,Boy,Cathaoir,4
2001,Boy,Charles,19
2001,Boy,Charlie,15
2001,Boy,Che,5
2001,Boy,Christian,12
2001,Boy,Christopher,114
2001,Boy,Cian,21
2001,Boy,Ciaran,97
2001,Boy,Ciarnan,3
2001,Boy,Ciaron,3
2001,Boy,Cillian,5
2001,Boy,Cody,4
2001,Boy,Colin,13
2001,Boy,Colm,16
2001,Boy,Colum,3
2001,Boy,Conal,12
2001,Boy,Conall,30
2001,Boy,Conan,15
2001,Boy,Conleth,3
2001,Boy,Conn,9
2001,Boy,Connor,87
2001,Boy,Conor,227
2001,Boy,Coran,3
2001,Boy,Corey,44
2001,Boy,Cormac,45
2001,Boy,Corrie,3
2001,Boy,Cory,9
2001,Boy,Craig,25
2001,Boy,Curtis,33
2001,Boy,Daire,17
2001,Boy,Daithi,3
2001,Boy,Dale,11
2001,Boy,Dan,3
2001,Boy,Dane,4
2001,Boy,Daniel,186
2001,Boy,Dara,19
2001,Boy,Darach,3
2001,Boy,Daragh,4
2001,Boy,Darragh,40
2001,Boy,Darren,30
2001,Boy,Darryl,3
2001,Boy,Daryl,7
2001,Boy,David,137
2001,Boy,Dean,38
2001,Boy,Declan,51
2001,Boy,Denver,4
2001,Boy,Dermot,4
2001,Boy,Desmond,5
2001,Boy,Diarmaid,5
2001,Boy,Diarmuid,12
2001,Boy,Dillon,10
2001,Boy,Dominic,9
2001,Boy,Donal,9
2001,Boy,Donovan,3
2001,Boy,Drew,5
2001,Boy,Dylan,197
2001,Boy,Eamon,12
2001,Boy,Eamonn,7
2001,Boy,Edward,10
2001,Boy,Elliott,5
2001,Boy,Emmet,12
2001,Boy,Emmett,3
2001,Boy,Enda,5
2001,Boy,Eoghan,34
2001,Boy,Eoin,105
2001,Boy,Ethan,155
2001,Boy,Euan,19
2001,Boy,Eugene,4
2001,Boy,Eunan,8
2001,Boy,Evan,10
2001,Boy,Ewan,20
2001,Boy,Fearghal,6
2001,Boy,Fergal,11
2001,Boy,Fergus,6
2001,Boy,Finlay,7
2001,Boy,Finn,13
2001,Boy,Fintan,8
2001,Boy,Fionan,4
2001,Boy,Fionn,9
2001,Boy,Fionntan,9
2001,Boy,Francis,13
2001,Boy,Fraser,3
2001,Boy,Frazer,3
2001,Boy,Frederick,5
2001,Boy,Gabriel,4
2001,Boy,Gareth,30
2001,Boy,Gary,36
2001,Boy,Gavin,20
2001,Boy,George,22
2001,Boy,Gerard,30
2001,Boy,Glen,11
2001,Boy,Glenn,12
2001,Boy,Graeme,3
2001,Boy,Graham,3
2001,Boy,Harrison,6
2001,Boy,Harry,77
2001,Boy,Harvey,8
2001,Boy,Hayden,3
2001,Boy,Henry,11
2001,Boy,Hugh,3
2001,Boy,Ian,8
2001,Boy,Isaac,14
2001,Boy,Jack,384
2001,Boy,Jackson,6
2001,Boy,Jacob,29
2001,Boy,Jai,4
2001,Boy,Jaime,3
2001,Boy,Jake,95
2001,Boy,James,247
2001,Boy,Jamie,170
2001,Boy,Jared,4
2001,Boy,Jarlath,5
2001,Boy,Jason,49
2001,Boy,Jay,38
2001,Boy,Joe,10
2001,Boy,Joel,61
2001,Boy,John,131
2001,Boy,Johnathan,3
2001,Boy,Johnathon,3
2001,Boy,Johnny,3
2001,Boy,Jonah,4
2001,Boy,Jonathan,80
2001,Boy,Jonathon,5
2001,Boy,Jordan,139
2001,Boy,Jordan-Lee,3
2001,Boy,Jordon,6
2001,Boy,Joseph,93
2001,Boy,Josh,50
2001,Boy,Joshua,197
2001,Boy,Joss,3
2001,Boy,Jude,20
2001,Boy,Justin,10
2001,Boy,Kai,8
2001,Boy,Kain,4
2001,Boy,Kane,9
2001,Boy,Karl,14
2001,Boy,Kealan,9
2001,Boy,Keelan,20
2001,Boy,Keith,5
2001,Boy,Kenneth,3
2001,Boy,Kevin,38
2001,Boy,Kian,16
2001,Boy,Kieran,20
2001,Boy,Killian,3
2001,Boy,Kris,3
2001,Boy,Kristian,5
2001,Boy,Kurtis,7
2001,Boy,Kyle,93
2001,Boy,Kyran,3
2001,Boy,Lee,44
2001,Boy,Leo,10
2001,Boy,Leon,14
2001,Boy,Levi,3
2001,Boy,Lewis,79
2001,Boy,Liam,62
2001,Boy,Logan,10
2001,Boy,Lorcan,27
2001,Boy,Louie,4
2001,Boy,Louis,27
2001,Boy,Luc,4
2001,Boy,Luca,7
2001,Boy,Lucas,11
2001,Boy,Luke,149
2001,Boy,Malachy,5
2001,Boy,Marc,24
2001,Boy,Marcus,10
2001,Boy,Mark,136
2001,Boy,Marshall,3
2001,Boy,Martin,43
2001,Boy,Mason,8
2001,Boy,Mathew,3
2001,Boy,Matthew,344
2001,Boy,Max,28
2001,Boy,Maxwell,3
2001,Boy,Miceal,5
2001,Boy,Michael,185
2001,Boy,Micheal,18
2001,Boy,Mitchell,7
2001,Boy,Mohamed,3
2001,Boy,Mohammad,3
2001,Boy,Mohammed,3
2001,Boy,Morgan,13
2001,Boy,Myles,4
2001,Boy,Nathan,120
2001,Boy,Nathanael,3
2001,Boy,Nathaniel,4
2001,Boy,Neil,17
2001,Boy,Nial,3
2001,Boy,Niall,84
2001,Boy,Nicholas,14
2001,Boy,Noah,4
2001,Boy,Noel,8
2001,Boy,Norman,4
2001,Boy,Odhran,48
2001,Boy,Oisin,98
2001,Boy,Oliver,38
2001,Boy,Omar,4
2001,Boy,Oran,55
2001,Boy,Ordhan,3
2001,Boy,Owen,51
2001,Boy,Padraic,3
2001,Boy,Padraig,32
2001,Boy,Patrick,114
2001,Boy,Paul,66
2001,Boy,Pauric,3
2001,Boy,Peadar,4
2001,Boy,Pearce,3
2001,Boy,Pearse,25
2001,Boy,Peter,85
2001,Boy,Phelim,5
2001,Boy,Philip,34
2001,Boy,Phillip,7
2001,Boy,Piaras,4
2001,Boy,Pierce,7
2001,Boy,Reece,80
2001,Boy,Regan,4
2001,Boy,Reuben,14
2001,Boy,Rhys,48
2001,Boy,Riain,4
2001,Boy,Rian,11
2001,Boy,Richard,28
2001,Boy,Riley,3
2001,Boy,Robbie,17
2001,Boy,Robert,56
2001,Boy,Robin,4
2001,Boy,Ronan,80
2001,Boy,Rory,65
2001,Boy,Ross,57
2001,Boy,Roy,3
2001,Boy,Ruairi,45
2001,Boy,Russell,7
2001,Boy,Ryan,288
2001,Boy,Sam,31
2001,Boy,Samuel,103
2001,Boy,Saul,5
2001,Boy,Scott,81
2001,Boy,Seamus,21
2001,Boy,Sean,164
2001,Boy,Shane,63
2001,Boy,Shaun,8
2001,Boy,Shay,17
2001,Boy,Shea,56
2001,Boy,Simon,18
2001,Boy,Sol,4
2001,Boy,Stefan,5
2001,Boy,Stephen,69
2001,Boy,Steven,24
2001,Boy,Stewart,7
2001,Boy,Stuart,22
2001,Boy,Tadhg,3
2001,Boy,Taylor,31
2001,Boy,Terence,6
2001,Boy,Theo,4
2001,Boy,Theodore,4
2001,Boy,Thomas,196
2001,Boy,Tiarnach,4
2001,Boy,Tiarnan,48
2001,Boy,Tiernan,47
2001,Boy,Timothy,28
2001,Boy,Toby,8
2001,Boy,Todd,3
2001,Boy,Tom,28
2001,Boy,Tomas,10
2001,Boy,Tony,5
2001,Boy,Travis,12
2001,Boy,Trevor,5
2001,Boy,Tristan,10
2001,Boy,Troy,7
2001,Boy,Turlough,5
2001,Boy,Tyler,45
2001,Boy,Tyrone,3
2001,Boy,Ultan,3
2001,Boy,Vincent,3
2001,Boy,Warren,3
2001,Boy,Wayne,4
2001,Boy,William,108
2001,Boy,Wilson,3
2001,Boy,Zac,6
2001,Boy,Zach,7
2001,Boy,Zachary,3
2001,Boy,Zack,7
2001,Boy,Zak,8
2001,Girl,Abbey,3
2001,Girl,Abbi,4
2001,Girl,Abbie,43
2001,Girl,Abby,16
2001,Girl,Abigail,40
2001,Girl,Adele,6
2001,Girl,Aideen,4
2001,Girl,Aileen,6
2001,Girl,Ailis,4
2001,Girl,Ailise,3
2001,Girl,Aimee,107
2001,Girl,Aine,56
2001,Girl,Aiobheann,3
2001,Girl,Aisling,28
2001,Girl,Aislinn,15
2001,Girl,Alana,33
2001,Girl,Alanna,20
2001,Girl,Alannah,8
2001,Girl,Alex,33
2001,Girl,Alexandra,42
2001,Girl,Alexandria,6
2001,Girl,Alexis,3
2001,Girl,Alice,39
2001,Girl,Alicia,15
2001,Girl,Alisha,11
2001,Girl,Alison,5
2001,Girl,Alyssa,3
2001,Girl,Amanda,6
2001,Girl,Amber,22
2001,Girl,Amelia,7
2001,Girl,Ami,3
2001,Girl,Amie,6
2001,Girl,Amy,183
2001,Girl,Amy-Leigh,3
2001,Girl,Ana,4
2001,Girl,Andrea,11
2001,Girl,Angel,8
2001,Girl,Angela,4
2001,Girl,Anita,3
2001,Girl,Ann,4
2001,Girl,Anna,152
2001,Girl,Annabel,4
2001,Girl,Anne,3
2001,Girl,Annie,26
2001,Girl,Antonia,5
2001,Girl,Anya,5
2001,Girl,Aoibheann,11
2001,Girl,Aoibhin,7
2001,Girl,Aoibhinn,8
2001,Girl,Aoife,124
2001,Girl,Aoise,3
2001,Girl,Ashleigh,7
2001,Girl,Ashley,9
2001,Girl,Ava,6
2001,Girl,Beth,46
2001,Girl,Bethany,64
2001,Girl,Billie,6
2001,Girl,Billie-Jo,3
2001,Girl,Blaithin,4
2001,Girl,Blanaid,3
2001,Girl,Breanna,3
2001,Girl,Brenna,7
2001,Girl,Brianna,6
2001,Girl,Bridget,3
2001,Girl,Briege,3
2001,Girl,Brogan,5
2001,Girl,Bronagh,31
2001,Girl,Brooke,24
2001,Girl,Brooklyn,6
2001,Girl,Caithlin,4
2001,Girl,Caitilin,3
2001,Girl,Caitlain,4
2001,Girl,Caitlin,223
2001,Girl,Caitlyn,17
2001,Girl,Caitriona,6
2001,Girl,Caoimhe,80
2001,Girl,Cara,71
2001,Girl,Caragh,3
2001,Girl,Carla,21
2001,Girl,Carly,12
2001,Girl,Caroline,11
2001,Girl,Carrie,4
2001,Girl,Casey,16
2001,Girl,Cassie,4
2001,Girl,Catherine,65
2001,Girl,Catrina,3
2001,Girl,Catriona,6
2001,Girl,Ceara,3
2001,Girl,Cerys,6
2001,Girl,Chantelle,14
2001,Girl,Charis,4
2001,Girl,Charlene,4
2001,Girl,Charley,7
2001,Girl,Charlie,7
2001,Girl,Charlotte,52
2001,Girl,Charmaine,3
2001,Girl,Chelsea,35
2001,Girl,Cherith,3
2001,Girl,Chloe,311
2001,Girl,Chole,3
2001,Girl,Christina,13
2001,Girl,Christine,9
2001,Girl,Ciara,97
2001,Girl,Ciarrai,3
2001,Girl,Claire,47
2001,Girl,Clara,20
2001,Girl,Clare,28
2001,Girl,Claudia,8
2001,Girl,Cleo,3
2001,Girl,Cliodhna,41
2001,Girl,Cliona,18
2001,Girl,Clodagh,26
2001,Girl,Codie,5
2001,Girl,Cody,7
2001,Girl,Colleen,12
2001,Girl,Connie,8
2001,Girl,Cora,16
2001,Girl,Courtney,78
2001,Girl,Cristin,3
2001,Girl,Crystal,3
2001,Girl,Daisy,6
2001,Girl,Dana,3
2001,Girl,Danielle,40
2001,Girl,Dara,5
2001,Girl,Dearbhail,5
2001,Girl,Dearbhla,23
2001,Girl,Deborah,4
2001,Girl,Demi,13
2001,Girl,Demi-Lee,6
2001,Girl,Demi-Leigh,4
2001,Girl,Dervla,8
2001,Girl,Dion,3
2001,Girl,Dionne,4
2001,Girl,Eabha,3
2001,Girl,Eadaoin,5
2001,Girl,Ebony,6
2001,Girl,Eden,6
2001,Girl,Eileen,3
2001,Girl,Eilis,6
2001,Girl,Eimear,66
2001,Girl,Eimhear,5
2001,Girl,Eireann,6
2001,Girl,Eirinn,6
2001,Girl,Eleanor,7
2001,Girl,Elena,4
2001,Girl,Elise,4
2001,Girl,Elisha,6
2001,Girl,Elizabeth,29
2001,Girl,Ella,26
2001,Girl,Elle,7
2001,Girl,Ellen,97
2001,Girl,Ellie,78
2001,Girl,Eloise,3
2001,Girl,Emer,21
2001,Girl,Emily,106
2001,Girl,Emma,229
2001,Girl,Emma-Louise,6
2001,Girl,Enya,5
2001,Girl,Erin,152
2001,Girl,Erinn,3
2001,Girl,Esther,4
2001,Girl,Eva,47
2001,Girl,Eve,59
2001,Girl,Evie,8
2001,Girl,Faith,16
2001,Girl,Faye,9
2001,Girl,Fiona,9
2001,Girl,Fionnuala,15
2001,Girl,Frances,5
2001,Girl,Francesca,3
2001,Girl,Gabrielle,6
2001,Girl,Gemma,23
2001,Girl,Georgia,45
2001,Girl,Georgina,8
2001,Girl,Geraldine,3
2001,Girl,Gillian,4
2001,Girl,Gina,3
2001,Girl,Grace,55
2001,Girl,Grainne,15
2001,Girl,Hannah,209
2001,Girl,Harriet,4
2001,Girl,Hayley,4
2001,Girl,Heather,9
2001,Girl,Heidi,4
2001,Girl,Helen,10
2001,Girl,Helena,3
2001,Girl,Hollie,24
2001,Girl,Holly,67
2001,Girl,Imogen,8
2001,Girl,India,3
2001,Girl,Iona,4
2001,Girl,Isabel,4
2001,Girl,Isabella,10
2001,Girl,Isobel,3
2001,Girl,Jacqueline,4
2001,Girl,Jade,82
2001,Girl,Jamie,9
2001,Girl,Jamie-Lee,6
2001,Girl,Jane,14
2001,Girl,Jasmin,6
2001,Girl,Jasmine,14
2001,Girl,Jayne,6
2001,Girl,Jemma,13
2001,Girl,Jenna,12
2001,Girl,Jenni,4
2001,Girl,Jennifer,23
2001,Girl,Jenny,11
2001,Girl,Jessica,107
2001,Girl,Jessie,4
2001,Girl,Jill,7
2001,Girl,Joanna,9
2001,Girl,Joanne,5
2001,Girl,Jodi,7
2001,Girl,Jodie,49
2001,Girl,Jodie-Lee,3
2001,Girl,Jody,3
2001,Girl,Jordan,29
2001,Girl,Jordyn,7
2001,Girl,Joy,4
2001,Girl,Jude,4
2001,Girl,Judith,3
2001,Girl,Julia,18
2001,Girl,Julie,6
2001,Girl,Kaci,6
2001,Girl,Kaitlin,14
2001,Girl,Kaitlyn,21
2001,Girl,Kara,9
2001,Girl,Karen,11
2001,Girl,Karla,7
2001,Girl,Kate,25
2001,Girl,Katelyn,16
2001,Girl,Katherine,18
2001,Girl,Kathleen,10
2001,Girl,Kathryn,37
2001,Girl,Katie,164
2001,Girl,Katie-Lee,3
2001,Girl,Katlyn,5
2001,Girl,Katy,14
2001,Girl,Kayla,6
2001,Girl,Kaylee,3
2001,Girl,Kayleigh,13
2001,Girl,Keeley,6
2001,Girl,Keely,5
2001,Girl,Keeva,7
2001,Girl,Keisha,4
2001,Girl,Kellie,4
2001,Girl,Kelly,12
2001,Girl,Kelsey,11
2001,Girl,Keri,8
2001,Girl,Kerri,15
2001,Girl,Kerrie,11
2001,Girl,Kerry,13
2001,Girl,Kimberley,5
2001,Girl,Kira,3
2001,Girl,Kirsten,12
2001,Girl,Kirstie,3
2001,Girl,Kirsty,45
2001,Girl,Kristen,3
2001,Girl,Kristin,3
2001,Girl,Lana,6
2001,Girl,Laoise,5
2001,Girl,Lara,20
2001,Girl,Laura,104
2001,Girl,Lauren,234
2001,Girl,Lauryn,10
2001,Girl,Leah,110
2001,Girl,Leanne,9
2001,Girl,Lena,4
2001,Girl,Leona,12
2001,Girl,Lia,4
2001,Girl,Lily,9
2001,Girl,Lisa,21
2001,Girl,Lois,16
2001,Girl,Lorna,7
2001,Girl,Louisa,3
2001,Girl,Louise,39
2001,Girl,Lucia,10
2001,Girl,Lucie,8
2001,Girl,Lucy,106
2001,Girl,Lydia,18
2001,Girl,Lyndsey,3
2001,Girl,Madeleine,4
2001,Girl,Madison,19
2001,Girl,Maeve,21
2001,Girl,Maia,5
2001,Girl,Mairead,10
2001,Girl,Majella,3
2001,Girl,Margaret,6
2001,Girl,Maria,35
2001,Girl,Marie,7
2001,Girl,Marina,3
2001,Girl,Martha,3
2001,Girl,Martina,5
2001,Girl,Mary,32
2001,Girl,Meabh,16
2001,Girl,Meadhbh,3
2001,Girl,Meaghan,3
2001,Girl,Megan,221
2001,Girl,Meghan,11
2001,Girl,Melanie,3
2001,Girl,Melissa,18
2001,Girl,Mia,25
2001,Girl,Michaela,9
2001,Girl,Michelle,16
2001,Girl,Mollie,24
2001,Girl,Molly,95
2001,Girl,Morgan,36
2001,Girl,Mya,13
2001,Girl,Nadia,5
2001,Girl,Nadine,8
2001,Girl,Nakita,3
2001,Girl,Naoise,7
2001,Girl,Naomh,4
2001,Girl,Naomi,41
2001,Girl,Natalia,4
2001,Girl,Natalie,18
2001,Girl,Natasha,30
2001,Girl,Neve,5
2001,Girl,Niambh,4
2001,Girl,Niamh,169
2001,Girl,Nicola,12
2001,Girl,Nicole,112
2001,Girl,Nikita,14
2001,Girl,Nikki,3
2001,Girl,Nina,3
2001,Girl,Nisha,3
2001,Girl,Nuala,6
2001,Girl,Olivia,81
2001,Girl,Oonagh,6
2001,Girl,Orla,58
2001,Girl,Orlagh,19
2001,Girl,Orlaigh,3
2001,Girl,Orlaith,32
2001,Girl,Paige,18
2001,Girl,Paris,3
2001,Girl,Patrice,4
2001,Girl,Patricia,4
2001,Girl,Paula,5
2001,Girl,Philippa,3
2001,Girl,Phoebe,8
2001,Girl,Poppy,4
2001,Girl,Rachael,57
2001,Girl,Rachel,169
2001,Girl,Rebecca,191
2001,Girl,Rebekah,53
2001,Girl,Regan,9
2001,Girl,Rhianna,7
2001,Girl,Rhiannon,16
2001,Girl,Rhona,3
2001,Girl,Riona,9
2001,Girl,Robyn,33
2001,Girl,Roise,4
2001,Girl,Roisin,28
2001,Girl,Roma,3
2001,Girl,Rosa,5
2001,Girl,Rose,10
2001,Girl,Rosie,10
2001,Girl,Ruby,7
2001,Girl,Ruth,27
2001,Girl,Sabrina,3
2001,Girl,Sacha,4
2001,Girl,Saffron,5
2001,Girl,Sally,6
2001,Girl,Samantha,23
2001,Girl,Samara,3
2001,Girl,Saoirse,14
2001,Girl,Sara,8
2001,Girl,Sarah,200
2001,Girl,Sarah-Louise,5
2001,Girl,Sasha,17
2001,Girl,Seana,4
2001,Girl,Serena,9
2001,Girl,Shania,7
2001,Girl,Shanice,3
2001,Girl,Shannen,4
2001,Girl,Shannon,113
2001,Girl,Shantelle,3
2001,Girl,Sharon,3
2001,Girl,Shauna,33
2001,Girl,Shelby,5
2001,Girl,Shelly,3
2001,Girl,Shona,11
2001,Girl,Sian,9
2001,Girl,Sifn,3
2001,Girl,Sinead,15
2001,Girl,Siobhan,5
2001,Girl,Siofra,6
2001,Girl,Sophia,6
2001,Girl,Sophie,146
2001,Girl,Sorcha,12
2001,Girl,Stacey,8
2001,Girl,Stephanie,19
2001,Girl,Summer,3
2001,Girl,Susan,4
2001,Girl,Suzanne,4
2001,Girl,Tamara,3
2001,Girl,Tammie,3
2001,Girl,Tamzin,7
2001,Girl,Tanisha,4
2001,Girl,Tanya,4
2001,Girl,Tara,45
2001,Girl,Taylor,30
2001,Girl,Tegan,10
2001,Girl,Tess,3
2001,Girl,Therese,7
2001,Girl,Tia,16
2001,Girl,Tianna,3
2001,Girl,Tiarna,7
2001,Girl,Tiegan,3
2001,Girl,Tierna,13
2001,Girl,Tiernagh,3
2001,Girl,Tiffany,6
2001,Girl,Toni,12
2001,Girl,Tori,16
2001,Girl,Trinity,3
2001,Girl,Tyler,7
2001,Girl,Una,10
2001,Girl,Victoria,66
2001,Girl,Yasmin,10
2001,Girl,Zara,47
2001,Girl,Zoe,72
2002,Boy,Aaron,150
2002,Boy,Adam,272
2002,Boy,Ahmed,5
2002,Boy,Aidan,51
2002,Boy,Aiden,4
2002,Boy,Alan,9
2002,Boy,Alex,39
2002,Boy,Alexander,48
2002,Boy,Ali,5
2002,Boy,Alistair,3
2002,Boy,Andrew,120
2002,Boy,Angus,6
2002,Boy,Anthony,28
2002,Boy,Anton,7
2002,Boy,Aodhan,27
2002,Boy,Aran,4
2002,Boy,Archie,5
2002,Boy,Arran,5
2002,Boy,Ashley,5
2002,Boy,Bailey,31
2002,Boy,Barry,10
2002,Boy,Ben,200
2002,Boy,Benjamin,113
2002,Boy,Benn,3
2002,Boy,Bernard,3
2002,Boy,Billy,3
2002,Boy,Blake,7
2002,Boy,Bobby,4
2002,Boy,Brad,3
2002,Boy,Bradley,37
2002,Boy,Brandon,31
2002,Boy,Brendan,24
2002,Boy,Brett,4
2002,Boy,Brian,37
2002,Boy,Brogan,3
2002,Boy,Brooklyn,7
2002,Boy,Bryan,5
2002,Boy,Caelan,9
2002,Boy,Cahir,6
2002,Boy,Cain,6
2002,Boy,Cal,3
2002,Boy,Caleb,23
2002,Boy,Callum,101
2002,Boy,Calum,29
2002,Boy,Calvin,15
2002,Boy,Cameron,95
2002,Boy,Caoilte,3
2002,Boy,Caoimhin,22
2002,Boy,Caolan,72
2002,Boy,Carson,7
2002,Boy,Carter,18
2002,Boy,Cathair,5
2002,Boy,Cathal,17
2002,Boy,Chad,4
2002,Boy,Charles,19
2002,Boy,Charlie,28
2002,Boy,Christian,10
2002,Boy,Christopher,97
2002,Boy,Cian,22
2002,Boy,Ciaran,71
2002,Boy,Ciaron,4
2002,Boy,Cillian,4
2002,Boy,Clarke,3
2002,Boy,Cody,7
2002,Boy,Cole,11
2002,Boy,Colin,12
2002,Boy,Colm,10
2002,Boy,Conal,15
2002,Boy,Conall,25
2002,Boy,Conan,10
2002,Boy,Conchor,5
2002,Boy,Conleth,4
2002,Boy,Connor,67
2002,Boy,Conor,211
2002,Boy,Corey,38
2002,Boy,Cormac,29
2002,Boy,Craig,27
2002,Boy,Curtis,40
2002,Boy,Daire,30
2002,Boy,Dale,7
2002,Boy,Damian,5
2002,Boy,Damien,8
2002,Boy,Dan,6
2002,Boy,Dane,3
2002,Boy,Daniel,173
2002,Boy,Danny,8
2002,Boy,Dara,18
2002,Boy,Daragh,4
2002,Boy,Darragh,45
2002,Boy,Darren,19
2002,Boy,Darryl,10
2002,Boy,Daryl,5
2002,Boy,David,116
2002,Boy,Deaglan,7
2002,Boy,Dean,40
2002,Boy,Declan,38
2002,Boy,Denis,3
2002,Boy,Denver,3
2002,Boy,Deon,4
2002,Boy,Dermot,4
2002,Boy,Diarmuid,7
2002,Boy,Dillan,4
2002,Boy,Dillon,10
2002,Boy,Dion,3
2002,Boy,Dominic,8
2002,Boy,Donal,7
2002,Boy,Drew,3
2002,Boy,Dylan,186
2002,Boy,Eamon,8
2002,Boy,Eamonn,8
2002,Boy,Eddie,3
2002,Boy,Edward,18
2002,Boy,Eli,4
2002,Boy,Elliott,4
2002,Boy,Emmet,7
2002,Boy,Emmett,6
2002,Boy,Enda,11
2002,Boy,Eoghan,41
2002,Boy,Eoin,90
2002,Boy,Ethan,170
2002,Boy,Euan,11
2002,Boy,Eugene,4
2002,Boy,Eunan,6
2002,Boy,Evan,16
2002,Boy,Ewan,22
2002,Boy,Fearghal,5
2002,Boy,Feidhlim,3
2002,Boy,Fergal,9
2002,Boy,Fergus,3
2002,Boy,Fiachra,4
2002,Boy,Finbar,3
2002,Boy,Finlay,12
2002,Boy,Finn,15
2002,Boy,Fintan,7
2002,Boy,Fionn,17
2002,Boy,Fionntan,9
2002,Boy,Francis,11
2002,Boy,Gabriel,4
2002,Boy,Gareth,25
2002,Boy,Garry,3
2002,Boy,Gary,33
2002,Boy,Gavin,15
2002,Boy,George,21
2002,Boy,Gerard,23
2002,Boy,Glen,4
2002,Boy,Glenn,13
2002,Boy,Graham,4
2002,Boy,Gregory,6
2002,Boy,Harrison,4
2002,Boy,Harry,74
2002,Boy,Harvey,8
2002,Boy,Henry,13
2002,Boy,Hugh,9
2002,Boy,Hugo,5
2002,Boy,Ian,7
2002,Boy,Isaac,13
2002,Boy,Jack,350
2002,Boy,Jackson,8
2002,Boy,Jacob,29
2002,Boy,Jake,82
2002,Boy,James,264
2002,Boy,Jamie,139
2002,Boy,Jamie-Lee,4
2002,Boy,Jarlath,3
2002,Boy,Jason,54
2002,Boy,Jay,42
2002,Boy,Jed,3
2002,Boy,Jerome,5
2002,Boy,Joe,18
2002,Boy,Joel,47
2002,Boy,John,109
2002,Boy,Johnathan,3
2002,Boy,Jonathan,76
2002,Boy,Jonathon,6
2002,Boy,Jordan,89
2002,Boy,Josef,3
2002,Boy,Joseph,82
2002,Boy,Josh,53
2002,Boy,Joshua,238
2002,Boy,Jude,27
2002,Boy,Justin,23
2002,Boy,Kai,10
2002,Boy,Kain,3
2002,Boy,Kane,7
2002,Boy,Karl,14
2002,Boy,Kealan,4
2002,Boy,Keelan,15
2002,Boy,Keelin,3
2002,Boy,Keith,3
2002,Boy,Kelan,3
2002,Boy,Kelvin,3
2002,Boy,Kevin,29
2002,Boy,Kian,8
2002,Boy,Kieran,21
2002,Boy,Kirk,4
2002,Boy,Korben,4
2002,Boy,Kristian,3
2002,Boy,Kurt,4
2002,Boy,Kurtis,11
2002,Boy,Kyle,78
2002,Boy,Lawrence,3
2002,Boy,Lee,54
2002,Boy,Leighton,3
2002,Boy,Lennon,7
2002,Boy,Leo,16
2002,Boy,Leon,16
2002,Boy,Lewis,85
2002,Boy,Liam,53
2002,Boy,Logan,10
2002,Boy,Lorcan,22
2002,Boy,Louie,3
2002,Boy,Louis,21
2002,Boy,Luc,3
2002,Boy,Luca,6
2002,Boy,Lucas,7
2002,Boy,Luis,4
2002,Boy,Luke,139
2002,Boy,Mackenzie,5
2002,Boy,Malachy,4
2002,Boy,Manus,4
2002,Boy,Marc,23
2002,Boy,Marcus,22
2002,Boy,Mark,102
2002,Boy,Martin,24
2002,Boy,Mason,8
2002,Boy,Mathew,5
2002,Boy,Matthew,360
2002,Boy,Maurice,6
2002,Boy,Max,24
2002,Boy,Maximilian,4
2002,Boy,Michael,153
2002,Boy,Micheal,20
2002,Boy,Mitchell,3
2002,Boy,Morgan,18
2002,Boy,Nathan,149
2002,Boy,Nathaniel,4
2002,Boy,Neil,8
2002,Boy,Niall,79
2002,Boy,Nicholas,13
2002,Boy,Noah,6
2002,Boy,Noel,5
2002,Boy,Odhran,53
2002,Boy,Oisin,93
2002,Boy,Oliver,42
2002,Boy,Omar,5
2002,Boy,Oran,49
2002,Boy,Orrin,3
2002,Boy,Oscar,5
2002,Boy,Owen,55
2002,Boy,Padhraig,3
2002,Boy,Padraig,38
2002,Boy,Patrick,119
2002,Boy,Paul,58
2002,Boy,Pauric,4
2002,Boy,Peadar,3
2002,Boy,Pearse,23
2002,Boy,Peter,101
2002,Boy,Philip,25
2002,Boy,Phillip,6
2002,Boy,Piaras,4
2002,Boy,Pierce,6
2002,Boy,Raymond,5
2002,Boy,Reece,46
2002,Boy,Reuben,21
2002,Boy,Rhys,43
2002,Boy,Rian,13
2002,Boy,Richard,22
2002,Boy,Riley,7
2002,Boy,Roan,3
2002,Boy,Robbie,14
2002,Boy,Robert,57
2002,Boy,Robin,5
2002,Boy,Rohan,3
2002,Boy,Ronan,59
2002,Boy,Rory,47
2002,Boy,Ross,74
2002,Boy,Rowan,4
2002,Boy,Ruaidhri,4
2002,Boy,Ruairi,44
2002,Boy,Ruari,4
2002,Boy,Ryan,287
2002,Boy,Sam,40
2002,Boy,Samuel,80
2002,Boy,Saul,4
2002,Boy,Scott,66
2002,Boy,Seamus,14
2002,Boy,Sean,140
2002,Boy,Sebastian,7
2002,Boy,Shane,74
2002,Boy,Shaun,11
2002,Boy,Shay,25
2002,Boy,Shea,79
2002,Boy,Simon,6
2002,Boy,Stefan,3
2002,Boy,Stephen,53
2002,Boy,Steve,3
2002,Boy,Steven,22
2002,Boy,Stewart,8
2002,Boy,Stuart,23
2002,Boy,Taylor,21
2002,Boy,Thomas,165
2002,Boy,Tiarnan,38
2002,Boy,Tiernan,41
2002,Boy,Tim,3
2002,Boy,Timothy,20
2002,Boy,Toby,10
2002,Boy,Tom,26
2002,Boy,Tomas,18
2002,Boy,Tony,5
2002,Boy,Travis,6
2002,Boy,Trevor,4
2002,Boy,Tristan,5
2002,Boy,Troy,9
2002,Boy,Tyler,37
2002,Boy,Tyrone,3
2002,Boy,Ultan,3
2002,Boy,Vincent,9
2002,Boy,Warren,3
2002,Boy,Will,4
2002,Boy,William,91
2002,Boy,Zac,5
2002,Boy,Zach,9
2002,Boy,Zachary,7
2002,Boy,Zack,6
2002,Boy,Zak,10
2002,Boy,Zhi,3
2002,Girl,Aaliyah,12
2002,Girl,Abbey,8
2002,Girl,Abbi,3
2002,Girl,Abbie,40
2002,Girl,Abby,20
2002,Girl,Abigail,47
2002,Girl,Adele,5
2002,Girl,Aideen,7
2002,Girl,Aileen,4
2002,Girl,Aimee,113
2002,Girl,Aine,51
2002,Girl,Aisha,4
2002,Girl,Aisleen,4
2002,Girl,Aisling,33
2002,Girl,Aislinn,6
2002,Girl,Alana,22
2002,Girl,Alanah,3
2002,Girl,Alanna,15
2002,Girl,Alannah,12
2002,Girl,Alex,40
2002,Girl,Alexandra,44
2002,Girl,Alice,33
2002,Girl,Alicia,26
2002,Girl,Alisha,13
2002,Girl,Alison,5
2002,Girl,Alix,3
2002,Girl,Alysha,3
2002,Girl,Alyssa,5
2002,Girl,Amber,21
2002,Girl,Amelia,4
2002,Girl,Ami,3
2002,Girl,Amie,4
2002,Girl,Amy,188
2002,Girl,Amy-Louise,3
2002,Girl,Ana,4
2002,Girl,Andrea,9
2002,Girl,Angel,4
2002,Girl,Angela,4
2002,Girl,Anna,141
2002,Girl,Annabel,6
2002,Girl,Anne,5
2002,Girl,Annie,20
2002,Girl,Antonia,5
2002,Girl,Anya,3
2002,Girl,Aoibh,8
2002,Girl,Aoibheann,8
2002,Girl,Aoibhin,3
2002,Girl,Aoibhinn,9
2002,Girl,Aoife,120
2002,Girl,April,7
2002,Girl,Asha,4
2002,Girl,Ashleigh,10
2002,Girl,Ashley,5
2002,Girl,Ava,6
2002,Girl,Becky,4
2002,Girl,Beth,45
2002,Girl,Bethany,64
2002,Girl,Blaithin,6
2002,Girl,Blathnaid,4
2002,Girl,Breanna,3
2002,Girl,Brenna,3
2002,Girl,Brianna,4
2002,Girl,Brigid,4
2002,Girl,Brogan,5
2002,Girl,Bronagh,22
2002,Girl,Bronwen,3
2002,Girl,Brooke,16
2002,Girl,Brooklyn,7
2002,Girl,Caelainn,4
2002,Girl,Cailin,4
2002,Girl,Cait,3
2002,Girl,Caithlin,3
2002,Girl,Caitlin,227
2002,Girl,Caitlyn,16
2002,Girl,Caitriona,4
2002,Girl,Cameron,3
2002,Girl,Caoimhe,85
2002,Girl,Cara,74
2002,Girl,Caragh,9
2002,Girl,Carla,16
2002,Girl,Carley,3
2002,Girl,Carly,8
2002,Girl,Caroline,7
2002,Girl,Carolyn,4
2002,Girl,Carragh,3
2002,Girl,Carrie,7
2002,Girl,Casey,17
2002,Girl,Cassie,5
2002,Girl,Catherine,68
2002,Girl,Catriona,7
2002,Girl,Cayla,3
2002,Girl,Cerys,9
2002,Girl,Chantel,5
2002,Girl,Chantelle,12
2002,Girl,Charis,3
2002,Girl,Charlee,3
2002,Girl,Charlene,8
2002,Girl,Charley,7
2002,Girl,Charlie,6
2002,Girl,Charlotte,52
2002,Girl,Chelsea,25
2002,Girl,Cheyanne,4
2002,Girl,Chloe,254
2002,Girl,Christina,8
2002,Girl,Ciara,77
2002,Girl,Ciarrai,3
2002,Girl,Claire,39
2002,Girl,Clara,18
2002,Girl,Clare,16
2002,Girl,Claudia,8
2002,Girl,Cliodhna,31
2002,Girl,Cliona,15
2002,Girl,Clodagh,32
2002,Girl,Codie,5
2002,Girl,Cody,6
2002,Girl,Colleen,12
2002,Girl,Connie,5
2002,Girl,Cora,15
2002,Girl,Courtney,70
2002,Girl,Daire,3
2002,Girl,Daisy,8
2002,Girl,Dani,3
2002,Girl,Danielle,18
2002,Girl,Dara,6
2002,Girl,Darcey,3
2002,Girl,Darcy,5
2002,Girl,Davina,3
2002,Girl,Dawn,5
2002,Girl,Dearbhail,3
2002,Girl,Dearbhla,16
2002,Girl,Deborah,6
2002,Girl,Deirbhile,5
2002,Girl,Demi,13
2002,Girl,Demi-Lee,4
2002,Girl,Denise,3
2002,Girl,Dervla,4
2002,Girl,Destiny,5
2002,Girl,Eabha,5
2002,Girl,Eadaoin,4
2002,Girl,Ebony,4
2002,Girl,Eden,10
2002,Girl,Eibhlin,3
2002,Girl,Eileen,3
2002,Girl,Eilis,4
2002,Girl,Eilise,3
2002,Girl,Eimear,75
2002,Girl,Eimer,4
2002,Girl,Eireann,5
2002,Girl,Eirinn,3
2002,Girl,Eleanor,6
2002,Girl,Elena,5
2002,Girl,Elise,4
2002,Girl,Elizabeth,31
2002,Girl,Ella,51
2002,Girl,Elle,17
2002,Girl,Ellen,112
2002,Girl,Ellie,131
2002,Girl,Eloise,7
2002,Girl,Emer,22
2002,Girl,Emily,124
2002,Girl,Emma,189
2002,Girl,Emma-Jane,3
2002,Girl,Emma-Louise,5
2002,Girl,Enya,8
2002,Girl,Erika,3
2002,Girl,Erin,129
2002,Girl,Erinn,3
2002,Girl,Esther,6
2002,Girl,Eva,28
2002,Girl,Eve,50
2002,Girl,Evie,10
2002,Girl,Faith,15
2002,Girl,Faye,18
2002,Girl,Fiona,16
2002,Girl,Fionnuala,6
2002,Girl,Francesca,8
2002,Girl,Freya,5
2002,Girl,Gabrielle,14
2002,Girl,Gemma,21
2002,Girl,Georgia,44
2002,Girl,Georgina,7
2002,Girl,Grace,79
2002,Girl,Grainne,13
2002,Girl,Hana,4
2002,Girl,Hannah,184
2002,Girl,Hayley,17
2002,Girl,Heather,4
2002,Girl,Heidi,4
2002,Girl,Helen,11
2002,Girl,Hollie,45
2002,Girl,Holly,97
2002,Girl,Hope,5
2002,Girl,Imogen,6
2002,Girl,Iona,3
2002,Girl,Isabel,4
2002,Girl,Isabella,3
2002,Girl,Jade,34
2002,Girl,Jamie,7
2002,Girl,Jamie-Lee,9
2002,Girl,Jane,13
2002,Girl,Jasmine,17
2002,Girl,Jayde,5
2002,Girl,Jayne,6
2002,Girl,Jemima,4
2002,Girl,Jemma,8
2002,Girl,Jenna,27
2002,Girl,Jennifer,34
2002,Girl,Jenny,11
2002,Girl,Jessica,151
2002,Girl,Jill,4
2002,Girl,Joanna,13
2002,Girl,Joanne,8
2002,Girl,Jodi,6
2002,Girl,Jodie,52
2002,Girl,Jolene,5
2002,Girl,Jordan,15
2002,Girl,Josephine,5
2002,Girl,Joy,3
2002,Girl,Julia,8
2002,Girl,Julianna,3
2002,Girl,Kacey,10
2002,Girl,Kaci,8
2002,Girl,Kaia,3
2002,Girl,Kaitlin,16
2002,Girl,Kaitlyn,13
2002,Girl,Kara,7
2002,Girl,Karen,11
2002,Girl,Karla,5
2002,Girl,Kasey,3
2002,Girl,Kate,39
2002,Girl,Katelin,3
2002,Girl,Katelyn,22
2002,Girl,Katherine,21
2002,Girl,Kathleen,10
2002,Girl,Kathryn,27
2002,Girl,Katie,217
2002,Girl,Katie-Lee,3
2002,Girl,Katy,10
2002,Girl,Kayla,15
2002,Girl,Kayleigh,16
2002,Girl,Keeley,4
2002,Girl,Keely,5
2002,Girl,Keeva,3
2002,Girl,Kellie,4
2002,Girl,Kelly,13
2002,Girl,Kelsey,10
2002,Girl,Keri,4
2002,Girl,Kerri,11
2002,Girl,Kerrie,6
2002,Girl,Kerry,25
2002,Girl,Kiera,6
2002,Girl,Kieva,3
2002,Girl,Kim,3
2002,Girl,Kirsten,18
2002,Girl,Kirsty,29
2002,Girl,Kristin,3
2002,Girl,Kyla,5
2002,Girl,Kylie,5
2002,Girl,Kym,3
2002,Girl,Lana,9
2002,Girl,Laoise,4
2002,Girl,Lara,25
2002,Girl,Larissa,3
2002,Girl,Laura,92
2002,Girl,Lauren,190
2002,Girl,Lauryn,14
2002,Girl,Leah,140
2002,Girl,Leanne,6
2002,Girl,Leigh,4
2002,Girl,Leona,12
2002,Girl,Lia,5
2002,Girl,Lily,10
2002,Girl,Lisa,8
2002,Girl,Lois,15
2002,Girl,Lorna,3
2002,Girl,Louise,61
2002,Girl,Lucia,6
2002,Girl,Lucie,7
2002,Girl,Lucy,134
2002,Girl,Lydia,20
2002,Girl,Lyndsey,4
2002,Girl,Mackenzie,5
2002,Girl,Maddie,3
2002,Girl,Madeleine,3
2002,Girl,Madeline,3
2002,Girl,Madison,16
2002,Girl,Maeve,26
2002,Girl,Maggie,6
2002,Girl,Maia,3
2002,Girl,Mairead,7
2002,Girl,Maisie,3
2002,Girl,Mallaidh,3
2002,Girl,Margaret,10
2002,Girl,Maria,42
2002,Girl,Mariah,3
2002,Girl,Martha,3
2002,Girl,Martina,3
2002,Girl,Mary,25
2002,Girl,Mary-Kate,3
2002,Girl,Maya,3
2002,Girl,Meabh,22
2002,Girl,Meaghan,4
2002,Girl,Meg,4
2002,Girl,Megan,202
2002,Girl,Meghan,8
2002,Girl,Melanie,8
2002,Girl,Melissa,26
2002,Girl,Mia,50
2002,Girl,Michaela,15
2002,Girl,Michelle,4
2002,Girl,Millie,8
2002,Girl,Mollie,25
2002,Girl,Molly,102
2002,Girl,Morgan,38
2002,Girl,Mya,8
2002,Girl,Nadia,10
2002,Girl,Nadine,9
2002,Girl,Naoise,9
2002,Girl,Naomh,4
2002,Girl,Naomi,38
2002,Girl,Natalia,3
2002,Girl,Natalie,21
2002,Girl,Natalya,3
2002,Girl,Natasha,39
2002,Girl,Nia,7
2002,Girl,Niamh,179
2002,Girl,Nicola,8
2002,Girl,Nicole,91
2002,Girl,Nikita,15
2002,Girl,Nikki,5
2002,Girl,Nikkita,3
2002,Girl,Nina,3
2002,Girl,Nisha,4
2002,Girl,Nuala,5
2002,Girl,Olivia,59
2002,Girl,Oonagh,6
2002,Girl,Orla,54
2002,Girl,Orlagh,20
2002,Girl,Orlaigh,3
2002,Girl,Orlaith,24
2002,Girl,Paige,18
2002,Girl,Paula,4
2002,Girl,Philippa,4
2002,Girl,Phoebe,11
2002,Girl,Polly,3
2002,Girl,Poppy,6
2002,Girl,Rachael,39
2002,Girl,Rachel,170
2002,Girl,Rebecca,179
2002,Girl,Rebekah,53
2002,Girl,Renee,4
2002,Girl,Rhea,9
2002,Girl,Rheanna,3
2002,Girl,Rhianna,17
2002,Girl,Rhiannon,20
2002,Girl,Riona,9
2002,Girl,Robyn,25
2002,Girl,Roisin,29
2002,Girl,Rosa,3
2002,Girl,Rose,8
2002,Girl,Rosemary,3
2002,Girl,Rosie,6
2002,Girl,Ruby,4
2002,Girl,Ruth,14
2002,Girl,Sacha,4
2002,Girl,Samantha,23
2002,Girl,Saoirse,17
2002,Girl,Saorlaith,3
2002,Girl,Sara,26
2002,Girl,Sarah,194
2002,Girl,Sarah-Jane,6
2002,Girl,Sasha,10
2002,Girl,Saskia,4
2002,Girl,Seana,10
2002,Girl,Seanna,3
2002,Girl,Serena,3
2002,Girl,Shakira,15
2002,Girl,Shania,4
2002,Girl,Shannan,3
2002,Girl,Shannon,89
2002,Girl,Shauna,30
2002,Girl,Shauneen,4
2002,Girl,Shona,7
2002,Girl,Shonagh,3
2002,Girl,Sian,16
2002,Girl,Sinead,23
2002,Girl,Siobhan,6
2002,Girl,Siofra,3
2002,Girl,Sophia,11
2002,Girl,Sophie,148
2002,Girl,Sorcha,14
2002,Girl,Stacey,7
2002,Girl,Stephanie,20
2002,Girl,Susan,3
2002,Girl,Susanna,5
2002,Girl,Suzanne,3
2002,Girl,Tabitha,4
2002,Girl,Tamara,5
2002,Girl,Tammy,3
2002,Girl,Tamzin,9
2002,Girl,Tara,34
2002,Girl,Taylor,18
2002,Girl,Teagan,3
2002,Girl,Tegan,10
2002,Girl,Teigan,3
2002,Girl,Teresa,3
2002,Girl,Therese,4
2002,Girl,Tia,6
2002,Girl,Tiarna,10
2002,Girl,Tierna,9
2002,Girl,Tiernagh,3
2002,Girl,Tiffany,4
2002,Girl,Toni,13
2002,Girl,Tori,7
2002,Girl,Una,7
2002,Girl,Victoria,43
2002,Girl,Yasmin,11
2002,Girl,Zara,56
2002,Girl,Zoe,75
2003,Boy,Aaron,164
2003,Boy,Adam,279
2003,Boy,Adrian,5
2003,Boy,Aedan,3
2003,Boy,Aidan,51
2003,Boy,Aiden,3
2003,Boy,Alan,14
2003,Boy,Alec,4
2003,Boy,Alex,45
2003,Boy,Alexander,59
2003,Boy,Alfie,7
2003,Boy,Ali,3
2003,Boy,Andrew,102
2003,Boy,Andy,4
2003,Boy,Angus,6
2003,Boy,Anthony,33
2003,Boy,Antoin,4
2003,Boy,Anton,8
2003,Boy,Aodh,3
2003,Boy,Aodhan,17
2003,Boy,Archie,4
2003,Boy,Arron,3
2003,Boy,Ashley,5
2003,Boy,Bailey,29
2003,Boy,Bailie,4
2003,Boy,Barry,10
2003,Boy,Ben,195
2003,Boy,Benjamin,106
2003,Boy,Benn,3
2003,Boy,Bernard,6
2003,Boy,Billy,4
2003,Boy,Blaine,6
2003,Boy,Blake,18
2003,Boy,Bobby,8
2003,Boy,Bradlee,3
2003,Boy,Bradley,36
2003,Boy,Brandon,31
2003,Boy,Brandon-Lee,5
2003,Boy,Brendan,29
2003,Boy,Brett,4
2003,Boy,Brian,19
2003,Boy,Brodie,3
2003,Boy,Brooklyn,5
2003,Boy,Bryan,6
2003,Boy,Byron,4
2003,Boy,Caelan,7
2003,Boy,Cahal,5
2003,Boy,Cahir,13
2003,Boy,Cain,13
2003,Boy,Caleb,23
2003,Boy,Callum,110
2003,Boy,Calum,30
2003,Boy,Calvin,10
2003,Boy,Cameron,93
2003,Boy,Caoimhin,11
2003,Boy,Caolan,69
2003,Boy,Caomhan,4
2003,Boy,Carl,3
2003,Boy,Carlo,3
2003,Boy,Carson,14
2003,Boy,Carter,21
2003,Boy,Cathair,5
2003,Boy,Cathal,26
2003,Boy,Cathan,3
2003,Boy,Chad,3
2003,Boy,Charles,22
2003,Boy,Charlie,51
2003,Boy,Che,6
2003,Boy,Christian,9
2003,Boy,Christopher,92
2003,Boy,Cian,18
2003,Boy,Cianan,3
2003,Boy,Ciaran,68
2003,Boy,Cillian,8
2003,Boy,Clarke,3
2003,Boy,Cody,11
2003,Boy,Cole,12
2003,Boy,Colin,5
2003,Boy,Colm,18
2003,Boy,Colum,3
2003,Boy,Conaill,5
2003,Boy,Conal,12
2003,Boy,Conall,28
2003,Boy,Conan,9
2003,Boy,Conleth,4
2003,Boy,Conn,6
2003,Boy,Connor,60
2003,Boy,Conor,202
2003,Boy,Conrad,6
2003,Boy,Coran,4
2003,Boy,Corey,33
2003,Boy,Corin,5
2003,Boy,Cormac,35
2003,Boy,Corrie,3
2003,Boy,Cory,5
2003,Boy,Craig,30
2003,Boy,Cristian,3
2003,Boy,Curtis,33
2003,Boy,Daire,24
2003,Boy,Dale,5
2003,Boy,Damien,4
2003,Boy,Dan,3
2003,Boy,Daniel,188
2003,Boy,Danny,11
2003,Boy,Dara,22
2003,Boy,Darragh,54
2003,Boy,Darren,23
2003,Boy,Darryl,7
2003,Boy,Daryl,4
2003,Boy,David,114
2003,Boy,Dawson,5
2003,Boy,Deaglan,8
2003,Boy,Dean,37
2003,Boy,Declan,33
2003,Boy,Dennis,3
2003,Boy,Deon,3
2003,Boy,Dermot,4
2003,Boy,Devon,3
2003,Boy,Diarmuid,14
2003,Boy,Dillon,10
2003,Boy,Dominic,9
2003,Boy,Donal,9
2003,Boy,Drew,4
2003,Boy,Dylan,176
2003,Boy,Eamon,12
2003,Boy,Eamonn,7
2003,Boy,Edward,18
2003,Boy,Elliot,3
2003,Boy,Elliott,5
2003,Boy,Ellis,3
2003,Boy,Emmet,9
2003,Boy,Emmett,11
2003,Boy,Enda,11
2003,Boy,Eoghan,26
2003,Boy,Eoin,104
2003,Boy,Ethan,158
2003,Boy,Euan,10
2003,Boy,Eugene,6
2003,Boy,Eunan,5
2003,Boy,Evan,20
2003,Boy,Ewan,29
2003,Boy,Fearghal,5
2003,Boy,Felix,3
2003,Boy,Fergal,6
2003,Boy,Fergus,5
2003,Boy,Fiachra,5
2003,Boy,Finlay,9
2003,Boy,Finn,34
2003,Boy,Fintan,5
2003,Boy,Fionn,17
2003,Boy,Fionnbharr,4
2003,Boy,Fionntan,3
2003,Boy,Fiontan,4
2003,Boy,Flynn,8
2003,Boy,Francis,14
2003,Boy,Francisco,3
2003,Boy,Frank,4
2003,Boy,Frederick,3
2003,Boy,Gabriel,3
2003,Boy,Garbhan,3
2003,Boy,Gareth,25
2003,Boy,Gary,7
2003,Boy,Gavin,15
2003,Boy,George,7
2003,Boy,Gerald,3
2003,Boy,Gerard,19
2003,Boy,Giovanni,3
2003,Boy,Glen,8
2003,Boy,Glenn,9
2003,Boy,Harrison,11
2003,Boy,Harry,75
2003,Boy,Harvey,12
2003,Boy,Hayden,6
2003,Boy,Henry,11
2003,Boy,Hugh,12
2003,Boy,Hugo,4
2003,Boy,Iain,3
2003,Boy,Ian,5
2003,Boy,Isaac,14
2003,Boy,Ivan,4
2003,Boy,Jack,375
2003,Boy,Jackson,13
2003,Boy,Jacky,3
2003,Boy,Jacob,41
2003,Boy,Jake,89
2003,Boy,Jakob,3
2003,Boy,James,270
2003,Boy,Jamie,164
2003,Boy,Jamie-Lee,8
2003,Boy,Jared,3
2003,Boy,Jarlath,6
2003,Boy,Jason,43
2003,Boy,Jay,65
2003,Boy,Jody,4
2003,Boy,Joe,11
2003,Boy,Joel,74
2003,Boy,John,116
2003,Boy,Johnathan,5
2003,Boy,Jonah,6
2003,Boy,Jonathan,60
2003,Boy,Jonathon,5
2003,Boy,Jordan,66
2003,Boy,Joseph,78
2003,Boy,Josh,48
2003,Boy,Joshua,229
2003,Boy,Jude,43
2003,Boy,Justin,20
2003,Boy,Kai,28
2003,Boy,Kane,5
2003,Boy,Karl,18
2003,Boy,Keelan,13
2003,Boy,Keenan,4
2003,Boy,Keith,5
2003,Boy,Kevin,25
2003,Boy,Kian,19
2003,Boy,Kieran,18
2003,Boy,Kiernan,3
2003,Boy,Kieron,5
2003,Boy,Killian,4
2003,Boy,Kirk,3
2003,Boy,Kristian,7
2003,Boy,Kristopher,3
2003,Boy,Kurtis,3
2003,Boy,Kyle,71
2003,Boy,Laurence,3
2003,Boy,Lawrence,4
2003,Boy,Lee,50
2003,Boy,Lennon,3
2003,Boy,Leo,25
2003,Boy,Leon,16
2003,Boy,Levi,5
2003,Boy,Lewis,103
2003,Boy,Liam,60
2003,Boy,Logan,15
2003,Boy,Lorcan,20
2003,Boy,Louis,25
2003,Boy,Luca,7
2003,Boy,Lucas,12
2003,Boy,Luka,3
2003,Boy,Luke,132
2003,Boy,Mackenzie,4
2003,Boy,Malachi,6
2003,Boy,Malachy,5
2003,Boy,Marc,19
2003,Boy,Marcus,25
2003,Boy,Mark,94
2003,Boy,Marshall,4
2003,Boy,Martin,32
2003,Boy,Mason,9
2003,Boy,Matthew,317
2003,Boy,Max,21
2003,Boy,Michael,169
2003,Boy,Micheal,12
2003,Boy,Mitchell,6
2003,Boy,Mohammad,3
2003,Boy,Mohammed,3
2003,Boy,Morgan,15
2003,Boy,Muhammad,4
2003,Boy,Myles,3
2003,Boy,Nathan,143
2003,Boy,Nathanael,3
2003,Boy,Nathaniel,5
2003,Boy,Neal,3
2003,Boy,Neil,13
2003,Boy,Niall,82
2003,Boy,Nicholas,20
2003,Boy,Noah,11
2003,Boy,Noel,3
2003,Boy,Odhran,59
2003,Boy,Oisin,98
2003,Boy,Oliver,37
2003,Boy,Omar,5
2003,Boy,Oran,44
2003,Boy,Oscar,8
2003,Boy,Owen,60
2003,Boy,Padraig,24
2003,Boy,Patrick,126
2003,Boy,Paul,51
2003,Boy,Peadar,5
2003,Boy,Pearce,6
2003,Boy,Pearse,19
2003,Boy,Peter,75
2003,Boy,Philip,18
2003,Boy,Piaras,6
2003,Boy,Pierce,12
2003,Boy,Raymond,3
2003,Boy,Reece,64
2003,Boy,Regan,3
2003,Boy,Reuben,26
2003,Boy,Rhys,46
2003,Boy,Rian,9
2003,Boy,Richard,16
2003,Boy,Riley,4
2003,Boy,Rio,9
2003,Boy,Robbie,32
2003,Boy,Robert,65
2003,Boy,Robin,3
2003,Boy,Rohan,3
2003,Boy,Ronan,73
2003,Boy,Rory,66
2003,Boy,Ross,55
2003,Boy,Rossa,3
2003,Boy,Rowan,5
2003,Boy,Ruairi,40
2003,Boy,Ruari,4
2003,Boy,Ryan,265
2003,Boy,Sam,46
2003,Boy,Samuel,81
2003,Boy,Saul,4
2003,Boy,Scott,68
2003,Boy,Se,6
2003,Boy,Seamus,21
2003,Boy,Sean,106
2003,Boy,Sebastian,5
2003,Boy,Senan,4
2003,Boy,Setanta,3
2003,Boy,Seth,4
2003,Boy,Shane,67
2003,Boy,Shaun,14
2003,Boy,Shay,25
2003,Boy,Shea,94
2003,Boy,Simon,11
2003,Boy,Spencer,10
2003,Boy,Stefan,4
2003,Boy,Stephen,64
2003,Boy,Steven,17
2003,Boy,Stewart,9
2003,Boy,Stuart,19
2003,Boy,Tadhg,3
2003,Boy,Taylor,40
2003,Boy,Terence,3
2003,Boy,Theo,3
2003,Boy,Theodore,3
2003,Boy,Thomas,163
2003,Boy,Tiarnan,29
2003,Boy,Tiernan,46
2003,Boy,Tim,3
2003,Boy,Timothy,17
2003,Boy,Tobias,4
2003,Boy,Toby,9
2003,Boy,Todd,6
2003,Boy,Tom,33
2003,Boy,Tomas,15
2003,Boy,Tony,9
2003,Boy,Travis,17
2003,Boy,Trevor,4
2003,Boy,Tristan,10
2003,Boy,Troy,6
2003,Boy,Turlough,3
2003,Boy,Tyler,39
2003,Boy,Tyrese,3
2003,Boy,Tyrone,5
2003,Boy,Vincent,5
2003,Boy,Warren,4
2003,Boy,Wayne,3
2003,Boy,William,74
2003,Boy,Zac,7
2003,Boy,Zach,10
2003,Boy,Zachary,5
2003,Boy,Zack,3
2003,Boy,Zak,10
2003,Girl,Aaliyah,6
2003,Girl,Abbey,5
2003,Girl,Abbi,7
2003,Girl,Abbie,64
2003,Girl,Abby,33
2003,Girl,Abi,3
2003,Girl,Abigail,56
2003,Girl,Adele,4
2003,Girl,Aideen,3
2003,Girl,Aimee,131
2003,Girl,Aine,43
2003,Girl,Aisling,25
2003,Girl,Aislinn,5
2003,Girl,Alana,19
2003,Girl,Alanna,20
2003,Girl,Alannah,5
2003,Girl,Alex,32
2003,Girl,Alexandra,30
2003,Girl,Alexandria,5
2003,Girl,Alice,28
2003,Girl,Alicia,27
2003,Girl,Alisha,11
2003,Girl,Alix,3
2003,Girl,Ally,5
2003,Girl,Alysha,5
2003,Girl,Alyssa,10
2003,Girl,Amber,26
2003,Girl,Amelia,11
2003,Girl,Ami,3
2003,Girl,Amie,3
2003,Girl,Amy,185
2003,Girl,Amy-Leigh,3
2003,Girl,Andrea,6
2003,Girl,Angel,7
2003,Girl,Ann,3
2003,Girl,Anna,135
2003,Girl,Annabel,7
2003,Girl,Anne,6
2003,Girl,Annie,24
2003,Girl,Antonia,7
2003,Girl,Aoibhe,3
2003,Girl,Aoibheann,13
2003,Girl,Aoibhin,4
2003,Girl,Aoibhinn,7
2003,Girl,Aoife,161
2003,Girl,Arwen,3
2003,Girl,Ashleigh,5
2003,Girl,Ashling,3
2003,Girl,Atlanta,3
2003,Girl,Ava,17
2003,Girl,Beth,50
2003,Girl,Bethan,5
2003,Girl,Bethany,70
2003,Girl,Blanaid,3
2003,Girl,Blathnaid,4
2003,Girl,Brianna,9
2003,Girl,Bridget,3
2003,Girl,Brona,6
2003,Girl,Bronagh,21
2003,Girl,Brooke,28
2003,Girl,Cadhla,4
2003,Girl,Cailin,3
2003,Girl,Cait,3
2003,Girl,Caitilin,3
2003,Girl,Caitlin,205
2003,Girl,Caitlyn,5
2003,Girl,Cameron,4
2003,Girl,Caoimhe,83
2003,Girl,Cara,69
2003,Girl,Caragh,7
2003,Girl,Carla,17
2003,Girl,Carly,3
2003,Girl,Caroline,5
2003,Girl,Carrie,3
2003,Girl,Carys,7
2003,Girl,Casey,11
2003,Girl,Cassie,10
2003,Girl,Catherine,41
2003,Girl,Catriona,5
2003,Girl,Cerys,7
2003,Girl,Chanelle,3
2003,Girl,Chantelle,17
2003,Girl,Charis,3
2003,Girl,Charlene,5
2003,Girl,Charley,8
2003,Girl,Charlie,13
2003,Girl,Charlotte,57
2003,Girl,Charly,4
2003,Girl,Chelsea,16
2003,Girl,Cheyenne,4
2003,Girl,Chloe,209
2003,Girl,Chloe-Louise,3
2003,Girl,Christina,11
2003,Girl,Christine,4
2003,Girl,Ciara,76
2003,Girl,Ciarrai,4
2003,Girl,Claire,23
2003,Girl,Clara,21
2003,Girl,Clare,9
2003,Girl,Claudia,5
2003,Girl,Cliodhna,26
2003,Girl,Cliona,5
2003,Girl,Clodagh,26
2003,Girl,Codie,9
2003,Girl,Cody,6
2003,Girl,Colleen,7
2003,Girl,Connie,7
2003,Girl,Cora,27
2003,Girl,Courtney,64
2003,Girl,Daisy,15
2003,Girl,Daniella,3
2003,Girl,Danielle,22
2003,Girl,Dara,7
2003,Girl,Darcey,3
2003,Girl,Darcy,6
2003,Girl,Dearbhaile,4
2003,Girl,Dearbhla,18
2003,Girl,Deborah,3
2003,Girl,Deirbhile,4
2003,Girl,Demi,14
2003,Girl,Demi-Lee,3
2003,Girl,Dervla,8
2003,Girl,Desiree,3
2003,Girl,Dionne,4
2003,Girl,Eadaoin,3
2003,Girl,Ebony,3
2003,Girl,Eden,10
2003,Girl,Eilis,3
2003,Girl,Eimear,55
2003,Girl,Eimhear,4
2003,Girl,Eireann,7
2003,Girl,Elaine,3
2003,Girl,Eleanor,4
2003,Girl,Elise,12
2003,Girl,Elisha,6
2003,Girl,Elizabeth,17
2003,Girl,Ella,79
2003,Girl,Elle,23
2003,Girl,Ellen,78
2003,Girl,Ellie,180
2003,Girl,Eloise,5
2003,Girl,Elsa,3
2003,Girl,Emer,18
2003,Girl,Emily,104
2003,Girl,Emma,248
2003,Girl,Emma-Jane,3
2003,Girl,Emma-Louise,4
2003,Girl,Enya,6
2003,Girl,Erica,4
2003,Girl,Erin,145
2003,Girl,Erinn,4
2003,Girl,Esme,3
2003,Girl,Esther,4
2003,Girl,Eva,51
2003,Girl,Eve,55
2003,Girl,Evelyn,4
2003,Girl,Evie,9
2003,Girl,Faith,12
2003,Girl,Farrah,3
2003,Girl,Faye,13
2003,Girl,Felicity,3
2003,Girl,Fiona,9
2003,Girl,Fionnuala,8
2003,Girl,Francesca,3
2003,Girl,Freya,8
2003,Girl,Gabriella,3
2003,Girl,Gabrielle,14
2003,Girl,Gemma,22
2003,Girl,Georgia,45
2003,Girl,Georgina,3
2003,Girl,Gillian,3
2003,Girl,Grace,82
2003,Girl,Gracie,3
2003,Girl,Grainne,17
2003,Girl,Hailie,3
2003,Girl,Halle,3
2003,Girl,Hanna,4
2003,Girl,Hannah,166
2003,Girl,Hayley,6
2003,Girl,Heather,10
2003,Girl,Helen,8
2003,Girl,Hollie,30
2003,Girl,Holly,112
2003,Girl,Honor,3
2003,Girl,Hope,3
2003,Girl,Imogen,8
2003,Girl,India,3
2003,Girl,Iona,5
2003,Girl,Isabel,3
2003,Girl,Isabella,13
2003,Girl,Isabelle,5
2003,Girl,Jade,14
2003,Girl,Jamie,8
2003,Girl,Jamie-Lee,4
2003,Girl,Jane,13
2003,Girl,Jasmin,6
2003,Girl,Jasmine,18
2003,Girl,Jayne,5
2003,Girl,Jemma,6
2003,Girl,Jenna,25
2003,Girl,Jennifer,17
2003,Girl,Jenny,10
2003,Girl,Jessica,123
2003,Girl,Jill,5
2003,Girl,Joanna,4
2003,Girl,Joanne,8
2003,Girl,Jodi,10
2003,Girl,Jodie,73
2003,Girl,Jody,4
2003,Girl,Jolene,4
2003,Girl,Jolie,3
2003,Girl,Jordan,12
2003,Girl,Jorja,3
2003,Girl,Joy,4
2003,Girl,Jude,6
2003,Girl,Judith,3
2003,Girl,Julia,7
2003,Girl,Julie,6
2003,Girl,Julie-Anne,3
2003,Girl,Kacey,18
2003,Girl,Kaci,9
2003,Girl,Kailey,5
2003,Girl,Kaitlin,8
2003,Girl,Kaitlyn,22
2003,Girl,Kara,9
2003,Girl,Karen,6
2003,Girl,Karla,4
2003,Girl,Kate,39
2003,Girl,Katelin,3
2003,Girl,Katelyn,34
2003,Girl,Katherine,21
2003,Girl,Kathleen,8
2003,Girl,Kathryn,24
2003,Girl,Katie,233
2003,Girl,Katie-Ann,3
2003,Girl,Katie-Rose,3
2003,Girl,Katlyn,3
2003,Girl,Katrina,3
2003,Girl,Katy,9
2003,Girl,Kayla,13
2003,Girl,Kayleigh,11
2003,Girl,Kaytlin,3
2003,Girl,Keela,3
2003,Girl,Keely,5
2003,Girl,Keeva,4
2003,Girl,Kelly,12
2003,Girl,Kelsey,15
2003,Girl,Kenzie,7
2003,Girl,Keri,4
2003,Girl,Kerri,14
2003,Girl,Kerrie,8
2003,Girl,Kerry,23
2003,Girl,Kiera,4
2003,Girl,Kirsten,17
2003,Girl,Kirstin,3
2003,Girl,Kirsty,34
2003,Girl,Kyla,3
2003,Girl,Kyra,6
2003,Girl,Lana,9
2003,Girl,Laoise,6
2003,Girl,Lara,27
2003,Girl,Laura,43
2003,Girl,Lauren,130
2003,Girl,Lauryn,5
2003,Girl,Lea,3
2003,Girl,Leah,138
2003,Girl,Leanne,4
2003,Girl,Leigh,4
2003,Girl,Leigha,4
2003,Girl,Lena,3
2003,Girl,Leona,7
2003,Girl,Leonie,3
2003,Girl,Letitia,4
2003,Girl,Libby,3
2003,Girl,Lily,25
2003,Girl,Lisa,9
2003,Girl,Logan,3
2003,Girl,Lois,12
2003,Girl,Lori,3
2003,Girl,Louisa,5
2003,Girl,Louise,38
2003,Girl,Lucia,4
2003,Girl,Lucie,8
2003,Girl,Lucy,156
2003,Girl,Lydia,18
2003,Girl,Mackenzie,5
2003,Girl,Maddie,3
2003,Girl,Madeleine,7
2003,Girl,Madeline,3
2003,Girl,Madelyn,3
2003,Girl,Madison,25
2003,Girl,Maeve,23
2003,Girl,Maia,14
2003,Girl,Mairead,4
2003,Girl,Maisie,3
2003,Girl,Malia,3
2003,Girl,Margaret,6
2003,Girl,Maria,32
2003,Girl,Marie,4
2003,Girl,Martha,3
2003,Girl,Mary,29
2003,Girl,Maya,6
2003,Girl,Meabh,24
2003,Girl,Meadhbh,3
2003,Girl,Meg,3
2003,Girl,Megan,168
2003,Girl,Meghan,3
2003,Girl,Melanie,4
2003,Girl,Melissa,22
2003,Girl,Mia,59
2003,Girl,Michaela,9
2003,Girl,Michelle,8
2003,Girl,Millie,6
2003,Girl,Miriam,3
2003,Girl,Mollie,19
2003,Girl,Molly,109
2003,Girl,Morgan,44
2003,Girl,Moya,5
2003,Girl,Mya,11
2003,Girl,Myah,3
2003,Girl,Nadia,16
2003,Girl,Nadine,20
2003,Girl,Naoimh,5
2003,Girl,Naomi,37
2003,Girl,Natalie,12
2003,Girl,Natasha,33
2003,Girl,Neve,5
2003,Girl,Niamh,147
2003,Girl,Nicola,15
2003,Girl,Nicole,74
2003,Girl,Nikita,18
2003,Girl,Nikki,3
2003,Girl,Nina,5
2003,Girl,Nuala,3
2003,Girl,Olivia,72
2003,Girl,Oonagh,5
2003,Girl,Orla,40
2003,Girl,Orlagh,15
2003,Girl,Orlaith,33
2003,Girl,Orna,3
2003,Girl,Padraigin,3
2003,Girl,Paige,15
2003,Girl,Paris,7
2003,Girl,Patricia,4
2003,Girl,Paula,8
2003,Girl,Phoebe,7
2003,Girl,Poppy,12
2003,Girl,Rachael,39
2003,Girl,Rachel,174
2003,Girl,Rebecca,145
2003,Girl,Rebekah,49
2003,Girl,Rhea,8
2003,Girl,Rhianna,19
2003,Girl,Rhiannon,15
2003,Girl,Riley,3
2003,Girl,Rioghnach,4
2003,Girl,Riona,3
2003,Girl,Robyn,12
2003,Girl,Roise,11
2003,Girl,Roisin,17
2003,Girl,Roma,4
2003,Girl,Rosa,7
2003,Girl,Rose,7
2003,Girl,Rosemary,6
2003,Girl,Rosie,5
2003,Girl,Ruby,12
2003,Girl,Ruth,14
2003,Girl,Saffron,4
2003,Girl,Sally,3
2003,Girl,Samantha,20
2003,Girl,Saoirse,24
2003,Girl,Sara,21
2003,Girl,Sarah,169
2003,Girl,Sarah-Louise,4
2003,Girl,Sasha,14
2003,Girl,Savannah,3
2003,Girl,Scarlett,3
2003,Girl,Seana,6
2003,Girl,Serena,8
2003,Girl,Shakira,9
2003,Girl,Shania,7
2003,Girl,Shanice,6
2003,Girl,Shanna,4
2003,Girl,Shannagh,5
2003,Girl,Shannen,4
2003,Girl,Shannon,81
2003,Girl,Shauna,25
2003,Girl,Shona,7
2003,Girl,Sian,15
2003,Girl,Sinead,37
2003,Girl,Siobhan,4
2003,Girl,Skye,4
2003,Girl,Sommer,3
2003,Girl,Sophia,23
2003,Girl,Sophie,164
2003,Girl,Sorcha,11
2003,Girl,Stacey,5
2003,Girl,Stephanie,10
2003,Girl,Summer,5
2003,Girl,Susan,3
2003,Girl,Susanna,5
2003,Girl,Susannah,4
2003,Girl,Suzanne,5
2003,Girl,Tammy,5
2003,Girl,Tamzin,13
2003,Girl,Tanya,3
2003,Girl,Tara,33
2003,Girl,Taylor,24
2003,Girl,Tegan,6
2003,Girl,Therese,3
2003,Girl,Tia,16
2003,Girl,Tiana,3
2003,Girl,Tiarna,7
2003,Girl,Tierna,11
2003,Girl,Tina,3
2003,Girl,Toni,11
2003,Girl,Tori,13
2003,Girl,Trinity,3
2003,Girl,Una,3
2003,Girl,Vanessa,3
2003,Girl,Victoria,44
2003,Girl,Yasmin,8
2003,Girl,Yazmin,3
2003,Girl,Zahra,3
2003,Girl,Zara,55
2003,Girl,Zoe,66
2004,Boy,Aaron,151
2004,Boy,Abdul,4
2004,Boy,Adam,238
2004,Boy,Adrian,7
2004,Boy,Aedan,3
2004,Boy,Ahmad,5
2004,Boy,Ahmed,3
2004,Boy,Aidan,58
2004,Boy,Aiden,3
2004,Boy,Alan,14
2004,Boy,Alec,3
2004,Boy,Alex,45
2004,Boy,Alexander,53
2004,Boy,Alfie,11
2004,Boy,Alvin,3
2004,Boy,Andrew,102
2004,Boy,Andy,4
2004,Boy,Angus,5
2004,Boy,Anthony,24
2004,Boy,Aodhan,30
2004,Boy,Archie,5
2004,Boy,Aron,6
2004,Boy,Arthur,3
2004,Boy,Ashley,4
2004,Boy,Ashton,3
2004,Boy,Austin,3
2004,Boy,Bailey,27
2004,Boy,Bailie,4
2004,Boy,Barry,7
2004,Boy,Ben,226
2004,Boy,Benjamin,86
2004,Boy,Benn,3
2004,Boy,Bernard,5
2004,Boy,Billy,6
2004,Boy,Blaine,6
2004,Boy,Blair,4
2004,Boy,Blake,14
2004,Boy,Bobby,12
2004,Boy,Bradley,32
2004,Boy,Brady,4
2004,Boy,Brandon,40
2004,Boy,Brendan,15
2004,Boy,Brian,26
2004,Boy,Brodie,4
2004,Boy,Brody,3
2004,Boy,Brooklyn,3
2004,Boy,Bryan,5
2004,Boy,Bryn,6
2004,Boy,Caelan,6
2004,Boy,Cahir,12
2004,Boy,Cailum,3
2004,Boy,Cain,14
2004,Boy,Cal,4
2004,Boy,Caleb,35
2004,Boy,Callan,3
2004,Boy,Callum,133
2004,Boy,Calum,31
2004,Boy,Calvin,12
2004,Boy,Cameron,77
2004,Boy,Caoimhin,17
2004,Boy,Caolan,54
2004,Boy,Caomhan,4
2004,Boy,Carl,11
2004,Boy,Carson,9
2004,Boy,Carter,35
2004,Boy,Casey,3
2004,Boy,Cathair,12
2004,Boy,Cathal,23
2004,Boy,Charles,24
2004,Boy,Charlie,57
2004,Boy,Charly,3
2004,Boy,Che,9
2004,Boy,Christian,10
2004,Boy,Christopher,85
2004,Boy,Cian,19
2004,Boy,Ciaran,91
2004,Boy,Ciaron,5
2004,Boy,Cillian,10
2004,Boy,Codie,3
2004,Boy,Cody,15
2004,Boy,Cole,8
2004,Boy,Colin,6
2004,Boy,Colm,9
2004,Boy,Colum,3
2004,Boy,Conal,16
2004,Boy,Conall,26
2004,Boy,Conan,16
2004,Boy,Conchur,3
2004,Boy,Conleth,5
2004,Boy,Connor,61
2004,Boy,Conor,194
2004,Boy,Conrad,5
2004,Boy,Corey,47
2004,Boy,Corin,3
2004,Boy,Cormac,73
2004,Boy,Cory,10
2004,Boy,Craig,21
2004,Boy,Cuan,3
2004,Boy,Curtis,27
2004,Boy,Daire,30
2004,Boy,Daithi,4
2004,Boy,Dale,8
2004,Boy,Damian,4
2004,Boy,Damien,5
2004,Boy,Daniel,234
2004,Boy,Danny,9
2004,Boy,Dara,28
2004,Boy,Darragh,61
2004,Boy,Darren,22
2004,Boy,Darryl,8
2004,Boy,Daryl,6
2004,Boy,David,121
2004,Boy,Deaglan,6
2004,Boy,Dean,23
2004,Boy,Declan,30
2004,Boy,Denis,5
2004,Boy,Dermot,5
2004,Boy,Devin,5
2004,Boy,Diarmuid,10
2004,Boy,Dillon,23
2004,Boy,Dominic,9
2004,Boy,Donal,17
2004,Boy,Drew,5
2004,Boy,Dualta,3
2004,Boy,Dylan,200
2004,Boy,Eamon,13
2004,Boy,Eathan,3
2004,Boy,Edward,13
2004,Boy,Edwin,3
2004,Boy,Eli,4
2004,Boy,Elliot,4
2004,Boy,Elliott,4
2004,Boy,Ellis,3
2004,Boy,Emmanuel,4
2004,Boy,Emmet,13
2004,Boy,Emmett,9
2004,Boy,Enda,4
2004,Boy,Eoghan,40
2004,Boy,Eoin,113
2004,Boy,Ethan,174
2004,Boy,Euan,11
2004,Boy,Eunan,5
2004,Boy,Evan,29
2004,Boy,Ewan,18
2004,Boy,Fearghal,3
2004,Boy,Felix,5
2004,Boy,Fergal,7
2004,Boy,Fergus,3
2004,Boy,Fiachra,3
2004,Boy,Finbar,3
2004,Boy,Finlay,15
2004,Boy,Finn,30
2004,Boy,Fintan,8
2004,Boy,Fionn,27
2004,Boy,Fionnan,4
2004,Boy,Fionntan,5
2004,Boy,Fiontan,5
2004,Boy,Flynn,6
2004,Boy,Francis,13
2004,Boy,Frank,4
2004,Boy,Frederick,5
2004,Boy,Gabriel,6
2004,Boy,Gareth,16
2004,Boy,Gary,22
2004,Boy,Gavin,4
2004,Boy,George,16
2004,Boy,Gerard,19
2004,Boy,Glen,4
2004,Boy,Graham,4
2004,Boy,Grant,4
2004,Boy,Guy,3
2004,Boy,Harley,6
2004,Boy,Harrison,8
2004,Boy,Harry,76
2004,Boy,Harvey,22
2004,Boy,Henry,16
2004,Boy,Hugh,12
2004,Boy,Iain,3
2004,Boy,Ian,4
2004,Boy,Isaac,18
2004,Boy,Jac,3
2004,Boy,Jack,353
2004,Boy,Jackson,8
2004,Boy,Jacob,45
2004,Boy,Jake,111
2004,Boy,Jakob,4
2004,Boy,James,269
2004,Boy,Jamie,194
2004,Boy,Jarlath,5
2004,Boy,Jason,40
2004,Boy,Jay,60
2004,Boy,Jayden,4
2004,Boy,Jed,4
2004,Boy,Jeremy,5
2004,Boy,Jody,4
2004,Boy,Joe,19
2004,Boy,Joel,58
2004,Boy,Joey,3
2004,Boy,John,116
2004,Boy,John-Paul,3
2004,Boy,Johnny,8
2004,Boy,Jonah,4
2004,Boy,Jonathan,67
2004,Boy,Jonathon,3
2004,Boy,Jordan,40
2004,Boy,Joseph,86
2004,Boy,Josh,46
2004,Boy,Joshua,177
2004,Boy,Josiah,3
2004,Boy,Judah,3
2004,Boy,Jude,52
2004,Boy,Jun,3
2004,Boy,Justin,19
2004,Boy,Kai,21
2004,Boy,Kane,8
2004,Boy,Karl,11
2004,Boy,Kealan,4
2004,Boy,Keelan,9
2004,Boy,Keelin,3
2004,Boy,Keith,4
2004,Boy,Kelvin,5
2004,Boy,Kenzie,3
2004,Boy,Kevin,27
2004,Boy,Kian,23
2004,Boy,Kieran,23
2004,Boy,Killian,10
2004,Boy,Kirk,4
2004,Boy,Kristian,6
2004,Boy,Kurtis,8
2004,Boy,Kyle,76
2004,Boy,Lachlan,4
2004,Boy,Lee,54
2004,Boy,Leo,22
2004,Boy,Leon,19
2004,Boy,Levi,8
2004,Boy,Lewis,116
2004,Boy,Liam,50
2004,Boy,Lloyd,3
2004,Boy,Logan,20
2004,Boy,Lorcan,34
2004,Boy,Louis,33
2004,Boy,Luca,6
2004,Boy,Lucas,14
2004,Boy,Lughaidh,3
2004,Boy,Luis,4
2004,Boy,Lukas,4
2004,Boy,Luke,145
2004,Boy,Mackenzie,16
2004,Boy,Maitiu,3
2004,Boy,Malachy,7
2004,Boy,Manus,3
2004,Boy,Marc,30
2004,Boy,Marco,3
2004,Boy,Marcus,24
2004,Boy,Mark,91
2004,Boy,Martin,27
2004,Boy,Mason,13
2004,Boy,Matthew,289
2004,Boy,Max,40
2004,Boy,Maximilian,3
2004,Boy,Mckenzie,4
2004,Boy,Miceal,5
2004,Boy,Michael,142
2004,Boy,Micheal,15
2004,Boy,Mitchell,4
2004,Boy,Mohammed,3
2004,Boy,Morgan,21
2004,Boy,Myles,10
2004,Boy,Nathan,101
2004,Boy,Nathaniel,8
2004,Boy,Neil,14
2004,Boy,Niall,63
2004,Boy,Nicholas,11
2004,Boy,Noah,24
2004,Boy,Noel,7
2004,Boy,Odhran,62
2004,Boy,Oisin,113
2004,Boy,Oliver,49
2004,Boy,Oran,44
2004,Boy,Oscar,13
2004,Boy,Owen,49
2004,Boy,Padraic,3
2004,Boy,Padraig,25
2004,Boy,Paidi,3
2004,Boy,Patrick,117
2004,Boy,Paul,49
2004,Boy,Pauric,3
2004,Boy,Pearce,5
2004,Boy,Pearse,32
2004,Boy,Peter,75
2004,Boy,Philip,13
2004,Boy,Piaras,5
2004,Boy,Pierce,8
2004,Boy,Pol,3
2004,Boy,Raymond,7
2004,Boy,Reece,61
2004,Boy,Regan,3
2004,Boy,Reuben,32
2004,Boy,Rhys,45
2004,Boy,Riain,3
2004,Boy,Rian,15
2004,Boy,Richard,7
2004,Boy,Riley,8
2004,Boy,Rio,5
2004,Boy,Rioghan,3
2004,Boy,Roan,4
2004,Boy,Robbie,17
2004,Boy,Robert,44
2004,Boy,Robin,3
2004,Boy,Rogan,4
2004,Boy,Ronan,67
2004,Boy,Rory,60
2004,Boy,Ross,56
2004,Boy,Rowan,5
2004,Boy,Roy,3
2004,Boy,Ruadhan,3
2004,Boy,Ruairi,32
2004,Boy,Ruben,3
2004,Boy,Russell,3
2004,Boy,Ryan,226
2004,Boy,Sam,49
2004,Boy,Samuel,96
2004,Boy,Saul,8
2004,Boy,Scott,78
2004,Boy,Se,4
2004,Boy,Seamus,9
2004,Boy,Sean,138
2004,Boy,Sebastian,3
2004,Boy,Senan,3
2004,Boy,Shane,54
2004,Boy,Shaun,8
2004,Boy,Shay,26
2004,Boy,Shea,110
2004,Boy,Simon,11
2004,Boy,Sol,4
2004,Boy,Spencer,6
2004,Boy,Stefan,5
2004,Boy,Stephen,62
2004,Boy,Steven,16
2004,Boy,Stuart,14
2004,Boy,Tadhg,5
2004,Boy,Taylor,27
2004,Boy,Terence,3
2004,Boy,Terry,6
2004,Boy,Theo,8
2004,Boy,Thomas,175
2004,Boy,Tiarnan,26
2004,Boy,Tiernan,57
2004,Boy,Timothy,14
2004,Boy,Toby,17
2004,Boy,Todd,6
2004,Boy,Tom,34
2004,Boy,Tomas,10
2004,Boy,Tommy,5
2004,Boy,Tony,7
2004,Boy,Travis,9
2004,Boy,Trevor,3
2004,Boy,Tristan,8
2004,Boy,Tristin,3
2004,Boy,Troy,8
2004,Boy,Tyler,38
2004,Boy,Tylor,3
2004,Boy,Tyrone,3
2004,Boy,Ultan,3
2004,Boy,Vincent,3
2004,Boy,Will,4
2004,Boy,William,81
2004,Boy,Zac,3
2004,Boy,Zach,18
2004,Boy,Zachary,7
2004,Boy,Zack,9
2004,Boy,Zak,14
2004,Girl,Aaliyah,13
2004,Girl,Abbey,5
2004,Girl,Abbi,7
2004,Girl,Abbie,77
2004,Girl,Abby,24
2004,Girl,Abi,16
2004,Girl,Abigail,62
2004,Girl,Aideen,4
2004,Girl,Aimee,175
2004,Girl,Aimee-Lee,3
2004,Girl,Aine,41
2004,Girl,Aisha,3
2004,Girl,Aisling,19
2004,Girl,Aislinn,7
2004,Girl,Alana,17
2004,Girl,Alanah,5
2004,Girl,Alanna,14
2004,Girl,Alannah,13
2004,Girl,Alex,35
2004,Girl,Alexa,4
2004,Girl,Alexandra,34
2004,Girl,Alice,31
2004,Girl,Alicia,19
2004,Girl,Alisha,17
2004,Girl,Alison,5
2004,Girl,Alix,6
2004,Girl,Alysha,3
2004,Girl,Alyssa,10
2004,Girl,Amanda,3
2004,Girl,Amber,26
2004,Girl,Amelia,11
2004,Girl,Amelie,5
2004,Girl,Amie,7
2004,Girl,Amy,193
2004,Girl,Amy-Lee,6
2004,Girl,Ana,4
2004,Girl,Anastasia,4
2004,Girl,Andrea,6
2004,Girl,Angel,6
2004,Girl,Angela,4
2004,Girl,Anna,145
2004,Girl,Annabel,7
2004,Girl,Annabelle,4
2004,Girl,Annie,21
2004,Girl,Antonia,3
2004,Girl,Aobh,3
2004,Girl,Aoibh,6
2004,Girl,Aoibhe,3
2004,Girl,Aoibheann,19
2004,Girl,Aoibhin,7
2004,Girl,Aoibhinn,8
2004,Girl,Aoife,145
2004,Girl,April,3
2004,Girl,Arabella,4
2004,Girl,Arianna,6
2004,Girl,Asha,3
2004,Girl,Ashleigh,7
2004,Girl,Ashley,5
2004,Girl,Autumn,3
2004,Girl,Ava,12
2004,Girl,Bailey,5
2004,Girl,Becky,3
2004,Girl,Beth,36
2004,Girl,Bethany,36
2004,Girl,Billie,5
2004,Girl,Billie-Jo,3
2004,Girl,Blaithin,5
2004,Girl,Blathnaid,5
2004,Girl,Bobbie,6
2004,Girl,Bonnie,5
2004,Girl,Brianna,11
2004,Girl,Brogan,5
2004,Girl,Broghan,3
2004,Girl,Brona,3
2004,Girl,Bronagh,27
2004,Girl,Bronwyn,3
2004,Girl,Brooke,29
2004,Girl,Cadhla,4
2004,Girl,Caiomhe,3
2004,Girl,Cait,4
2004,Girl,Caitlin,163
2004,Girl,Caitlyn,19
2004,Girl,Caitriona,5
2004,Girl,Caoimhe,74
2004,Girl,Cara,116
2004,Girl,Caragh,10
2004,Girl,Carla,13
2004,Girl,Carly,11
2004,Girl,Carmen,3
2004,Girl,Caroline,7
2004,Girl,Carolyn,3
2004,Girl,Carrie,5
2004,Girl,Carys,6
2004,Girl,Casey,15
2004,Girl,Casie,4
2004,Girl,Cassie,13
2004,Girl,Cate,4
2004,Girl,Catelyn,3
2004,Girl,Catherine,46
2004,Girl,Cathy,3
2004,Girl,Catriona,4
2004,Girl,Cerys,16
2004,Girl,Chantelle,11
2004,Girl,Chardonnay,3
2004,Girl,Charley,9
2004,Girl,Charlie,8
2004,Girl,Charlize,4
2004,Girl,Charlotte,66
2004,Girl,Chelsea,25
2004,Girl,Chloe,179
2004,Girl,Christina,17
2004,Girl,Christine,4
2004,Girl,Ciara,72
2004,Girl,Ciarrai,6
2004,Girl,Cindy,3
2004,Girl,Claire,19
2004,Girl,Clara,14
2004,Girl,Clare,10
2004,Girl,Claudia,10
2004,Girl,Cliodhna,32
2004,Girl,Cliona,9
2004,Girl,Clodagh,41
2004,Girl,Codie,4
2004,Girl,Cody,3
2004,Girl,Colleen,15
2004,Girl,Connie,13
2004,Girl,Constance,5
2004,Girl,Cora,28
2004,Girl,Courtney,50
2004,Girl,Daisy,7
2004,Girl,Danielle,14
2004,Girl,Dara,6
2004,Girl,Darcie,5
2004,Girl,Darcy,4
2004,Girl,Dearbhail,3
2004,Girl,Dearbhla,16
2004,Girl,Deborah,3
2004,Girl,Deirbhile,3
2004,Girl,Demi,15
2004,Girl,Demi-Lee,4
2004,Girl,Demi-Leigh,5
2004,Girl,Dervla,6
2004,Girl,Donna,3
2004,Girl,Drew,3
2004,Girl,Eabha,6
2004,Girl,Eadaoin,5
2004,Girl,Ebony,6
2004,Girl,Edel,3
2004,Girl,Eden,5
2004,Girl,Eilis,5
2004,Girl,Eimear,72
2004,Girl,Eireann,5
2004,Girl,Eirinn,5
2004,Girl,Eleanor,10
2004,Girl,Elinor,3
2004,Girl,Elise,10
2004,Girl,Elisha,11
2004,Girl,Eliza,3
2004,Girl,Elizabeth,25
2004,Girl,Ella,85
2004,Girl,Elle,13
2004,Girl,Ellen,86
2004,Girl,Ellie,215
2004,Girl,Ellie-Louise,3
2004,Girl,Ellie-Mae,8
2004,Girl,Eloise,6
2004,Girl,Elyse,3
2004,Girl,Emer,7
2004,Girl,Emilia,3
2004,Girl,Emilie,6
2004,Girl,Emily,131
2004,Girl,Emma,260
2004,Girl,Emma-Louise,5
2004,Girl,Enya,9
2004,Girl,Erin,136
2004,Girl,Erinn,4
2004,Girl,Esther,7
2004,Girl,Eva,59
2004,Girl,Eve,49
2004,Girl,Evie,17
2004,Girl,Faith,27
2004,Girl,Fay,4
2004,Girl,Faye,19
2004,Girl,Felicity,3
2004,Girl,Fiona,8
2004,Girl,Fionnuala,6
2004,Girl,Frances,3
2004,Girl,Francesca,5
2004,Girl,Freya,9
2004,Girl,Gabriella,3
2004,Girl,Gabrielle,3
2004,Girl,Gemma,32
2004,Girl,Georgia,36
2004,Girl,Gina,3
2004,Girl,Grace,125
2004,Girl,Gracie,5
2004,Girl,Grainne,11
2004,Girl,Halle,4
2004,Girl,Hallie,3
2004,Girl,Hana,3
2004,Girl,Hannah,160
2004,Girl,Harriet,4
2004,Girl,Hayley,6
2004,Girl,Heather,7
2004,Girl,Heidi,4
2004,Girl,Helen,10
2004,Girl,Hollie,32
2004,Girl,Holly,82
2004,Girl,Honor,5
2004,Girl,Hope,4
2004,Girl,Imogen,5
2004,Girl,Iona,6
2004,Girl,Isabella,8
2004,Girl,Isabelle,7
2004,Girl,Isla,3
2004,Girl,Isobel,4
2004,Girl,Jade,19
2004,Girl,Jamie,5
2004,Girl,Jamie-Lee,3
2004,Girl,Jane,14
2004,Girl,Jasmine,11
2004,Girl,Jayne,6
2004,Girl,Jean,3
2004,Girl,Jemma,9
2004,Girl,Jena,3
2004,Girl,Jenna,22
2004,Girl,Jennifer,17
2004,Girl,Jenny,12
2004,Girl,Jersey,3
2004,Girl,Jessica,149
2004,Girl,Jessie,3
2004,Girl,Jill,3
2004,Girl,Joanna,10
2004,Girl,Joanne,6
2004,Girl,Jodi,10
2004,Girl,Jodie,53
2004,Girl,Jody,9
2004,Girl,Jordan,3
2004,Girl,Jorja,6
2004,Girl,Josephine,5
2004,Girl,Joy,3
2004,Girl,Jude,8
2004,Girl,Judith,4
2004,Girl,Judy,4
2004,Girl,Julia,4
2004,Girl,Julie,4
2004,Girl,Kacey,7
2004,Girl,Kaela,5
2004,Girl,Kaitlin,21
2004,Girl,Kaitlyn,15
2004,Girl,Kara,7
2004,Girl,Karen,5
2004,Girl,Karis,3
2004,Girl,Kasey,3
2004,Girl,Kate,25
2004,Girl,Katelyn,26
2004,Girl,Katharine,3
2004,Girl,Katherine,21
2004,Girl,Kathleen,9
2004,Girl,Kathryn,28
2004,Girl,Katie,307
2004,Girl,Katie-Lee,3
2004,Girl,Katie-Leigh,4
2004,Girl,Katlyn,4
2004,Girl,Katy,9
2004,Girl,Kayla,10
2004,Girl,Kayleigh,15
2004,Girl,Keeley,6
2004,Girl,Keely,3
2004,Girl,Keeva,5
2004,Girl,Keila,3
2004,Girl,Keira,9
2004,Girl,Keisha,6
2004,Girl,Kellie,4
2004,Girl,Kelly,14
2004,Girl,Kelsey,10
2004,Girl,Kelsie,6
2004,Girl,Kennedy,3
2004,Girl,Kenzie,3
2004,Girl,Keri,3
2004,Girl,Kerri,12
2004,Girl,Kerrie,5
2004,Girl,Kerry,23
2004,Girl,Kezia,4
2004,Girl,Kiana,3
2004,Girl,Kiera,16
2004,Girl,Kieva,3
2004,Girl,Kim,3
2004,Girl,Kirsten,14
2004,Girl,Kirstin,5
2004,Girl,Kirsty,31
2004,Girl,Kirstyn,4
2004,Girl,Kitty,3
2004,Girl,Kyla,6
2004,Girl,Lana,8
2004,Girl,Laoise,3
2004,Girl,Lara,26
2004,Girl,Larissa,3
2004,Girl,Laura,57
2004,Girl,Lauren,119
2004,Girl,Laurie,4
2004,Girl,Lauryn,4
2004,Girl,Layla,4
2004,Girl,Lea,3
2004,Girl,Leah,135
2004,Girl,Leanne,4
2004,Girl,Leia,6
2004,Girl,Leona,6
2004,Girl,Letitia,3
2004,Girl,Lia,3
2004,Girl,Lilli,3
2004,Girl,Lily,28
2004,Girl,Lisa,11
2004,Girl,Lois,13
2004,Girl,Lola,3
2004,Girl,Loren,3
2004,Girl,Lori,3
2004,Girl,Louise,47
2004,Girl,Lucia,6
2004,Girl,Lucie,3
2004,Girl,Lucy,158
2004,Girl,Lydia,26
2004,Girl,Mackenzie,8
2004,Girl,Macy,3
2004,Girl,Maddie,4
2004,Girl,Maddison,7
2004,Girl,Maddy,3
2004,Girl,Madeleine,3
2004,Girl,Madeline,4
2004,Girl,Madison,35
2004,Girl,Maebh,6
2004,Girl,Maeve,21
2004,Girl,Maia,9
2004,Girl,Mairead,5
2004,Girl,Makenzie,3
2004,Girl,Margaret,3
2004,Girl,Maria,29
2004,Girl,Marianne,4
2004,Girl,Marie,5
2004,Girl,Marissa,4
2004,Girl,Martha,7
2004,Girl,Mary,26
2004,Girl,Mary-Kate,6
2004,Girl,Maryam,3
2004,Girl,Matilda,4
2004,Girl,Maya,9
2004,Girl,Mckenzie,3
2004,Girl,Meabh,17
2004,Girl,Meaghan,3
2004,Girl,Megan,134
2004,Girl,Meghan,6
2004,Girl,Melanie,5
2004,Girl,Melissa,24
2004,Girl,Mia,68
2004,Girl,Michaela,14
2004,Girl,Michelle,14
2004,Girl,Millie,7
2004,Girl,Miya,3
2004,Girl,Mollie,19
2004,Girl,Molly,115
2004,Girl,Monica,3
2004,Girl,Morgan,32
2004,Girl,Moya,3
2004,Girl,Mya,19
2004,Girl,Nadia,9
2004,Girl,Nadine,13
2004,Girl,Nancy,3
2004,Girl,Naoise,12
2004,Girl,Naomi,41
2004,Girl,Natalie,17
2004,Girl,Natasha,26
2004,Girl,Neamh,4
2004,Girl,Nia,3
2004,Girl,Niamh,187
2004,Girl,Nicola,7
2004,Girl,Nicole,59
2004,Girl,Nikita,9
2004,Girl,Nikki,5
2004,Girl,Nina,5
2004,Girl,Olivia,84
2004,Girl,Oonagh,4
2004,Girl,Orla,43
2004,Girl,Orlagh,9
2004,Girl,Orlaigh,3
2004,Girl,Orlaith,14
2004,Girl,Paige,17
2004,Girl,Paris,6
2004,Girl,Paula,3
2004,Girl,Philippa,3
2004,Girl,Phoebe,13
2004,Girl,Poppy,9
2004,Girl,Rachael,21
2004,Girl,Rachel,168
2004,Girl,Reagan,4
2004,Girl,Reanna,3
2004,Girl,Rebecca,119
2004,Girl,Rebekah,48
2004,Girl,Regan,4
2004,Girl,Rhea,9
2004,Girl,Rhian,3
2004,Girl,Rhianna,24
2004,Girl,Rhianne,3
2004,Girl,Rhiannon,17
2004,Girl,Ria,4
2004,Girl,Rianna,3
2004,Girl,Rioghnach,3
2004,Girl,Riona,5
2004,Girl,Robyn,28
2004,Girl,Roise,11
2004,Girl,Roisin,11
2004,Girl,Roma,3
2004,Girl,Rosa,7
2004,Girl,Rose,13
2004,Girl,Rosemary,4
2004,Girl,Rosie,13
2004,Girl,Ruby,11
2004,Girl,Ruth,16
2004,Girl,Saffron,4
2004,Girl,Samantha,11
2004,Girl,Saoirse,19
2004,Girl,Sara,14
2004,Girl,Sarah,189
2004,Girl,Sarah-Jane,3
2004,Girl,Sasha,15
2004,Girl,Scarlett,7
2004,Girl,Seana,5
2004,Girl,Seaneen,4
2004,Girl,Serena,4
2004,Girl,Shania,8
2004,Girl,Shanice,3
2004,Girl,Shannon,80
2004,Girl,Shauna,20
2004,Girl,Shona,7
2004,Girl,Sian,11
2004,Girl,Sienna,7
2004,Girl,Simone,3
2004,Girl,Sinead,32
2004,Girl,Siobhan,5
2004,Girl,Siofra,4
2004,Girl,Skye,11
2004,Girl,Sofia,4
2004,Girl,Sophia,20
2004,Girl,Sophie,217
2004,Girl,Sorcha,18
2004,Girl,Stacey,8
2004,Girl,Stella,4
2004,Girl,Stephanie,10
2004,Girl,Summer,6
2004,Girl,Susan,7
2004,Girl,Susannah,3
2004,Girl,Suzanna,3
2004,Girl,Suzannah,3
2004,Girl,Tabitha,4
2004,Girl,Tammy,6
2004,Girl,Tamzin,7
2004,Girl,Tanisha,3
2004,Girl,Tanya,7
2004,Girl,Tara,43
2004,Girl,Taylor,14
2004,Girl,Tegan,9
2004,Girl,Teigan,3
2004,Girl,Tess,3
2004,Girl,Thea,3
2004,Girl,Tia,10
2004,Girl,Tiana,6
2004,Girl,Tierna,8
2004,Girl,Tiernagh,3
2004,Girl,Tiffany,3
2004,Girl,Toluwanimi,3
2004,Girl,Toni,7
2004,Girl,Tori,13
2004,Girl,Tori-Lee,3
2004,Girl,Trinity,8
2004,Girl,Una,5
2004,Girl,Vicky,5
2004,Girl,Victoria,30
2004,Girl,Xin,4
2004,Girl,Yasmin,10
2004,Girl,Zara,50
2004,Girl,Zoe,52
2005,Boy,Aaron,147
2005,Boy,Adam,241
2005,Boy,Adrian,3
2005,Boy,Aedan,3
2005,Boy,Aidan,47
2005,Boy,Aiden,5
2005,Boy,Alan,3
2005,Boy,Alex,42
2005,Boy,Alexander,56
2005,Boy,Alfie,14
2005,Boy,Allister,3
2005,Boy,Andre,3
2005,Boy,Andrew,88
2005,Boy,Angus,7
2005,Boy,Anthony,25
2005,Boy,Antoin,3
2005,Boy,Anton,9
2005,Boy,Aodhan,16
2005,Boy,Archie,8
2005,Boy,Arthur,3
2005,Boy,Ashley,3
2005,Boy,Ashton,7
2005,Boy,Bailey,30
2005,Boy,Bailie,3
2005,Boy,Barry,10
2005,Boy,Ben,182
2005,Boy,Benedict,5
2005,Boy,Benjamin,90
2005,Boy,Bernard,4
2005,Boy,Billy,9
2005,Boy,Blaine,3
2005,Boy,Bobby,14
2005,Boy,Brad,3
2005,Boy,Bradley,43
2005,Boy,Brady,4
2005,Boy,Brandan,3
2005,Boy,Brandon,33
2005,Boy,Brendan,18
2005,Boy,Brian,24
2005,Boy,Brodie,10
2005,Boy,Brody,3
2005,Boy,Brogan,6
2005,Boy,Brooklyn,8
2005,Boy,Bryan,4
2005,Boy,Bryce,3
2005,Boy,Caelan,3
2005,Boy,Cahal,4
2005,Boy,Cahir,9
2005,Boy,Caiden,4
2005,Boy,Cain,6
2005,Boy,Cal,4
2005,Boy,Caleb,22
2005,Boy,Callan,3
2005,Boy,Callum,130
2005,Boy,Calum,63
2005,Boy,Calvin,10
2005,Boy,Cameron,63
2005,Boy,Campbell,3
2005,Boy,Caoimhin,19
2005,Boy,Caolan,58
2005,Boy,Caomhan,7
2005,Boy,Carl,12
2005,Boy,Carson,12
2005,Boy,Carter,20
2005,Boy,Casey,4
2005,Boy,Cathair,8
2005,Boy,Cathal,20
2005,Boy,Cathan,5
2005,Boy,Cathaoir,4
2005,Boy,Charles,28
2005,Boy,Charley,3
2005,Boy,Charlie,90
2005,Boy,Che,6
2005,Boy,Chris,5
2005,Boy,Christian,20
2005,Boy,Christopher,95
2005,Boy,Christy,3
2005,Boy,Cian,31
2005,Boy,Ciaran,60
2005,Boy,Cillian,11
2005,Boy,Clarke,3
2005,Boy,Cody,15
2005,Boy,Cohen,3
2005,Boy,Cole,13
2005,Boy,Colin,4
2005,Boy,Colm,9
2005,Boy,Colum,3
2005,Boy,Conaire,3
2005,Boy,Conal,17
2005,Boy,Conall,35
2005,Boy,Conan,27
2005,Boy,Conleth,6
2005,Boy,Conn,6
2005,Boy,Connell,4
2005,Boy,Connor,46
2005,Boy,Conor,178
2005,Boy,Conrad,3
2005,Boy,Corey,69
2005,Boy,Corin,4
2005,Boy,Cormac,77
2005,Boy,Craig,14
2005,Boy,Curtis,29
2005,Boy,Daire,34
2005,Boy,Daithi,4
2005,Boy,Dale,6
2005,Boy,Damien,3
2005,Boy,Dan,3
2005,Boy,Daniel,228
2005,Boy,Danny,12
2005,Boy,Dara,27
2005,Boy,Darragh,74
2005,Boy,Darren,28
2005,Boy,Daryl,4
2005,Boy,David,83
2005,Boy,Davin,5
2005,Boy,Deaglan,5
2005,Boy,Dean,22
2005,Boy,Declan,19
2005,Boy,Denis,3
2005,Boy,Denver,3
2005,Boy,Dermot,3
2005,Boy,Desmond,3
2005,Boy,Diarmuid,11
2005,Boy,Dillan,3
2005,Boy,Dillon,10
2005,Boy,Dominic,8
2005,Boy,Donal,11
2005,Boy,Drew,3
2005,Boy,Dylan,144
2005,Boy,Eamon,9
2005,Boy,Eamonn,13
2005,Boy,Edward,16
2005,Boy,Elijah,5
2005,Boy,Elliot,7
2005,Boy,Elliott,6
2005,Boy,Emmanuel,3
2005,Boy,Emmet,7
2005,Boy,Emmett,8
2005,Boy,Enda,12
2005,Boy,Eoghain,3
2005,Boy,Eoghan,34
2005,Boy,Eoin,101
2005,Boy,Eric,3
2005,Boy,Ethan,177
2005,Boy,Euan,12
2005,Boy,Eunan,9
2005,Boy,Evan,31
2005,Boy,Ewan,24
2005,Boy,Fabian,3
2005,Boy,Fergus,3
2005,Boy,Fiachra,9
2005,Boy,Finlay,19
2005,Boy,Finley,5
2005,Boy,Finn,34
2005,Boy,Fintan,15
2005,Boy,Fionn,21
2005,Boy,Fionntan,4
2005,Boy,Fiontan,3
2005,Boy,Flynn,4
2005,Boy,Francis,16
2005,Boy,Frazer,4
2005,Boy,Freddie,4
2005,Boy,Gabriel,12
2005,Boy,Gareth,14
2005,Boy,Gary,19
2005,Boy,Gavin,21
2005,Boy,Gearoid,3
2005,Boy,George,20
2005,Boy,Gerard,16
2005,Boy,Glen,3
2005,Boy,Glenn,4
2005,Boy,Harley,7
2005,Boy,Harrison,16
2005,Boy,Harry,85
2005,Boy,Harvey,40
2005,Boy,Hayden,6
2005,Boy,Henry,9
2005,Boy,Hugh,7
2005,Boy,Ian,5
2005,Boy,Isaac,31
2005,Boy,Jack,346
2005,Boy,Jackson,7
2005,Boy,Jacob,53
2005,Boy,Jai,4
2005,Boy,Jake,120
2005,Boy,James,238
2005,Boy,Jamie,189
2005,Boy,Jamie-Lee,3
2005,Boy,Jan,3
2005,Boy,Jarlath,3
2005,Boy,Jason,26
2005,Boy,Jay,62
2005,Boy,Jayden,10
2005,Boy,Jenson,4
2005,Boy,Jesse,3
2005,Boy,Jim,3
2005,Boy,Joe,14
2005,Boy,Joel,60
2005,Boy,Joey,5
2005,Boy,John,103
2005,Boy,Johnny,11
2005,Boy,Jon,4
2005,Boy,Jonah,6
2005,Boy,Jonathan,58
2005,Boy,Jonathon,4
2005,Boy,Jordan,32
2005,Boy,Joseph,74
2005,Boy,Josh,74
2005,Boy,Joshua,193
2005,Boy,Jude,58
2005,Boy,Junior,4
2005,Boy,Justin,15
2005,Boy,Kaden,4
2005,Boy,Kai,25
2005,Boy,Kane,4
2005,Boy,Karl,16
2005,Boy,Karol,4
2005,Boy,Kealan,7
2005,Boy,Keegan,4
2005,Boy,Keelan,10
2005,Boy,Keelin,4
2005,Boy,Keenan,3
2005,Boy,Keith,3
2005,Boy,Kelvin,3
2005,Boy,Kenzie,23
2005,Boy,Kevin,34
2005,Boy,Kian,13
2005,Boy,Kieran,13
2005,Boy,Kieron,4
2005,Boy,Killian,8
2005,Boy,Korey,4
2005,Boy,Kristian,9
2005,Boy,Kurtis,6
2005,Boy,Kyle,80
2005,Boy,Lee,41
2005,Boy,Lennox,4
2005,Boy,Leo,35
2005,Boy,Leon,27
2005,Boy,Levi,8
2005,Boy,Lewis,112
2005,Boy,Liam,56
2005,Boy,Lloyd,4
2005,Boy,Logan,32
2005,Boy,Lorcan,33
2005,Boy,Louie,3
2005,Boy,Louis,19
2005,Boy,Luc,3
2005,Boy,Luca,12
2005,Boy,Lucas,14
2005,Boy,Luis,6
2005,Boy,Lukas,4
2005,Boy,Luke,153
2005,Boy,Mackenzie,14
2005,Boy,Malachi,5
2005,Boy,Malachy,6
2005,Boy,Manus,4
2005,Boy,Marc,18
2005,Boy,Marcus,19
2005,Boy,Mark,79
2005,Boy,Martin,20
2005,Boy,Mason,15
2005,Boy,Matt,3
2005,Boy,Matthew,294
2005,Boy,Maurice,3
2005,Boy,Max,40
2005,Boy,Maxwell,3
2005,Boy,Mckenzie,5
2005,Boy,Michael,122
2005,Boy,Micheal,12
2005,Boy,Mitchel,3
2005,Boy,Mitchell,3
2005,Boy,Morgan,11
2005,Boy,Muhammad,4
2005,Boy,Myles,8
2005,Boy,Naoise,3
2005,Boy,Nathan,113
2005,Boy,Nathaniel,9
2005,Boy,Neil,8
2005,Boy,Niall,67
2005,Boy,Nicholas,14
2005,Boy,Noah,59
2005,Boy,Noel,5
2005,Boy,Odhran,61
2005,Boy,Oisin,89
2005,Boy,Oliver,50
2005,Boy,Oran,43
2005,Boy,Orran,3
2005,Boy,Oscar,9
2005,Boy,Owen,50
2005,Boy,Padraig,27
2005,Boy,Patrick,102
2005,Boy,Paul,51
2005,Boy,Pauric,5
2005,Boy,Peadar,6
2005,Boy,Pearce,7
2005,Boy,Pearse,23
2005,Boy,Peter,58
2005,Boy,Philip,14
2005,Boy,Piaras,4
2005,Boy,Pierce,3
2005,Boy,Raymond,5
2005,Boy,Reece,66
2005,Boy,Regan,3
2005,Boy,Reuben,26
2005,Boy,Rhys,44
2005,Boy,Riain,4
2005,Boy,Rian,16
2005,Boy,Richard,14
2005,Boy,Riley,11
2005,Boy,Rio,11
2005,Boy,Roan,3
2005,Boy,Robbie,13
2005,Boy,Robert,62
2005,Boy,Ronan,65
2005,Boy,Rory,38
2005,Boy,Ross,37
2005,Boy,Rossa,3
2005,Boy,Rowan,9
2005,Boy,Roy,4
2005,Boy,Ruairi,44
2005,Boy,Ruari,8
2005,Boy,Ruben,6
2005,Boy,Rudi,4
2005,Boy,Ryan,228
2005,Boy,Rylan,3
2005,Boy,Sam,66
2005,Boy,Samuel,97
2005,Boy,Saul,3
2005,Boy,Scott,48
2005,Boy,Seamus,13
2005,Boy,Sean,120
2005,Boy,Sebastian,4
2005,Boy,Senan,7
2005,Boy,Seth,8
2005,Boy,Shane,47
2005,Boy,Shaun,13
2005,Boy,Shay,18
2005,Boy,Shayne,3
2005,Boy,Shea,94
2005,Boy,Simon,9
2005,Boy,Sol,3
2005,Boy,Stefan,7
2005,Boy,Stephen,67
2005,Boy,Steven,14
2005,Boy,Stuart,14
2005,Boy,Tadhg,5
2005,Boy,Taylor,37
2005,Boy,Terence,3
2005,Boy,Theo,4
2005,Boy,Theodore,3
2005,Boy,Thomas,157
2005,Boy,Tiarnan,36
2005,Boy,Tiernan,50
2005,Boy,Timothy,22
2005,Boy,Tobias,3
2005,Boy,Toby,19
2005,Boy,Todd,3
2005,Boy,Tom,29
2005,Boy,Tomas,16
2005,Boy,Tommy,4
2005,Boy,Tony,5
2005,Boy,Torin,3
2005,Boy,Travis,12
2005,Boy,Tristan,18
2005,Boy,Troy,8
2005,Boy,Turlough,3
2005,Boy,Ty,6
2005,Boy,Tyler,62
2005,Boy,Tylor,3
2005,Boy,Ultan,3
2005,Boy,Vincent,5
2005,Boy,Warren,6
2005,Boy,Will,7
2005,Boy,William,85
2005,Boy,Zac,8
2005,Boy,Zach,21
2005,Boy,Zachary,10
2005,Boy,Zack,13
2005,Boy,Zak,17
2005,Girl,Aaliyah,10
2005,Girl,Abbey,3
2005,Girl,Abbi,9
2005,Girl,Abbie,74
2005,Girl,Abby,17
2005,Girl,Abi,22
2005,Girl,Abigail,76
2005,Girl,Adele,3
2005,Girl,Aideen,10
2005,Girl,Aileen,3
2005,Girl,Ailish,4
2005,Girl,Aimee,146
2005,Girl,Aine,44
2005,Girl,Aisha,3
2005,Girl,Aisling,18
2005,Girl,Aislinn,8
2005,Girl,Alana,16
2005,Girl,Alanna,13
2005,Girl,Alannah,12
2005,Girl,Aleesha,6
2005,Girl,Alex,27
2005,Girl,Alexandra,29
2005,Girl,Alexandria,6
2005,Girl,Alice,24
2005,Girl,Alicia,37
2005,Girl,Alisha,20
2005,Girl,Alison,3
2005,Girl,Alix,3
2005,Girl,Ally,3
2005,Girl,Alyssa,7
2005,Girl,Amanda,3
2005,Girl,Amber,29
2005,Girl,Amelia,23
2005,Girl,Amie,4
2005,Girl,Amiee,4
2005,Girl,Amy,181
2005,Girl,Amy-Leigh,3
2005,Girl,Ana,4
2005,Girl,Anastacia,3
2005,Girl,Andrea,9
2005,Girl,Angel,5
2005,Girl,Anita,3
2005,Girl,Ann,3
2005,Girl,Anna,165
2005,Girl,Anna-Marie,3
2005,Girl,Annabel,4
2005,Girl,Annabelle,7
2005,Girl,Annalise,3
2005,Girl,Anne,3
2005,Girl,Annie,22
2005,Girl,Anya,3
2005,Girl,Aoibh,8
2005,Girl,Aoibhe,6
2005,Girl,Aoibheann,13
2005,Girl,Aoibhin,12
2005,Girl,Aoibhinn,14
2005,Girl,Aoife,156
2005,Girl,Asha,3
2005,Girl,Ashleigh,14
2005,Girl,Ashley,5
2005,Girl,Autumn,4
2005,Girl,Ava,30
2005,Girl,Becky,6
2005,Girl,Beth,39
2005,Girl,Bethan,3
2005,Girl,Bethany,43
2005,Girl,Billie,5
2005,Girl,Blaithin,8
2005,Girl,Blathnaid,7
2005,Girl,Bobbi,4
2005,Girl,Bonnie,4
2005,Girl,Breanna,4
2005,Girl,Brenna,3
2005,Girl,Brianna,10
2005,Girl,Brogan,4
2005,Girl,Bronagh,17
2005,Girl,Bronwyn,3
2005,Girl,Brooke,35
2005,Girl,Cadhla,4
2005,Girl,Caitilin,3
2005,Girl,Caitlin,156
2005,Girl,Caitlyn,14
2005,Girl,Caitriona,3
2005,Girl,Caoimhe,70
2005,Girl,Cara,96
2005,Girl,Caragh,13
2005,Girl,Carla,10
2005,Girl,Carly,13
2005,Girl,Caroline,6
2005,Girl,Carrie,5
2005,Girl,Carys,3
2005,Girl,Casey,19
2005,Girl,Cassidy,3
2005,Girl,Cassie,13
2005,Girl,Catherine,36
2005,Girl,Cayla,3
2005,Girl,Cerys,10
2005,Girl,Chantelle,20
2005,Girl,Charis,6
2005,Girl,Charlee,5
2005,Girl,Charley,9
2005,Girl,Charlie,10
2005,Girl,Charlotte,72
2005,Girl,Chelsea,12
2005,Girl,Chelsey,6
2005,Girl,Chelsie,3
2005,Girl,Cheyenne,3
2005,Girl,Chloe,160
2005,Girl,Christina,7
2005,Girl,Christine,3
2005,Girl,Ciara,73
2005,Girl,Ciarrai,6
2005,Girl,Claire,14
2005,Girl,Clara,17
2005,Girl,Clare,12
2005,Girl,Claudia,6
2005,Girl,Cliodhna,35
2005,Girl,Cliona,7
2005,Girl,Clodagh,37
2005,Girl,Codi,6
2005,Girl,Codie,6
2005,Girl,Cody,9
2005,Girl,Colleen,14
2005,Girl,Connie,17
2005,Girl,Cora,27
2005,Girl,Courtney,36
2005,Girl,Daisy,18
2005,Girl,Dakota,5
2005,Girl,Daniella,4
2005,Girl,Danielle,17
2005,Girl,Danni,3
2005,Girl,Dara,5
2005,Girl,Darcey,4
2005,Girl,Darci,3
2005,Girl,Darcy,8
2005,Girl,Dearbhail,7
2005,Girl,Dearbhla,15
2005,Girl,Deirbhile,3
2005,Girl,Demi,17
2005,Girl,Demi-Lee,6
2005,Girl,Demi-Leigh,6
2005,Girl,Denise,4
2005,Girl,Dervla,3
2005,Girl,Eabha,9
2005,Girl,Eadaoin,8
2005,Girl,Ebony,9
2005,Girl,Eden,6
2005,Girl,Eibhlin,3
2005,Girl,Eileen,4
2005,Girl,Eilidh,3
2005,Girl,Eilis,3
2005,Girl,Eilish,3
2005,Girl,Eimear,75
2005,Girl,Eimhear,6
2005,Girl,Eireann,5
2005,Girl,Eleanor,8
2005,Girl,Elena,5
2005,Girl,Elise,3
2005,Girl,Elisha,9
2005,Girl,Elizabeth,32
2005,Girl,Ella,93
2005,Girl,Ella-Rose,3
2005,Girl,Elle,17
2005,Girl,Ellen,70
2005,Girl,Ellie,217
2005,Girl,Ellie-Mae,7
2005,Girl,Ellie-Rose,3
2005,Girl,Eloise,5
2005,Girl,Emer,12
2005,Girl,Emilie,3
2005,Girl,Emily,128
2005,Girl,Emma,220
2005,Girl,Emma-Louise,3
2005,Girl,Enya,7
2005,Girl,Erika,7
2005,Girl,Erin,149
2005,Girl,Erinn,5
2005,Girl,Eryn,3
2005,Girl,Esther,3
2005,Girl,Eva,76
2005,Girl,Eve,69
2005,Girl,Evie,33
2005,Girl,Faith,34
2005,Girl,Farrah,5
2005,Girl,Faye,14
2005,Girl,Felicity,4
2005,Girl,Fiona,12
2005,Girl,Fionnuala,4
2005,Girl,Francesca,3
2005,Girl,Freya,7
2005,Girl,Gabriela,3
2005,Girl,Gabriella,4
2005,Girl,Gabrielle,5
2005,Girl,Gemma,20
2005,Girl,Georgia,27
2005,Girl,Georgina,5
2005,Girl,Grace,125
2005,Girl,Gracie,8
2005,Girl,Grainne,14
2005,Girl,Halle,6
2005,Girl,Hanna,8
2005,Girl,Hannah,185
2005,Girl,Harley,4
2005,Girl,Hayley,10
2005,Girl,Heather,9
2005,Girl,Heidi,5
2005,Girl,Helen,3
2005,Girl,Hollie,28
2005,Girl,Holly,90
2005,Girl,Honey,3
2005,Girl,Hope,8
2005,Girl,Imogen,7
2005,Girl,Iona,4
2005,Girl,Isabel,5
2005,Girl,Isabella,25
2005,Girl,Isabelle,7
2005,Girl,Isla,5
2005,Girl,Isobel,3
2005,Girl,Jacqueline,5
2005,Girl,Jade,5
2005,Girl,Jamie,4
2005,Girl,Jamie-Leigh,3
2005,Girl,Jane,20
2005,Girl,Jasmin,3
2005,Girl,Jasmine,24
2005,Girl,Jayne,11
2005,Girl,Jazmin,4
2005,Girl,Jemma,7
2005,Girl,Jenna,27
2005,Girl,Jennifer,20
2005,Girl,Jenny,4
2005,Girl,Jessica,143
2005,Girl,Jia,4
2005,Girl,Jill,3
2005,Girl,Joanna,4
2005,Girl,Joanne,8
2005,Girl,Jodi,11
2005,Girl,Jodie,51
2005,Girl,Jorja,7
2005,Girl,Josephine,3
2005,Girl,Josie,8
2005,Girl,Joy,7
2005,Girl,Judith,4
2005,Girl,Julia,7
2005,Girl,Julie,4
2005,Girl,Kacey,17
2005,Girl,Kaci,15
2005,Girl,Kadie,4
2005,Girl,Kady,4
2005,Girl,Kaitlin,7
2005,Girl,Kaitlyn,21
2005,Girl,Kara,12
2005,Girl,Karina,3
2005,Girl,Karla,3
2005,Girl,Karolina,4
2005,Girl,Kasey,3
2005,Girl,Kate,40
2005,Girl,Katelyn,25
2005,Girl,Katherine,11
2005,Girl,Kathleen,9
2005,Girl,Kathryn,13
2005,Girl,Katie,290
2005,Girl,Katie-Leigh,3
2005,Girl,Katie-Rose,3
2005,Girl,Katrina,5
2005,Girl,Katy,15
2005,Girl,Kayla,23
2005,Girl,Kaylah,3
2005,Girl,Kayleigh,12
2005,Girl,Keela,7
2005,Girl,Keeley,8
2005,Girl,Keely,4
2005,Girl,Keeva,5
2005,Girl,Keira,7
2005,Girl,Kelis,3
2005,Girl,Kellie,4
2005,Girl,Kelly,4
2005,Girl,Kelsey,13
2005,Girl,Kelsie,3
2005,Girl,Kenzi,3
2005,Girl,Kenzie,5
2005,Girl,Keri,4
2005,Girl,Kerri,10
2005,Girl,Kerrie,5
2005,Girl,Kerry,13
2005,Girl,Kezia,5
2005,Girl,Kiera,9
2005,Girl,Kira,3
2005,Girl,Kirsten,24
2005,Girl,Kirsty,21
2005,Girl,Kirstyn,3
2005,Girl,Kristen,3
2005,Girl,Kyla,7
2005,Girl,Kyra,3
2005,Girl,Laila,4
2005,Girl,Lana,6
2005,Girl,Laoise,6
2005,Girl,Lara,26
2005,Girl,Laura,51
2005,Girl,Lauren,109
2005,Girl,Laurie,4
2005,Girl,Lauryn,3
2005,Girl,Leah,163
2005,Girl,Leanna,3
2005,Girl,Leanne,3
2005,Girl,Leia,5
2005,Girl,Leigh,3
2005,Girl,Lena,4
2005,Girl,Leona,5
2005,Girl,Lia,7
2005,Girl,Libby,5
2005,Girl,Lilly,4
2005,Girl,Lily,17
2005,Girl,Lisa,18
2005,Girl,Lisa-Marie,4
2005,Girl,Lois,20
2005,Girl,Lola,3
2005,Girl,Lorna,4
2005,Girl,Louise,25
2005,Girl,Lucia,10
2005,Girl,Lucie,11
2005,Girl,Lucy,156
2005,Girl,Lydia,14
2005,Girl,Mackenzie,10
2005,Girl,Macy,5
2005,Girl,Maddie,3
2005,Girl,Maddison,10
2005,Girl,Madeline,7
2005,Girl,Madison,53
2005,Girl,Maeve,18
2005,Girl,Maggie,4
2005,Girl,Maia,4
2005,Girl,Mairead,5
2005,Girl,Maisy,4
2005,Girl,Margaret,4
2005,Girl,Maria,30
2005,Girl,Marissa,3
2005,Girl,Martha,8
2005,Girl,Martina,3
2005,Girl,Mary,30
2005,Girl,Mary-Kate,4
2005,Girl,Maya,10
2005,Girl,Meabh,18
2005,Girl,Meadhbh,5
2005,Girl,Meagan,3
2005,Girl,Megan,128
2005,Girl,Meghan,6
2005,Girl,Melanie,7
2005,Girl,Melissa,22
2005,Girl,Mia,66
2005,Girl,Michaela,17
2005,Girl,Michelle,5
2005,Girl,Millie,10
2005,Girl,Mischa,3
2005,Girl,Miya,4
2005,Girl,Mollie,33
2005,Girl,Molly,114
2005,Girl,Morgan,30
2005,Girl,Muireann,5
2005,Girl,Mya,17
2005,Girl,Myah,3
2005,Girl,Myia,3
2005,Girl,Nadine,4
2005,Girl,Nakita,3
2005,Girl,Nancy,3
2005,Girl,Naoise,6
2005,Girl,Naomi,37
2005,Girl,Natalie,16
2005,Girl,Natasha,26
2005,Girl,Neamh,3
2005,Girl,Nia,4
2005,Girl,Niamh,189
2005,Girl,Nicola,6
2005,Girl,Nicole,80
2005,Girl,Nikita,11
2005,Girl,Nina,8
2005,Girl,Nuala,4
2005,Girl,Nyah,3
2005,Girl,Ocean,3
2005,Girl,Olivia,72
2005,Girl,Orla,38
2005,Girl,Orlagh,9
2005,Girl,Orlaigh,5
2005,Girl,Orlaith,34
2005,Girl,Orna,3
2005,Girl,Paige,31
2005,Girl,Paris,9
2005,Girl,Patrice,4
2005,Girl,Phoebe,11
2005,Girl,Pippa,3
2005,Girl,Poppy,13
2005,Girl,Rachael,26
2005,Girl,Rachel,151
2005,Girl,Reanna,3
2005,Girl,Rebecca,148
2005,Girl,Rebekah,34
2005,Girl,Rhea,3
2005,Girl,Rhianna,27
2005,Girl,Rhiannon,21
2005,Girl,Ria,4
2005,Girl,Rianna,3
2005,Girl,Riley,5
2005,Girl,Riona,5
2005,Girl,Rionach,5
2005,Girl,Robyn,20
2005,Girl,Roise,9
2005,Girl,Roisin,14
2005,Girl,Roma,6
2005,Girl,Rosa,5
2005,Girl,Rose,17
2005,Girl,Rosie,16
2005,Girl,Ruby,37
2005,Girl,Ruth,16
2005,Girl,Sadie,4
2005,Girl,Saffron,3
2005,Girl,Sally,3
2005,Girl,Samantha,19
2005,Girl,Samara,3
2005,Girl,Saoirse,19
2005,Girl,Saorla,3
2005,Girl,Sara,14
2005,Girl,Sarah,173
2005,Girl,Sarah-Jane,7
2005,Girl,Sasha,16
2005,Girl,Scarlett,13
2005,Girl,Seana,5
2005,Girl,Serena,12
2005,Girl,Shakira,4
2005,Girl,Shana,3
2005,Girl,Shania,8
2005,Girl,Shanice,6
2005,Girl,Shanna,3
2005,Girl,Shannon,76
2005,Girl,Shauna,15
2005,Girl,Shauneen,3
2005,Girl,Shona,9
2005,Girl,Sian,8
2005,Girl,Sienna,16
2005,Girl,Sinead,22
2005,Girl,Siobhan,5
2005,Girl,Skye,11
2005,Girl,Sofia,7
2005,Girl,Sophia,23
2005,Girl,Sophie,196
2005,Girl,Sorcha,15
2005,Girl,Stacey,9
2005,Girl,Stella,4
2005,Girl,Stephanie,10
2005,Girl,Summer,13
2005,Girl,Susan,7
2005,Girl,Susannah,4
2005,Girl,Tabitha,4
2005,Girl,Talia,4
2005,Girl,Tammy,3
2005,Girl,Tamzin,8
2005,Girl,Tanisha,4
2005,Girl,Tara,28
2005,Girl,Taryn,3
2005,Girl,Taylor,11
2005,Girl,Teagan,9
2005,Girl,Tegan,6
2005,Girl,Teighan,3
2005,Girl,Tess,3
2005,Girl,Thea,3
2005,Girl,Therese,4
2005,Girl,Tia,12
2005,Girl,Tiana,3
2005,Girl,Tiarna,3
2005,Girl,Tiegan,3
2005,Girl,Tierna,10
2005,Girl,Tiffany,3
2005,Girl,Toni,10
2005,Girl,Tori,16
2005,Girl,Trinity,5
2005,Girl,Una,7
2005,Girl,Vanessa,3
2005,Girl,Victoria,27
2005,Girl,Yasmin,7
2005,Girl,Yazmin,3
2005,Girl,Yvonne,3
2005,Girl,Zara,46
2005,Girl,Zoe,38
2006,Boy,Aaron,131
2006,Boy,Adam,216
2006,Boy,Adrian,8
2006,Boy,Aidan,55
2006,Boy,Aiden,4
2006,Boy,Ajay,5
2006,Boy,Alan,9
2006,Boy,Alec,5
2006,Boy,Alex,51
2006,Boy,Alexander,50
2006,Boy,Alfie,21
2006,Boy,Alistair,3
2006,Boy,Andrew,93
2006,Boy,Angus,4
2006,Boy,Anthony,32
2006,Boy,Anton,7
2006,Boy,Aodan,4
2006,Boy,Aodhan,30
2006,Boy,Archie,16
2006,Boy,Aron,4
2006,Boy,Ashley,3
2006,Boy,Ashton,23
2006,Boy,Austin,3
2006,Boy,Bailey,32
2006,Boy,Bailie,4
2006,Boy,Barra,3
2006,Boy,Barry,12
2006,Boy,Ben,192
2006,Boy,Benedict,4
2006,Boy,Benjamin,92
2006,Boy,Bernard,4
2006,Boy,Billy,10
2006,Boy,Blaine,3
2006,Boy,Blake,21
2006,Boy,Bobby,15
2006,Boy,Bradley,42
2006,Boy,Brady,3
2006,Boy,Brandon,29
2006,Boy,Brendan,16
2006,Boy,Brian,11
2006,Boy,Brodie,4
2006,Boy,Brody,3
2006,Boy,Brogan,5
2006,Boy,Brooklyn,10
2006,Boy,Bryan,3
2006,Boy,Bryn,7
2006,Boy,Byron,3
2006,Boy,Caden,4
2006,Boy,Caelan,7
2006,Boy,Cahal,4
2006,Boy,Cahir,9
2006,Boy,Caiden,3
2006,Boy,Cailean,3
2006,Boy,Cain,3
2006,Boy,Cal,5
2006,Boy,Caleb,40
2006,Boy,Callan,4
2006,Boy,Callum,198
2006,Boy,Calum,115
2006,Boy,Calvin,11
2006,Boy,Cameron,73
2006,Boy,Caoimhin,26
2006,Boy,Caolan,66
2006,Boy,Caolin,4
2006,Boy,Caomhan,4
2006,Boy,Carl,6
2006,Boy,Carson,12
2006,Boy,Carter,55
2006,Boy,Casey,8
2006,Boy,Cathair,6
2006,Boy,Cathal,18
2006,Boy,Cathan,3
2006,Boy,Cathaoir,4
2006,Boy,Cayden,3
2006,Boy,Charles,28
2006,Boy,Charley,5
2006,Boy,Charlie,116
2006,Boy,Che,6
2006,Boy,Christian,18
2006,Boy,Christopher,73
2006,Boy,Cian,23
2006,Boy,Ciaran,54
2006,Boy,Ciarnan,3
2006,Boy,Cillian,25
2006,Boy,Clarke,4
2006,Boy,Codie,3
2006,Boy,Cody,19
2006,Boy,Cohen,7
2006,Boy,Colby,3
2006,Boy,Cole,16
2006,Boy,Colin,5
2006,Boy,Colm,7
2006,Boy,Conaire,3
2006,Boy,Conal,17
2006,Boy,Conall,30
2006,Boy,Conan,21
2006,Boy,Conn,9
2006,Boy,Connor,50
2006,Boy,Conor,169
2006,Boy,Conrad,4
2006,Boy,Cooper,4
2006,Boy,Corey,78
2006,Boy,Cori,3
2006,Boy,Cormac,52
2006,Boy,Cory,9
2006,Boy,Craig,12
2006,Boy,Criostoir,3
2006,Boy,Curtis,26
2006,Boy,Daire,28
2006,Boy,Daithi,6
2006,Boy,Damian,6
2006,Boy,Damien,3
2006,Boy,Daniel,225
2006,Boy,Danny,10
2006,Boy,Dara,27
2006,Boy,Darach,4
2006,Boy,Daragh,4
2006,Boy,Darragh,62
2006,Boy,Darren,18
2006,Boy,Darryl,4
2006,Boy,Daryl,6
2006,Boy,David,97
2006,Boy,Dawson,4
2006,Boy,Deaglan,5
2006,Boy,Dean,21
2006,Boy,Declan,24
2006,Boy,Devon,4
2006,Boy,Diarmuid,11
2006,Boy,Dillon,13
2006,Boy,Dominic,7
2006,Boy,Dominik,6
2006,Boy,Dominykas,3
2006,Boy,Donal,15
2006,Boy,Donncha,4
2006,Boy,Donnchadh,3
2006,Boy,Drew,3
2006,Boy,Dylan,164
2006,Boy,Eamon,12
2006,Boy,Eamonn,5
2006,Boy,Edmund,3
2006,Boy,Edward,18
2006,Boy,Eli,5
2006,Boy,Elijah,9
2006,Boy,Elliot,6
2006,Boy,Elliott,4
2006,Boy,Ellis,4
2006,Boy,Emmet,8
2006,Boy,Emmett,8
2006,Boy,Enda,9
2006,Boy,Eoghain,3
2006,Boy,Eoghan,35
2006,Boy,Eoin,103
2006,Boy,Eric,3
2006,Boy,Ethan,184
2006,Boy,Euan,26
2006,Boy,Eugene,5
2006,Boy,Eunan,4
2006,Boy,Evan,22
2006,Boy,Ewan,26
2006,Boy,Faolan,4
2006,Boy,Felix,5
2006,Boy,Fergal,4
2006,Boy,Fergus,4
2006,Boy,Fiachra,3
2006,Boy,Finbar,3
2006,Boy,Finlay,14
2006,Boy,Finley,3
2006,Boy,Finn,34
2006,Boy,Fintan,13
2006,Boy,Fionn,31
2006,Boy,Fionntan,3
2006,Boy,Fiontan,8
2006,Boy,Flynn,4
2006,Boy,Francis,12
2006,Boy,Frank,7
2006,Boy,Frankie,5
2006,Boy,Fraser,4
2006,Boy,Frazer,4
2006,Boy,Freddie,6
2006,Boy,Fynn,3
2006,Boy,Gabriel,10
2006,Boy,Gareth,21
2006,Boy,Gary,14
2006,Boy,Gavin,21
2006,Boy,Gearoid,3
2006,Boy,George,23
2006,Boy,Gerard,28
2006,Boy,Glen,5
2006,Boy,Glenn,7
2006,Boy,Grant,3
2006,Boy,Harley,11
2006,Boy,Harrison,12
2006,Boy,Harry,111
2006,Boy,Harvey,40
2006,Boy,Hayden,8
2006,Boy,Henry,12
2006,Boy,Hugh,6
2006,Boy,Ian,4
2006,Boy,Ieuan,3
2006,Boy,Isaac,27
2006,Boy,Jack,312
2006,Boy,Jackson,10
2006,Boy,Jacob,53
2006,Boy,Jak,3
2006,Boy,Jake,125
2006,Boy,Jakub,5
2006,Boy,James,256
2006,Boy,Jamie,170
2006,Boy,Jarlath,3
2006,Boy,Jason,29
2006,Boy,Jay,62
2006,Boy,Jayden,14
2006,Boy,Jenson,5
2006,Boy,Jia,4
2006,Boy,Jimmy,4
2006,Boy,Joe,10
2006,Boy,Joel,62
2006,Boy,Joey,3
2006,Boy,John,93
2006,Boy,Johnathan,4
2006,Boy,Johnnie,3
2006,Boy,Johnny,5
2006,Boy,Jonah,18
2006,Boy,Jonathan,52
2006,Boy,Jordan,19
2006,Boy,Jose,3
2006,Boy,Joseph,93
2006,Boy,Josh,42
2006,Boy,Joshua,207
2006,Boy,Jude,54
2006,Boy,Justin,24
2006,Boy,Kacper,5
2006,Boy,Kai,18
2006,Boy,Kane,3
2006,Boy,Karl,12
2006,Boy,Keelan,12
2006,Boy,Keith,4
2006,Boy,Kelan,6
2006,Boy,Kelvin,4
2006,Boy,Kenzie,14
2006,Boy,Kevin,28
2006,Boy,Kian,19
2006,Boy,Kieran,14
2006,Boy,Kiernan,4
2006,Boy,Killian,9
2006,Boy,Kris,3
2006,Boy,Kristian,12
2006,Boy,Kurtis,8
2006,Boy,Kyle,58
2006,Boy,Laurence,5
2006,Boy,Lee,37
2006,Boy,Leighton,3
2006,Boy,Lennon,3
2006,Boy,Leo,31
2006,Boy,Leon,19
2006,Boy,Levi,4
2006,Boy,Lewis,104
2006,Boy,Liam,50
2006,Boy,Lincoln,3
2006,Boy,Lochlann,5
2006,Boy,Logan,37
2006,Boy,Lorcan,39
2006,Boy,Louie,4
2006,Boy,Louis,22
2006,Boy,Luca,22
2006,Boy,Lucas,24
2006,Boy,Luis,6
2006,Boy,Luka,6
2006,Boy,Lukas,7
2006,Boy,Luke,165
2006,Boy,Mackenzie,8
2006,Boy,Malachy,8
2006,Boy,Manus,3
2006,Boy,Marc,11
2006,Boy,Marcus,19
2006,Boy,Mark,69
2006,Boy,Martin,19
2006,Boy,Mason,15
2006,Boy,Matas,3
2006,Boy,Mateusz,3
2006,Boy,Mathew,4
2006,Boy,Matt,4
2006,Boy,Matthew,280
2006,Boy,Max,49
2006,Boy,Mckenzie,8
2006,Boy,Micah,4
2006,Boy,Michael,137
2006,Boy,Micheal,15
2006,Boy,Mitchell,5
2006,Boy,Mohammed,4
2006,Boy,Morgan,10
2006,Boy,Muhammad,3
2006,Boy,Myles,4
2006,Boy,Naoise,4
2006,Boy,Nathan,102
2006,Boy,Nathaniel,10
2006,Boy,Neil,9
2006,Boy,Niall,52
2006,Boy,Nicholas,7
2006,Boy,Nikita,3
2006,Boy,Noah,67
2006,Boy,Noel,4
2006,Boy,Odhran,76
2006,Boy,Oisin,95
2006,Boy,Oliver,60
2006,Boy,Omar,3
2006,Boy,Oran,45
2006,Boy,Ordhan,3
2006,Boy,Oscar,11
2006,Boy,Owen,56
2006,Boy,Padhraic,3
2006,Boy,Padraig,29
2006,Boy,Pascal,3
2006,Boy,Patrick,103
2006,Boy,Patryk,6
2006,Boy,Paul,45
2006,Boy,Pauric,6
2006,Boy,Peadar,4
2006,Boy,Pearce,4
2006,Boy,Pearse,25
2006,Boy,Peter,72
2006,Boy,Philip,15
2006,Boy,Piaras,5
2006,Boy,Pierce,10
2006,Boy,Piotr,3
2006,Boy,Pol,4
2006,Boy,Preston,12
2006,Boy,Quinn,3
2006,Boy,Ralph,3
2006,Boy,Raymond,3
2006,Boy,Reece,77
2006,Boy,Reese,3
2006,Boy,Reilly,3
2006,Boy,Reuben,34
2006,Boy,Rhys,74
2006,Boy,Riain,3
2006,Boy,Rian,11
2006,Boy,Richard,11
2006,Boy,Riley,16
2006,Boy,Rio,10
2006,Boy,Roan,4
2006,Boy,Robbie,22
2006,Boy,Robert,43
2006,Boy,Robin,5
2006,Boy,Rohan,4
2006,Boy,Ronan,75
2006,Boy,Ronin,3
2006,Boy,Rory,81
2006,Boy,Ross,35
2006,Boy,Rossa,7
2006,Boy,Rowan,6
2006,Boy,Ruairi,44
2006,Boy,Ruben,7
2006,Boy,Rudi,4
2006,Boy,Ryan,269
2006,Boy,Sam,70
2006,Boy,Samuel,80
2006,Boy,Saul,8
2006,Boy,Scott,64
2006,Boy,Se,7
2006,Boy,Seamus,13
2006,Boy,Sean,153
2006,Boy,Sean-Paul,3
2006,Boy,Sebastian,4
2006,Boy,Senan,8
2006,Boy,Seth,8
2006,Boy,Shane,53
2006,Boy,Shaun,6
2006,Boy,Shay,25
2006,Boy,Shayne,13
2006,Boy,Shea,99
2006,Boy,Simon,7
2006,Boy,Sonny,5
2006,Boy,Spencer,3
2006,Boy,Stanley,4
2006,Boy,Stephen,38
2006,Boy,Steven,24
2006,Boy,Stewart,8
2006,Boy,Stuart,8
2006,Boy,Tadhg,3
2006,Boy,Taylor,32
2006,Boy,Terence,3
2006,Boy,Terry,3
2006,Boy,Theo,4
2006,Boy,Thomas,165
2006,Boy,Tiarnan,33
2006,Boy,Tiernan,55
2006,Boy,Tighearnan,4
2006,Boy,Timothy,10
2006,Boy,Tobias,7
2006,Boy,Toby,21
2006,Boy,Tom,38
2006,Boy,Tomas,12
2006,Boy,Tony,6
2006,Boy,Travis,8
2006,Boy,Tristan,18
2006,Boy,Troy,12
2006,Boy,Ty,5
2006,Boy,Tyler,43
2006,Boy,Ultan,3
2006,Boy,Vincent,5
2006,Boy,Wiktor,3
2006,Boy,Will,6
2006,Boy,William,92
2006,Boy,Zac,4
2006,Boy,Zach,16
2006,Boy,Zachariah,3
2006,Boy,Zachary,16
2006,Boy,Zack,14
2006,Boy,Zak,16
2006,Girl,Aaliyah,11
2006,Girl,Abbey,5
2006,Girl,Abbi,11
2006,Girl,Abbie,81
2006,Girl,Abbie-Lee,3
2006,Girl,Abby,9
2006,Girl,Abi,22
2006,Girl,Abigail,57
2006,Girl,Adrianna,3
2006,Girl,Aimee,131
2006,Girl,Aine,36
2006,Girl,Aisha,3
2006,Girl,Aisling,17
2006,Girl,Aislinn,8
2006,Girl,Alana,22
2006,Girl,Alanna,15
2006,Girl,Alannah,11
2006,Girl,Alesha,4
2006,Girl,Alex,33
2006,Girl,Alexandra,28
2006,Girl,Alexandria,4
2006,Girl,Alexis,6
2006,Girl,Alice,20
2006,Girl,Alicia,30
2006,Girl,Alisha,31
2006,Girl,Alix,3
2006,Girl,Alyssa,14
2006,Girl,Amber,31
2006,Girl,Amelia,18
2006,Girl,Amelie,3
2006,Girl,Amie,3
2006,Girl,Amy,143
2006,Girl,Amy-Lee,3
2006,Girl,Amy-Leigh,5
2006,Girl,Anais,3
2006,Girl,Andrea,6
2006,Girl,Angel,6
2006,Girl,Angelica,3
2006,Girl,Ann,3
2006,Girl,Anna,130
2006,Girl,Annabel,4
2006,Girl,Annabelle,9
2006,Girl,Anne,7
2006,Girl,Annie,33
2006,Girl,Anya,5
2006,Girl,Aobh,4
2006,Girl,Aoibh,9
2006,Girl,Aoibhe,10
2006,Girl,Aoibheann,20
2006,Girl,Aoibhin,9
2006,Girl,Aoibhinn,3
2006,Girl,Aoife,143
2006,Girl,April,3
2006,Girl,Arabella,4
2006,Girl,Arianna,4
2006,Girl,Asha,3
2006,Girl,Ashleigh,10
2006,Girl,Ashley,7
2006,Girl,Ashlyn,3
2006,Girl,Auguste,3
2006,Girl,Austeja,3
2006,Girl,Ava,27
2006,Girl,Beatrice,3
2006,Girl,Bernadette,3
2006,Girl,Beth,54
2006,Girl,Bethan,4
2006,Girl,Bethany,41
2006,Girl,Billie,3
2006,Girl,Blaithin,8
2006,Girl,Blathnaid,4
2006,Girl,Breanna,3
2006,Girl,Brenna,5
2006,Girl,Brianna,18
2006,Girl,Bridget,3
2006,Girl,Bridin,3
2006,Girl,Brigid,3
2006,Girl,Brogan,7
2006,Girl,Bronagh,16
2006,Girl,Brooke,34
2006,Girl,Brooklyn,5
2006,Girl,Bryony,3
2006,Girl,Cadhla,5
2006,Girl,Cait,3
2006,Girl,Caithlin,3
2006,Girl,Caitlin,149
2006,Girl,Caitlyn,13
2006,Girl,Callie,5
2006,Girl,Candice,3
2006,Girl,Caoimhe,74
2006,Girl,Cara,100
2006,Girl,Caragh,13
2006,Girl,Carla,17
2006,Girl,Carly,9
2006,Girl,Carrie,6
2006,Girl,Carys,11
2006,Girl,Casey,21
2006,Girl,Cassie,14
2006,Girl,Catherine,57
2006,Girl,Catriona,4
2006,Girl,Ceallach,4
2006,Girl,Ceili,3
2006,Girl,Cerys,6
2006,Girl,Chantelle,10
2006,Girl,Charlene,3
2006,Girl,Charley,15
2006,Girl,Charli,4
2006,Girl,Charlie,20
2006,Girl,Charlotte,52
2006,Girl,Chelsea,18
2006,Girl,Chelsey,3
2006,Girl,Chloe,158
2006,Girl,Christina,6
2006,Girl,Ciara,67
2006,Girl,Ciarrai,4
2006,Girl,Claire,17
2006,Girl,Clara,31
2006,Girl,Claragh,3
2006,Girl,Clare,12
2006,Girl,Claudia,10
2006,Girl,Cliodhna,32
2006,Girl,Cliona,5
2006,Girl,Clodagh,31
2006,Girl,Codie,5
2006,Girl,Cody,7
2006,Girl,Colleen,8
2006,Girl,Connie,9
2006,Girl,Cora,37
2006,Girl,Courtney,40
2006,Girl,Daisy,13
2006,Girl,Dakota,10
2006,Girl,Danielle,11
2006,Girl,Darcey,10
2006,Girl,Darci,5
2006,Girl,Darcie,6
2006,Girl,Darcy,12
2006,Girl,Daria,3
2006,Girl,Dawn,3
2006,Girl,Dearbhla,14
2006,Girl,Demi,20
2006,Girl,Demi-Lee,3
2006,Girl,Dervla,4
2006,Girl,Destiny,3
2006,Girl,Eabha,14
2006,Girl,Eadaoin,4
2006,Girl,Ebony,6
2006,Girl,Eden,8
2006,Girl,Edie,3
2006,Girl,Eilis,3
2006,Girl,Eilish,4
2006,Girl,Eimear,70
2006,Girl,Eimhear,7
2006,Girl,Eireann,16
2006,Girl,Eleanor,6
2006,Girl,Elena,4
2006,Girl,Elise,6
2006,Girl,Elisha,3
2006,Girl,Eliza,4
2006,Girl,Elizabeth,24
2006,Girl,Ella,96
2006,Girl,Ella-Rose,5
2006,Girl,Elle,18
2006,Girl,Ellen,54
2006,Girl,Ellie,194
2006,Girl,Ellie-Louise,4
2006,Girl,Ellie-May,3
2006,Girl,Ellie-Rose,4
2006,Girl,Eloise,7
2006,Girl,Emer,8
2006,Girl,Emilie,4
2006,Girl,Emilija,7
2006,Girl,Emily,139
2006,Girl,Emma,213
2006,Girl,Emma-Jane,4
2006,Girl,Emma-Louise,4
2006,Girl,Enya,12
2006,Girl,Erica,6
2006,Girl,Erika,3
2006,Girl,Erin,159
2006,Girl,Erinn,7
2006,Girl,Esther,6
2006,Girl,Eva,80
2006,Girl,Eve,60
2006,Girl,Evelyn,3
2006,Girl,Evie,36
2006,Girl,Faith,32
2006,Girl,Farrah,7
2006,Girl,Fay,3
2006,Girl,Faye,17
2006,Girl,Fianna,3
2006,Girl,Fiona,13
2006,Girl,Fionnuala,7
2006,Girl,Frances,3
2006,Girl,Francesca,9
2006,Girl,Freya,20
2006,Girl,Gabriele,4
2006,Girl,Gabrielle,11
2006,Girl,Gemma,14
2006,Girl,Georgia,33
2006,Girl,Georgina,10
2006,Girl,Grace,231
2006,Girl,Gracie,10
2006,Girl,Grainne,12
2006,Girl,Hailie,3
2006,Girl,Haley,3
2006,Girl,Halle,7
2006,Girl,Hannah,169
2006,Girl,Harriet,3
2006,Girl,Hayley,10
2006,Girl,Heather,4
2006,Girl,Heidi,10
2006,Girl,Helen,3
2006,Girl,Helena,3
2006,Girl,Hollie,33
2006,Girl,Holly,85
2006,Girl,Hope,11
2006,Girl,Iman,3
2006,Girl,Imogen,10
2006,Girl,India,5
2006,Girl,Iona,8
2006,Girl,Isabel,4
2006,Girl,Isabella,22
2006,Girl,Isabelle,4
2006,Girl,Isla,7
2006,Girl,Jade,12
2006,Girl,Jamie,5
2006,Girl,Jamie-Lee,4
2006,Girl,Jane,11
2006,Girl,Jasmine,35
2006,Girl,Jayla,3
2006,Girl,Jayne,7
2006,Girl,Jean,3
2006,Girl,Jemma,8
2006,Girl,Jenna,22
2006,Girl,Jennie,3
2006,Girl,Jennifer,12
2006,Girl,Jenny,7
2006,Girl,Jessica,164
2006,Girl,Jessie,5
2006,Girl,Jill,4
2006,Girl,Joanna,14
2006,Girl,Joanne,3
2006,Girl,Jodi,10
2006,Girl,Jodie,33
2006,Girl,Jody,3
2006,Girl,Jordan,3
2006,Girl,Jorja,16
2006,Girl,Joy,3
2006,Girl,Judith,5
2006,Girl,Julia,14
2006,Girl,Juliette,3
2006,Girl,Kacey,14
2006,Girl,Kaci,15
2006,Girl,Kaci-Lee,4
2006,Girl,Kadie,3
2006,Girl,Kaelah,3
2006,Girl,Kaitlin,9
2006,Girl,Kaitlyn,18
2006,Girl,Kara,22
2006,Girl,Karis,7
2006,Girl,Karla,3
2006,Girl,Karolina,5
2006,Girl,Kate,44
2006,Girl,Katelyn,21
2006,Girl,Katelynn,4
2006,Girl,Katherine,11
2006,Girl,Kathleen,7
2006,Girl,Kathryn,19
2006,Girl,Katie,297
2006,Girl,Katie-Leigh,6
2006,Girl,Katie-Louise,3
2006,Girl,Katie-Rose,5
2006,Girl,Katrina,3
2006,Girl,Katy,11
2006,Girl,Kayla,30
2006,Girl,Kayleigh,31
2006,Girl,Kayley,8
2006,Girl,Keeley,9
2006,Girl,Keely,4
2006,Girl,Keeva,5
2006,Girl,Keira,16
2006,Girl,Keisha,4
2006,Girl,Kelis,3
2006,Girl,Kellie,4
2006,Girl,Kelly,8
2006,Girl,Kelsey,18
2006,Girl,Kelsie,3
2006,Girl,Kenzie,7
2006,Girl,Keri,3
2006,Girl,Kerri,7
2006,Girl,Kerry,6
2006,Girl,Kezia,3
2006,Girl,Kiera,12
2006,Girl,Kimberley,4
2006,Girl,Kirsten,13
2006,Girl,Kirsty,11
2006,Girl,Klara,5
2006,Girl,Kodi,4
2006,Girl,Kristen,3
2006,Girl,Kristin,3
2006,Girl,Kyla,9
2006,Girl,Kylie,3
2006,Girl,Kym,3
2006,Girl,Kyra,6
2006,Girl,Lacey,4
2006,Girl,Lana,9
2006,Girl,Laoise,8
2006,Girl,Lara,33
2006,Girl,Laura,55
2006,Girl,Lauren,87
2006,Girl,Lauryn,5
2006,Girl,Layla,4
2006,Girl,Lea,3
2006,Girl,Leah,142
2006,Girl,Leann,4
2006,Girl,Leanne,4
2006,Girl,Leigha,5
2006,Girl,Leona,6
2006,Girl,Lexie,6
2006,Girl,Liana,3
2006,Girl,Libby,6
2006,Girl,Lillie,3
2006,Girl,Lilly,6
2006,Girl,Lily,38
2006,Girl,Lisa,11
2006,Girl,Lisa-Marie,3
2006,Girl,Lois,19
2006,Girl,Lola,7
2006,Girl,Louisa,3
2006,Girl,Louise,24
2006,Girl,Lucia,16
2006,Girl,Lucie,24
2006,Girl,Lucy,193
2006,Girl,Lydia,17
2006,Girl,Lyla,3
2006,Girl,Macie,3
2006,Girl,Mackenzie,3
2006,Girl,Maddie,5
2006,Girl,Maddison,10
2006,Girl,Madeleine,7
2006,Girl,Madison,59
2006,Girl,Maebh,9
2006,Girl,Maeve,15
2006,Girl,Maggie,5
2006,Girl,Maia,8
2006,Girl,Maire,3
2006,Girl,Mairead,5
2006,Girl,Maisie,3
2006,Girl,Maja,4
2006,Girl,Makayla,3
2006,Girl,Margaret,7
2006,Girl,Maria,29
2006,Girl,Marie,3
2006,Girl,Marissa,5
2006,Girl,Martha,6
2006,Girl,Mary,26
2006,Girl,Mary-Kate,6
2006,Girl,Matilda,3
2006,Girl,Maura,3
2006,Girl,Maureen,3
2006,Girl,Maya,15
2006,Girl,Meabh,21
2006,Girl,Megan,115
2006,Girl,Meghan,5
2006,Girl,Melanie,4
2006,Girl,Melissa,15
2006,Girl,Mia,95
2006,Girl,Michaela,14
2006,Girl,Michelle,6
2006,Girl,Millie,9
2006,Girl,Mischa,4
2006,Girl,Miya,5
2006,Girl,Mollie,27
2006,Girl,Molly,117
2006,Girl,Morgan,16
2006,Girl,Moya,5
2006,Girl,Mya,25
2006,Girl,Nadia,3
2006,Girl,Nadine,3
2006,Girl,Naoise,10
2006,Girl,Naomi,31
2006,Girl,Natalia,4
2006,Girl,Natalie,10
2006,Girl,Natasha,25
2006,Girl,Nell,3
2006,Girl,Neve,3
2006,Girl,Nia,3
2006,Girl,Niamh,151
2006,Girl,Nicola,6
2006,Girl,Nicole,58
2006,Girl,Nikita,6
2006,Girl,Nikki,3
2006,Girl,Nina,6
2006,Girl,Olivia,101
2006,Girl,Oliwia,3
2006,Girl,Oonagh,7
2006,Girl,Orla,35
2006,Girl,Orlagh,5
2006,Girl,Orlaith,33
2006,Girl,Paige,31
2006,Girl,Paris,8
2006,Girl,Phoebe,17
2006,Girl,Poppy,27
2006,Girl,Rachael,24
2006,Girl,Rachel,89
2006,Girl,Rea,3
2006,Girl,Reanna,3
2006,Girl,Rebecca,135
2006,Girl,Rebekah,24
2006,Girl,Regan,5
2006,Girl,Rhea,5
2006,Girl,Rhian,3
2006,Girl,Rhianna,58
2006,Girl,Rhianne,3
2006,Girl,Rhiannon,15
2006,Girl,Ria,5
2006,Girl,Rianna,7
2006,Girl,Rihanna,16
2006,Girl,Rioghnach,3
2006,Girl,Riona,8
2006,Girl,Rionach,3
2006,Girl,Robyn,17
2006,Girl,Roise,12
2006,Girl,Roisin,17
2006,Girl,Rosa,8
2006,Girl,Rose,20
2006,Girl,Rosie,11
2006,Girl,Ruby,54
2006,Girl,Ruth,10
2006,Girl,Sadhbh,3
2006,Girl,Sadie,4
2006,Girl,Saffron,3
2006,Girl,Samantha,13
2006,Girl,Samara,8
2006,Girl,Saoirse,26
2006,Girl,Sara,10
2006,Girl,Sarah,171
2006,Girl,Sarah-Jane,5
2006,Girl,Sasha,13
2006,Girl,Saskia,3
2006,Girl,Savannah,5
2006,Girl,Scarlett,14
2006,Girl,Seana,5
2006,Girl,Seren,3
2006,Girl,Serena,10
2006,Girl,Shakira,5
2006,Girl,Shana,3
2006,Girl,Shania,9
2006,Girl,Shanice,5
2006,Girl,Shanna,3
2006,Girl,Shannon,58
2006,Girl,Sharon,3
2006,Girl,Shauna,17
2006,Girl,Shona,7
2006,Girl,Sian,4
2006,Girl,Sienna,20
2006,Girl,Sinead,19
2006,Girl,Siobhan,3
2006,Girl,Siomha,3
2006,Girl,Skye,11
2006,Girl,Sofia,8
2006,Girl,Sofie,3
2006,Girl,Sonia,4
2006,Girl,Sophia,34
2006,Girl,Sophie,221
2006,Girl,Sorcha,8
2006,Girl,Stacey,5
2006,Girl,Stephanie,7
2006,Girl,Storm,3
2006,Girl,Summer,15
2006,Girl,Susan,4
2006,Girl,Susanna,4
2006,Girl,Susannah,7
2006,Girl,Suzanne,3
2006,Girl,Tabitha,4
2006,Girl,Tamara,3
2006,Girl,Tamzin,8
2006,Girl,Tara,35
2006,Girl,Taylor,20
2006,Girl,Teagan,10
2006,Girl,Tegan,9
2006,Girl,Teigan,3
2006,Girl,Terri,3
2006,Girl,Tess,9
2006,Girl,Tessa,3
2006,Girl,Tia,20
2006,Girl,Tianna,6
2006,Girl,Tiarna,6
2006,Girl,Tierna,4
2006,Girl,Tilly,6
2006,Girl,Toni,8
2006,Girl,Tori,19
2006,Girl,Trinity,4
2006,Girl,Tyana,3
2006,Girl,Una,7
2006,Girl,Vanessa,6
2006,Girl,Veronica,3
2006,Girl,Victoria,18
2006,Girl,Yasmin,4
2006,Girl,Zahra,3
2006,Girl,Zara,67
2006,Girl,Zoe,55
2007,Boy,Aaron,148
2007,Boy,Abel,3
2007,Boy,Adam,194
2007,Boy,Adrian,5
2007,Boy,Aedan,3
2007,Boy,Aidan,57
2007,Boy,Aiden,3
2007,Boy,Ajay,3
2007,Boy,Alan,15
2007,Boy,Alastair,3
2007,Boy,Albert,4
2007,Boy,Alex,68
2007,Boy,Alexander,75
2007,Boy,Alfie,36
2007,Boy,Alistair,3
2007,Boy,Andrew,86
2007,Boy,Angus,4
2007,Boy,Anthony,20
2007,Boy,Antoin,3
2007,Boy,Anton,6
2007,Boy,Antoni,3
2007,Boy,Antonio,4
2007,Boy,Aodhan,29
2007,Boy,Archibald,3
2007,Boy,Archie,15
2007,Boy,Arthur,3
2007,Boy,Ashley,4
2007,Boy,Ashton,36
2007,Boy,Austin,7
2007,Boy,Bailey,32
2007,Boy,Bailie,3
2007,Boy,Barra,5
2007,Boy,Barry,5
2007,Boy,Bartosz,3
2007,Boy,Ben,171
2007,Boy,Benjamin,57
2007,Boy,Bernard,5
2007,Boy,Billy,6
2007,Boy,Blair,3
2007,Boy,Blake,15
2007,Boy,Bobby,27
2007,Boy,Bradley,28
2007,Boy,Brandon,28
2007,Boy,Brendan,20
2007,Boy,Brian,16
2007,Boy,Brodie,9
2007,Boy,Brody,9
2007,Boy,Brogan,6
2007,Boy,Brooklyn,11
2007,Boy,Bruce,3
2007,Boy,Bryan,3
2007,Boy,Bryce,4
2007,Boy,Bryn,3
2007,Boy,Caden,8
2007,Boy,Caelan,5
2007,Boy,Cahal,4
2007,Boy,Cahir,18
2007,Boy,Caidan,3
2007,Boy,Caiden,8
2007,Boy,Cailean,3
2007,Boy,Cailum,3
2007,Boy,Cain,5
2007,Boy,Caleb,46
2007,Boy,Callum,146
2007,Boy,Calum,69
2007,Boy,Calvin,16
2007,Boy,Cameron,72
2007,Boy,Caodhan,5
2007,Boy,Caoimhin,21
2007,Boy,Caolan,64
2007,Boy,Caomhan,8
2007,Boy,Carl,6
2007,Boy,Carlo,3
2007,Boy,Carson,16
2007,Boy,Carter,40
2007,Boy,Casey,4
2007,Boy,Cathair,9
2007,Boy,Cathal,26
2007,Boy,Cathaoir,6
2007,Boy,Chad,4
2007,Boy,Charles,33
2007,Boy,Charley,5
2007,Boy,Charlie,149
2007,Boy,Che,8
2007,Boy,Christian,22
2007,Boy,Christopher,52
2007,Boy,Cian,23
2007,Boy,Ciaran,62
2007,Boy,Cillian,40
2007,Boy,Clarke,3
2007,Boy,Coby,4
2007,Boy,Codie,3
2007,Boy,Cody,36
2007,Boy,Cohen,4
2007,Boy,Cole,14
2007,Boy,Colin,11
2007,Boy,Colm,6
2007,Boy,Conal,14
2007,Boy,Conall,32
2007,Boy,Conan,30
2007,Boy,Conleth,3
2007,Boy,Conn,4
2007,Boy,Connor,43
2007,Boy,Conor,167
2007,Boy,Conrad,5
2007,Boy,Corey,80
2007,Boy,Cormac,55
2007,Boy,Cory,8
2007,Boy,Craig,10
2007,Boy,Curtis,16
2007,Boy,Daire,35
2007,Boy,Daithi,7
2007,Boy,Dale,4
2007,Boy,Damian,6
2007,Boy,Damien,4
2007,Boy,Dan,5
2007,Boy,Daniel,259
2007,Boy,Danielius,3
2007,Boy,Danny,15
2007,Boy,Dara,43
2007,Boy,Daragh,8
2007,Boy,Darcy,6
2007,Boy,Darragh,85
2007,Boy,Darren,12
2007,Boy,Daryl,5
2007,Boy,David,93
2007,Boy,Dean,14
2007,Boy,Declan,30
2007,Boy,Denis,4
2007,Boy,Devon,4
2007,Boy,Diarmuid,7
2007,Boy,Dillon,11
2007,Boy,Dion,4
2007,Boy,Dominic,11
2007,Boy,Dominik,7
2007,Boy,Donal,7
2007,Boy,Donnach,3
2007,Boy,Donncha,3
2007,Boy,Dovydas,3
2007,Boy,Drew,3
2007,Boy,Dylan,178
2007,Boy,Eamon,8
2007,Boy,Eamonn,10
2007,Boy,Eddie,3
2007,Boy,Edward,17
2007,Boy,Elijah,6
2007,Boy,Elliot,7
2007,Boy,Elliott,7
2007,Boy,Ellis,4
2007,Boy,Emmet,11
2007,Boy,Emmett,6
2007,Boy,Enda,5
2007,Boy,Eoghan,33
2007,Boy,Eoin,90
2007,Boy,Ethan,170
2007,Boy,Euan,12
2007,Boy,Eunan,5
2007,Boy,Evan,28
2007,Boy,Ewan,24
2007,Boy,Fabian,3
2007,Boy,Fearghal,7
2007,Boy,Felix,5
2007,Boy,Fergal,3
2007,Boy,Fiachra,9
2007,Boy,Filip,12
2007,Boy,Finbar,4
2007,Boy,Finlay,18
2007,Boy,Finn,53
2007,Boy,Fintan,23
2007,Boy,Fionan,3
2007,Boy,Fionn,34
2007,Boy,Fionnan,3
2007,Boy,Fionntan,9
2007,Boy,Fiontan,5
2007,Boy,Flynn,6
2007,Boy,Francis,14
2007,Boy,Franciszek,6
2007,Boy,Frank,5
2007,Boy,Frankie,3
2007,Boy,Freddie,9
2007,Boy,Frederick,6
2007,Boy,Fynn,4
2007,Boy,Gabriel,11
2007,Boy,Gareth,10
2007,Boy,Garrett,3
2007,Boy,Gary,14
2007,Boy,Gavin,13
2007,Boy,George,23
2007,Boy,Ger,4
2007,Boy,Gerald,5
2007,Boy,Gerard,24
2007,Boy,Gerry,3
2007,Boy,Glen,4
2007,Boy,Glenn,5
2007,Boy,Harley,11
2007,Boy,Harris,4
2007,Boy,Harrison,12
2007,Boy,Harry,139
2007,Boy,Harvey,39
2007,Boy,Hayden,5
2007,Boy,Haydn,3
2007,Boy,Henry,17
2007,Boy,Hubert,3
2007,Boy,Hugh,8
2007,Boy,Hugo,4
2007,Boy,Iain,4
2007,Boy,Igor,4
2007,Boy,Isaac,38
2007,Boy,Jack,311
2007,Boy,Jackson,13
2007,Boy,Jacob,51
2007,Boy,Jaden,5
2007,Boy,Jake,114
2007,Boy,Jakob,3
2007,Boy,Jakub,17
2007,Boy,James,280
2007,Boy,Jamie,146
2007,Boy,Jason,30
2007,Boy,Jaxon,4
2007,Boy,Jay,77
2007,Boy,Jayden,32
2007,Boy,Jed,4
2007,Boy,Jenson,4
2007,Boy,Jesse,7
2007,Boy,Jim,3
2007,Boy,Jody,3
2007,Boy,Joe,23
2007,Boy,Joel,63
2007,Boy,John,86
2007,Boy,John-Paul,4
2007,Boy,Johnathan,3
2007,Boy,Johnny,9
2007,Boy,Jonathan,45
2007,Boy,Jonny,6
2007,Boy,Jordan,23
2007,Boy,Joseph,101
2007,Boy,Josh,42
2007,Boy,Joshua,185
2007,Boy,Jude,64
2007,Boy,Julian,3
2007,Boy,Junior,3
2007,Boy,Justin,27
2007,Boy,Kacper,17
2007,Boy,Kai,23
2007,Boy,Kaiden,3
2007,Boy,Kain,3
2007,Boy,Kajus,3
2007,Boy,Kaleb,7
2007,Boy,Kane,4
2007,Boy,Karl,10
2007,Boy,Karol,3
2007,Boy,Keelan,12
2007,Boy,Keelin,3
2007,Boy,Keenan,4
2007,Boy,Keevan,4
2007,Boy,Keith,5
2007,Boy,Kelvin,3
2007,Boy,Kenneth,4
2007,Boy,Kent,3
2007,Boy,Kenzie,20
2007,Boy,Kevin,30
2007,Boy,Kian,13
2007,Boy,Kieran,9
2007,Boy,Kieron,3
2007,Boy,Killian,9
2007,Boy,Kingston,4
2007,Boy,Korey,3
2007,Boy,Kristian,7
2007,Boy,Kurtis,3
2007,Boy,Kye,3
2007,Boy,Kyle,81
2007,Boy,Lachlan,6
2007,Boy,Lawson,3
2007,Boy,Lee,39
2007,Boy,Leland,5
2007,Boy,Lennon,7
2007,Boy,Leo,36
2007,Boy,Leon,24
2007,Boy,Levi,3
2007,Boy,Lewis,116
2007,Boy,Liam,56
2007,Boy,Logan,34
2007,Boy,Lorcan,37
2007,Boy,Louie,3
2007,Boy,Louis,28
2007,Boy,Luca,15
2007,Boy,Lucas,36
2007,Boy,Luis,9
2007,Boy,Luka,5
2007,Boy,Lukas,10
2007,Boy,Luke,139
2007,Boy,Mackenzie,13
2007,Boy,Malachi,6
2007,Boy,Malachy,12
2007,Boy,Manus,7
2007,Boy,Marc,9
2007,Boy,Marcel,3
2007,Boy,Marcus,23
2007,Boy,Mark,67
2007,Boy,Marshall,3
2007,Boy,Martin,22
2007,Boy,Martynas,3
2007,Boy,Mason,23
2007,Boy,Matas,5
2007,Boy,Matej,3
2007,Boy,Mateusz,4
2007,Boy,Matt,7
2007,Boy,Matthew,268
2007,Boy,Max,39
2007,Boy,Maxwell,3
2007,Boy,Mckenzie,8
2007,Boy,Miceal,4
2007,Boy,Michael,141
2007,Boy,Michal,3
2007,Boy,Micheal,21
2007,Boy,Mikey,3
2007,Boy,Morgan,14
2007,Boy,Myles,7
2007,Boy,Nathan,108
2007,Boy,Nathaniel,3
2007,Boy,Neil,8
2007,Boy,Neill,3
2007,Boy,Niall,55
2007,Boy,Nicholas,15
2007,Boy,Nikodem,3
2007,Boy,Noah,62
2007,Boy,Noel,3
2007,Boy,Nojus,5
2007,Boy,Odhran,71
2007,Boy,Oisin,114
2007,Boy,Oliver,96
2007,Boy,Olivier,7
2007,Boy,Oliwier,6
2007,Boy,Oran,35
2007,Boy,Oscar,27
2007,Boy,Oskar,3
2007,Boy,Owen,46
2007,Boy,Paddy,3
2007,Boy,Padraic,5
2007,Boy,Padraig,29
2007,Boy,Paraic,3
2007,Boy,Patrick,90
2007,Boy,Patryk,10
2007,Boy,Paul,36
2007,Boy,Pauric,5
2007,Boy,Peadar,5
2007,Boy,Pearce,7
2007,Boy,Pearse,19
2007,Boy,Peter,47
2007,Boy,Phelim,5
2007,Boy,Philip,17
2007,Boy,Pierce,9
2007,Boy,Preston,5
2007,Boy,Quinn,3
2007,Boy,Raymond,3
2007,Boy,Reece,73
2007,Boy,Reese,6
2007,Boy,Regan,3
2007,Boy,Reuben,46
2007,Boy,Rhys,69
2007,Boy,Rian,17
2007,Boy,Richard,5
2007,Boy,Ricky,3
2007,Boy,Riley,29
2007,Boy,Rio,11
2007,Boy,Roan,5
2007,Boy,Robbie,19
2007,Boy,Robert,72
2007,Boy,Robin,6
2007,Boy,Rocco,3
2007,Boy,Ronan,77
2007,Boy,Rory,67
2007,Boy,Ross,49
2007,Boy,Rossa,5
2007,Boy,Rowan,12
2007,Boy,Ruadhan,4
2007,Boy,Ruaidhri,3
2007,Boy,Ruairi,49
2007,Boy,Ruari,4
2007,Boy,Ruben,7
2007,Boy,Ryan,255
2007,Boy,Ryley,5
2007,Boy,Sam,57
2007,Boy,Samuel,102
2007,Boy,Saul,8
2007,Boy,Scott,39
2007,Boy,Se,8
2007,Boy,Seamus,9
2007,Boy,Sean,142
2007,Boy,Sean-Paul,3
2007,Boy,Sebastian,14
2007,Boy,Senan,11
2007,Boy,Seth,15
2007,Boy,Shae,3
2007,Boy,Shane,48
2007,Boy,Shaun,10
2007,Boy,Shay,22
2007,Boy,Shayne,6
2007,Boy,Shea,105
2007,Boy,Simon,10
2007,Boy,Sonny,3
2007,Boy,Stefan,3
2007,Boy,Stephen,42
2007,Boy,Steven,19
2007,Boy,Stuart,11
2007,Boy,Tadhg,8
2007,Boy,Taylor,39
2007,Boy,Terry,4
2007,Boy,Theo,12
2007,Boy,Thomas,185
2007,Boy,Tiarnan,26
2007,Boy,Tiernan,61
2007,Boy,Timothy,13
2007,Boy,Titas,4
2007,Boy,Tobias,3
2007,Boy,Toby,19
2007,Boy,Tom,42
2007,Boy,Tomas,20
2007,Boy,Tommy,3
2007,Boy,Tony,8
2007,Boy,Torin,5
2007,Boy,Travis,12
2007,Boy,Trevor,5
2007,Boy,Tristan,22
2007,Boy,Troy,13
2007,Boy,Turlough,4
2007,Boy,Tyler,50
2007,Boy,Tyrese,3
2007,Boy,Ultan,6
2007,Boy,Victor,5
2007,Boy,Vincent,10
2007,Boy,Warren,4
2007,Boy,Wesley,3
2007,Boy,Will,5
2007,Boy,William,89
2007,Boy,Wojciech,3
2007,Boy,Xander,3
2007,Boy,Xavier,5
2007,Boy,Zac,12
2007,Boy,Zach,40
2007,Boy,Zachariah,7
2007,Boy,Zachary,10
2007,Boy,Zack,20
2007,Boy,Zak,21
2007,Boy,Zakk,3
2007,Girl,Aaliyah,8
2007,Girl,Abaigh,3
2007,Girl,Abbey,6
2007,Girl,Abbie,69
2007,Girl,Abby,12
2007,Girl,Abi,10
2007,Girl,Abigail,75
2007,Girl,Adele,5
2007,Girl,Ailbhe,3
2007,Girl,Aileen,3
2007,Girl,Aimee,123
2007,Girl,Aimee-Leigh,4
2007,Girl,Aine,55
2007,Girl,Aisling,13
2007,Girl,Aislinn,5
2007,Girl,Alana,19
2007,Girl,Alanna,23
2007,Girl,Alannah,15
2007,Girl,Aleksandra,3
2007,Girl,Alesha,5
2007,Girl,Alex,36
2007,Girl,Alexandra,28
2007,Girl,Alexandria,6
2007,Girl,Alexis,7
2007,Girl,Alice,14
2007,Girl,Alicia,23
2007,Girl,Alisha,24
2007,Girl,Aliyah,5
2007,Girl,Alyssa,14
2007,Girl,Amanda,3
2007,Girl,Amber,24
2007,Girl,Amelia,24
2007,Girl,Amelie,10
2007,Girl,Amie,4
2007,Girl,Amy,153
2007,Girl,Amy-Lee,6
2007,Girl,Amy-Leigh,4
2007,Girl,Ana,5
2007,Girl,Andrea,6
2007,Girl,Angel,5
2007,Girl,Angela,3
2007,Girl,Angelina,3
2007,Girl,Anna,165
2007,Girl,Anna-Rose,4
2007,Girl,Annabel,5
2007,Girl,Annabelle,6
2007,Girl,Annie,33
2007,Girl,Aobh,3
2007,Girl,Aobha,3
2007,Girl,Aoibh,9
2007,Girl,Aoibhe,10
2007,Girl,Aoibheann,24
2007,Girl,Aoibhin,8
2007,Girl,Aoibhinn,12
2007,Girl,Aoife,133
2007,Girl,Asha,3
2007,Girl,Ashley,3
2007,Girl,Autumn,5
2007,Girl,Ava,56
2007,Girl,Ayla,3
2007,Girl,Bailey,3
2007,Girl,Bailie,3
2007,Girl,Bernadette,3
2007,Girl,Beth,43
2007,Girl,Bethany,33
2007,Girl,Blaithin,7
2007,Girl,Blanaid,3
2007,Girl,Blathnaid,4
2007,Girl,Bonnie,5
2007,Girl,Brea,3
2007,Girl,Brianna,14
2007,Girl,Brogan,4
2007,Girl,Brona,3
2007,Girl,Bronagh,21
2007,Girl,Brooke,64
2007,Girl,Brooklyn,3
2007,Girl,Cadhla,13
2007,Girl,Cailin,3
2007,Girl,Caislin,3
2007,Girl,Cait,4
2007,Girl,Caitlin,137
2007,Girl,Caitlyn,14
2007,Girl,Caitriona,3
2007,Girl,Caoilainn,3
2007,Girl,Caoimhe,83
2007,Girl,Caola,3
2007,Girl,Caprice,3
2007,Girl,Cara,131
2007,Girl,Caragh,12
2007,Girl,Carla,17
2007,Girl,Carly,12
2007,Girl,Caroline,3
2007,Girl,Carragh,4
2007,Girl,Carrie,5
2007,Girl,Carys,9
2007,Girl,Casey,38
2007,Girl,Cassie,26
2007,Girl,Catherine,39
2007,Girl,Cerys,10
2007,Girl,Chanelle,5
2007,Girl,Chantelle,9
2007,Girl,Charis,5
2007,Girl,Charley,19
2007,Girl,Charlie,13
2007,Girl,Charlotte,72
2007,Girl,Charly,4
2007,Girl,Chelsea,8
2007,Girl,Chelsey,6
2007,Girl,Chelsy,3
2007,Girl,Chloe,159
2007,Girl,Christina,4
2007,Girl,Christine,5
2007,Girl,Ciara,64
2007,Girl,Ciarrai,5
2007,Girl,Claire,14
2007,Girl,Clara,29
2007,Girl,Claragh,3
2007,Girl,Clare,11
2007,Girl,Claudia,9
2007,Girl,Cliodhna,21
2007,Girl,Cliona,3
2007,Girl,Clodagh,44
2007,Girl,Codie,6
2007,Girl,Cody,4
2007,Girl,Colleen,9
2007,Girl,Connie,16
2007,Girl,Constance,4
2007,Girl,Cora,36
2007,Girl,Coragh,3
2007,Girl,Courtney,24
2007,Girl,Crystal,3
2007,Girl,Daisy,25
2007,Girl,Dakota,5
2007,Girl,Danielle,21
2007,Girl,Danni,5
2007,Girl,Dara,6
2007,Girl,Darcey,11
2007,Girl,Darci,4
2007,Girl,Darcie,5
2007,Girl,Darcy,18
2007,Girl,Dearbhail,3
2007,Girl,Dearbhla,19
2007,Girl,Deborah,4
2007,Girl,Deirbhile,5
2007,Girl,Demi,5
2007,Girl,Demi-Lee,6
2007,Girl,Demi-Leigh,6
2007,Girl,Dervla,3
2007,Girl,Destiny,3
2007,Girl,Dionne,3
2007,Girl,Eabha,14
2007,Girl,Eadaoin,4
2007,Girl,Ebony,4
2007,Girl,Eden,10
2007,Girl,Eibhleann,3
2007,Girl,Eilidh,6
2007,Girl,Eilish,4
2007,Girl,Eimear,76
2007,Girl,Eimhear,4
2007,Girl,Eireann,10
2007,Girl,Eirinn,3
2007,Girl,Eleanor,6
2007,Girl,Elena,4
2007,Girl,Elise,4
2007,Girl,Elisha,7
2007,Girl,Eliza,3
2007,Girl,Elizabeth,17
2007,Girl,Ella,124
2007,Girl,Elle,17
2007,Girl,Ellen,56
2007,Girl,Ellie,189
2007,Girl,Ellie-May,4
2007,Girl,Ellie-Rose,3
2007,Girl,Eloise,7
2007,Girl,Elsie,3
2007,Girl,Ema,4
2007,Girl,Emelia,3
2007,Girl,Emer,20
2007,Girl,Emilia,5
2007,Girl,Emilie,5
2007,Girl,Emilija,6
2007,Girl,Emily,161
2007,Girl,Emma,195
2007,Girl,Emma-Louise,3
2007,Girl,Enya,8
2007,Girl,Erika,6
2007,Girl,Erin,172
2007,Girl,Eryn,3
2007,Girl,Esther,6
2007,Girl,Eva,134
2007,Girl,Eve,70
2007,Girl,Evelyn,5
2007,Girl,Evie,46
2007,Girl,Faith,39
2007,Girl,Farrah,6
2007,Girl,Faye,23
2007,Girl,Felicity,3
2007,Girl,Fianna,4
2007,Girl,Fiona,9
2007,Girl,Fionnuala,6
2007,Girl,Francesca,5
2007,Girl,Freya,20
2007,Girl,Gabriela,3
2007,Girl,Gabriele,6
2007,Girl,Gabriella,8
2007,Girl,Gabrielle,12
2007,Girl,Gemma,18
2007,Girl,Genevieve,4
2007,Girl,Georgia,41
2007,Girl,Georgie,3
2007,Girl,Grace,234
2007,Girl,Gracie,19
2007,Girl,Grainne,14
2007,Girl,Halle,4
2007,Girl,Hallie,3
2007,Girl,Hanna,9
2007,Girl,Hannah,176
2007,Girl,Harriet,9
2007,Girl,Hayley,8
2007,Girl,Heather,4
2007,Girl,Heidi,13
2007,Girl,Helen,3
2007,Girl,Helena,3
2007,Girl,Hollie,28
2007,Girl,Holly,86
2007,Girl,Honor,3
2007,Girl,Hope,10
2007,Girl,Imogen,21
2007,Girl,India,5
2007,Girl,Iona,5
2007,Girl,Isabel,4
2007,Girl,Isabella,35
2007,Girl,Isabelle,6
2007,Girl,Isla,16
2007,Girl,Isobel,6
2007,Girl,Jade,8
2007,Girl,Jaden,4
2007,Girl,Jamie,3
2007,Girl,Jane,10
2007,Girl,Jasmine,21
2007,Girl,Jayne,4
2007,Girl,Jazmin,3
2007,Girl,Jemma,5
2007,Girl,Jenna,22
2007,Girl,Jenni,5
2007,Girl,Jennifer,16
2007,Girl,Jenny,7
2007,Girl,Jessica,153
2007,Girl,Joanna,6
2007,Girl,Joanne,4
2007,Girl,Jodi,3
2007,Girl,Jodie,42
2007,Girl,Jody,5
2007,Girl,Jorja,12
2007,Girl,Josephine,4
2007,Girl,Josie,3
2007,Girl,Joy,3
2007,Girl,Julia,22
2007,Girl,Julie,4
2007,Girl,Kacey,12
2007,Girl,Kaci,16
2007,Girl,Kacie,6
2007,Girl,Kaela,5
2007,Girl,Kailey,3
2007,Girl,Kaitlin,8
2007,Girl,Kaitlyn,12
2007,Girl,Kamile,4
2007,Girl,Kara,12
2007,Girl,Karen,3
2007,Girl,Karina,4
2007,Girl,Karis,3
2007,Girl,Karla,3
2007,Girl,Karolina,6
2007,Girl,Karys,3
2007,Girl,Kasey,5
2007,Girl,Kate,39
2007,Girl,Katelyn,20
2007,Girl,Katherine,15
2007,Girl,Kathleen,10
2007,Girl,Kathryn,14
2007,Girl,Katie,281
2007,Girl,Katie-Lee,3
2007,Girl,Katie-Leigh,3
2007,Girl,Katie-Louise,5
2007,Girl,Katlyn,3
2007,Girl,Katrina,5
2007,Girl,Katy,6
2007,Girl,Kaycee,3
2007,Girl,Kayla,24
2007,Girl,Kayleigh,16
2007,Girl,Keela,4
2007,Girl,Keeley,17
2007,Girl,Keely,3
2007,Girl,Keeva,8
2007,Girl,Keira,9
2007,Girl,Keisha,5
2007,Girl,Kellie,4
2007,Girl,Kelly,9
2007,Girl,Kelsey,17
2007,Girl,Kelsie,6
2007,Girl,Kenzie,4
2007,Girl,Kerri,10
2007,Girl,Kerrie,3
2007,Girl,Kerry,14
2007,Girl,Kiera,15
2007,Girl,Kiersha,4
2007,Girl,Kimberley,7
2007,Girl,Kimberly,3
2007,Girl,Kirsten,9
2007,Girl,Kirsty,14
2007,Girl,Kitty,3
2007,Girl,Kristen,3
2007,Girl,Kristina,4
2007,Girl,Krystal,5
2007,Girl,Kyla,8
2007,Girl,Kyra,4
2007,Girl,Lacey,14
2007,Girl,Lainey,3
2007,Girl,Lana,8
2007,Girl,Laoise,5
2007,Girl,Lara,35
2007,Girl,Laura,56
2007,Girl,Lauren,75
2007,Girl,Laurie,4
2007,Girl,Lauryn,5
2007,Girl,Layla,7
2007,Girl,Lea,5
2007,Girl,Leah,114
2007,Girl,Leanne,6
2007,Girl,Leia,7
2007,Girl,Leigha,3
2007,Girl,Leila,3
2007,Girl,Lena,5
2007,Girl,Leona,23
2007,Girl,Leonie,4
2007,Girl,Lexie,14
2007,Girl,Libby,9
2007,Girl,Lila,5
2007,Girl,Lili,3
2007,Girl,Lilia,3
2007,Girl,Lillie,4
2007,Girl,Lilly,7
2007,Girl,Lily,75
2007,Girl,Lily-Rose,5
2007,Girl,Lisa,9
2007,Girl,Lois,13
2007,Girl,Lola,14
2007,Girl,Louisa,12
2007,Girl,Louise,22
2007,Girl,Luci,4
2007,Girl,Lucia,15
2007,Girl,Lucie,9
2007,Girl,Lucy,202
2007,Girl,Lydia,18
2007,Girl,Lyla,5
2007,Girl,Macey,3
2007,Girl,Mackenzie,5
2007,Girl,Maddie,16
2007,Girl,Maddison,14
2007,Girl,Madeleine,6
2007,Girl,Madeline,4
2007,Girl,Madison,64
2007,Girl,Mae,3
2007,Girl,Maebh,7
2007,Girl,Maeve,21
2007,Girl,Maggie,5
2007,Girl,Maia,11
2007,Girl,Mairead,7
2007,Girl,Maisie,9
2007,Girl,Maisy,4
2007,Girl,Maja,7
2007,Girl,Margaret,8
2007,Girl,Maria,42
2007,Girl,Marissa,4
2007,Girl,Marta,3
2007,Girl,Martha,12
2007,Girl,Mary,20
2007,Girl,Mary-Kate,4
2007,Girl,Matilda,8
2007,Girl,Maya,16
2007,Girl,Meabh,22
2007,Girl,Meadhbh,3
2007,Girl,Meaghan,3
2007,Girl,Megan,87
2007,Girl,Meghan,5
2007,Girl,Melissa,8
2007,Girl,Mia,101
2007,Girl,Miah,4
2007,Girl,Michaela,10
2007,Girl,Michelle,7
2007,Girl,Millie,12
2007,Girl,Miriam,4
2007,Girl,Mischa,3
2007,Girl,Mollie,31
2007,Girl,Molly,132
2007,Girl,Morgan,20
2007,Girl,Moya,4
2007,Girl,Muireann,6
2007,Girl,Mya,35
2007,Girl,Myah,4
2007,Girl,Nadia,3
2007,Girl,Nadine,5
2007,Girl,Naoise,8
2007,Girl,Naomi,34
2007,Girl,Natalia,11
2007,Girl,Natalie,8
2007,Girl,Natasha,24
2007,Girl,Nevaeh,3
2007,Girl,Neve,7
2007,Girl,Niamh,129
2007,Girl,Nicola,7
2007,Girl,Nicole,66
2007,Girl,Nikita,9
2007,Girl,Nikkita,3
2007,Girl,Nikola,3
2007,Girl,Nina,6
2007,Girl,Nora,3
2007,Girl,Olivia,111
2007,Girl,Oliwia,8
2007,Girl,Oonagh,4
2007,Girl,Orla,32
2007,Girl,Orlagh,7
2007,Girl,Orlaith,30
2007,Girl,Paige,26
2007,Girl,Paris,3
2007,Girl,Patrycja,5
2007,Girl,Phoebe,23
2007,Girl,Pippa,3
2007,Girl,Poppy,26
2007,Girl,Rachael,26
2007,Girl,Rachel,103
2007,Girl,Reanna,3
2007,Girl,Rebecca,131
2007,Girl,Rebekah,30
2007,Girl,Reese,4
2007,Girl,Regan,7
2007,Girl,Rhea,7
2007,Girl,Rhianna,39
2007,Girl,Rhiannon,12
2007,Girl,Ria,4
2007,Girl,Rianna,8
2007,Girl,Rihanna,27
2007,Girl,Riley,3
2007,Girl,Rioghnach,3
2007,Girl,Riona,9
2007,Girl,Rionach,6
2007,Girl,Robyn,23
2007,Girl,Roise,16
2007,Girl,Roisin,13
2007,Girl,Roma,4
2007,Girl,Rosa,7
2007,Girl,Rose,12
2007,Girl,Rosey,3
2007,Girl,Rosie,13
2007,Girl,Rowan,3
2007,Girl,Ruby,98
2007,Girl,Ruth,12
2007,Girl,Saffron,3
2007,Girl,Sally,3
2007,Girl,Samanta,4
2007,Girl,Samantha,15
2007,Girl,Sandra,3
2007,Girl,Saoirse,27
2007,Girl,Saorlaith,3
2007,Girl,Sara,22
2007,Girl,Sarah,184
2007,Girl,Sarah-Jane,10
2007,Girl,Sarah-Jayne,3
2007,Girl,Sasha,8
2007,Girl,Savannah,5
2007,Girl,Scarlet,3
2007,Girl,Scarlett,12
2007,Girl,Seren,3
2007,Girl,Serena,6
2007,Girl,Shania,6
2007,Girl,Shanice,4
2007,Girl,Shannon,68
2007,Girl,Shauna,10
2007,Girl,Shelby,3
2007,Girl,Shona,6
2007,Girl,Sian,7
2007,Girl,Sienna,22
2007,Girl,Simone,3
2007,Girl,Sinead,17
2007,Girl,Siofra,4
2007,Girl,Sky,3
2007,Girl,Skye,15
2007,Girl,Sofia,19
2007,Girl,Sofie,3
2007,Girl,Sophia,53
2007,Girl,Sophie,208
2007,Girl,Sorcha,9
2007,Girl,Stacey,3
2007,Girl,Stella,3
2007,Girl,Stephanie,8
2007,Girl,Summer,19
2007,Girl,Susan,3
2007,Girl,Sydney,3
2007,Girl,Tabitha,3
2007,Girl,Tamara,3
2007,Girl,Tammie,4
2007,Girl,Tamsin,3
2007,Girl,Tara,19
2007,Girl,Tasha,3
2007,Girl,Taylor,15
2007,Girl,Teagan,5
2007,Girl,Tegan,8
2007,Girl,Teigan,3
2007,Girl,Teri,3
2007,Girl,Thea,3
2007,Girl,Therese,3
2007,Girl,Tia,15
2007,Girl,Tiana,3
2007,Girl,Tianna,7
2007,Girl,Tiarna,5
2007,Girl,Tierna,12
2007,Girl,Tiffany,3
2007,Girl,Tilly,7
2007,Girl,Toni,5
2007,Girl,Tori,14
2007,Girl,Trinity,3
2007,Girl,Ugne,3
2007,Girl,Una,8
2007,Girl,Vanessa,4
2007,Girl,Victoria,21
2007,Girl,Wiktoria,9
2007,Girl,Willow,7
2007,Girl,Yasmin,3
2007,Girl,Zara,76
2007,Girl,Zarah,3
2007,Girl,Zoe,58
2007,Girl,Zofia,4
2007,Girl,Zuzanna,9
2008,Boy,Aaron,154
2008,Boy,Adam,175
2008,Boy,Adrian,15
2008,Boy,Ahmed,3
2008,Boy,Aidan,57
2008,Boy,Aiden,12
2008,Boy,Aivaras,3
2008,Boy,Aj,3
2008,Boy,Alan,17
2008,Boy,Aleksander,3
2008,Boy,Alex,91
2008,Boy,Alexander,77
2008,Boy,Alfie,65
2008,Boy,Alfred,3
2008,Boy,Ali,3
2008,Boy,Alistair,3
2008,Boy,Andre,5
2008,Boy,Andrew,45
2008,Boy,Angus,5
2008,Boy,Anthony,32
2008,Boy,Antoin,4
2008,Boy,Anton,10
2008,Boy,Antoni,7
2008,Boy,Aodan,4
2008,Boy,Aodh,4
2008,Boy,Aodhan,28
2008,Boy,Archie,15
2008,Boy,Armandas,4
2008,Boy,Aron,3
2008,Boy,Arthur,3
2008,Boy,Ashton,30
2008,Boy,Austin,3
2008,Boy,Bailey,22
2008,Boy,Bailie,3
2008,Boy,Barry,6
2008,Boy,Bartosz,8
2008,Boy,Ben,152
2008,Boy,Benjamin,70
2008,Boy,Billy,12
2008,Boy,Blaine,3
2008,Boy,Blake,36
2008,Boy,Bobby,22
2008,Boy,Bradan,3
2008,Boy,Bradley,24
2008,Boy,Brandan,3
2008,Boy,Brandon,24
2008,Boy,Brendan,16
2008,Boy,Brett,4
2008,Boy,Brian,12
2008,Boy,Brodie,8
2008,Boy,Brogan,4
2008,Boy,Brooklyn,15
2008,Boy,Bryan,4
2008,Boy,Bryn,3
2008,Boy,Caden,6
2008,Boy,Cadhan,4
2008,Boy,Caelan,8
2008,Boy,Cahir,18
2008,Boy,Caiden,18
2008,Boy,Cailean,5
2008,Boy,Cain,5
2008,Boy,Cal,3
2008,Boy,Caleb,63
2008,Boy,Callan,3
2008,Boy,Callum,140
2008,Boy,Calum,38
2008,Boy,Calvin,20
2008,Boy,Cameron,54
2008,Boy,Canice,3
2008,Boy,Caodhan,4
2008,Boy,Caoimhin,20
2008,Boy,Caolan,64
2008,Boy,Caomhan,7
2008,Boy,Carl,7
2008,Boy,Carson,13
2008,Boy,Carter,53
2008,Boy,Casey,9
2008,Boy,Cathair,7
2008,Boy,Cathal,27
2008,Boy,Cathaoir,4
2008,Boy,Cayden,17
2008,Boy,Chad,4
2008,Boy,Charles,19
2008,Boy,Charley,8
2008,Boy,Charlie,176
2008,Boy,Che,12
2008,Boy,Christian,17
2008,Boy,Christopher,68
2008,Boy,Christy,5
2008,Boy,Cian,32
2008,Boy,Ciaran,62
2008,Boy,Ciarnan,3
2008,Boy,Cillian,34
2008,Boy,Coby,3
2008,Boy,Codie,4
2008,Boy,Cody,32
2008,Boy,Coen,5
2008,Boy,Cohen,9
2008,Boy,Coist,4
2008,Boy,Cole,18
2008,Boy,Colin,4
2008,Boy,Colm,9
2008,Boy,Colum,5
2008,Boy,Conal,19
2008,Boy,Conall,25
2008,Boy,Conan,28
2008,Boy,Conn,5
2008,Boy,Connor,53
2008,Boy,Conor,186
2008,Boy,Conrad,8
2008,Boy,Cooper,5
2008,Boy,Corey,66
2008,Boy,Corin,3
2008,Boy,Cormac,60
2008,Boy,Cory,12
2008,Boy,Craig,3
2008,Boy,Cruz,3
2008,Boy,Curtis,28
2008,Boy,Daire,44
2008,Boy,Daithi,13
2008,Boy,Dale,4
2008,Boy,Damian,3
2008,Boy,Damien,4
2008,Boy,Danann,3
2008,Boy,Daniel,270
2008,Boy,Danny,17
2008,Boy,Dara,39
2008,Boy,Daragh,11
2008,Boy,Darcy,3
2008,Boy,Darragh,78
2008,Boy,Darren,17
2008,Boy,Daryl,4
2008,Boy,David,67
2008,Boy,Dawid,10
2008,Boy,Dawson,4
2008,Boy,Dean,26
2008,Boy,Declan,29
2008,Boy,Denis,6
2008,Boy,Dermot,3
2008,Boy,Desmond,3
2008,Boy,Devon,4
2008,Boy,Dexter,5
2008,Boy,Diarmuid,5
2008,Boy,Dillon,12
2008,Boy,Diogo,4
2008,Boy,Dominic,9
2008,Boy,Dominik,8
2008,Boy,Donal,10
2008,Boy,Drew,11
2008,Boy,Dylan,181
2008,Boy,Eamon,5
2008,Boy,Eamonn,6
2008,Boy,Eben,3
2008,Boy,Eddie,5
2008,Boy,Edward,15
2008,Boy,Eli,6
2008,Boy,Elias,4
2008,Boy,Elijah,8
2008,Boy,Elliot,8
2008,Boy,Elliott,8
2008,Boy,Ellis,7
2008,Boy,Emmanuel,3
2008,Boy,Emmet,11
2008,Boy,Emmett,7
2008,Boy,Enda,3
2008,Boy,Eoghain,4
2008,Boy,Eoghan,68
2008,Boy,Eoin,102
2008,Boy,Eric,3
2008,Boy,Ethan,176
2008,Boy,Euan,17
2008,Boy,Eunan,6
2008,Boy,Evan,31
2008,Boy,Ewan,25
2008,Boy,Felix,5
2008,Boy,Fergal,6
2008,Boy,Fergus,7
2008,Boy,Filip,14
2008,Boy,Finlay,25
2008,Boy,Finley,5
2008,Boy,Finn,57
2008,Boy,Fintan,10
2008,Boy,Fionn,39
2008,Boy,Fionnan,5
2008,Boy,Fionntan,10
2008,Boy,Flynn,3
2008,Boy,Francis,9
2008,Boy,Frank,6
2008,Boy,Frankie,4
2008,Boy,Fraser,4
2008,Boy,Freddie,11
2008,Boy,Frederick,3
2008,Boy,Gabriel,12
2008,Boy,Garbhan,3
2008,Boy,Gareth,5
2008,Boy,Gary,11
2008,Boy,Gavin,9
2008,Boy,George,29
2008,Boy,Gerard,18
2008,Boy,Glen,3
2008,Boy,Glenn,6
2008,Boy,Harley,14
2008,Boy,Harris,3
2008,Boy,Harrison,17
2008,Boy,Harry,143
2008,Boy,Harvey,47
2008,Boy,Hayden,21
2008,Boy,Henry,21
2008,Boy,Hugh,9
2008,Boy,Hugo,5
2008,Boy,Hunter,3
2008,Boy,Ian,7
2008,Boy,Isaac,54
2008,Boy,Ivan,3
2008,Boy,Jack,342
2008,Boy,Jackson,21
2008,Boy,Jacob,69
2008,Boy,Jaden,3
2008,Boy,Jai,4
2008,Boy,Jaiden,3
2008,Boy,Jake,137
2008,Boy,Jakub,20
2008,Boy,James,260
2008,Boy,Jamie,172
2008,Boy,Jamie-Lee,3
2008,Boy,Jan,4
2008,Boy,Jarlath,7
2008,Boy,Jason,25
2008,Boy,Jaxon,4
2008,Boy,Jay,90
2008,Boy,Jayden,57
2008,Boy,Jed,4
2008,Boy,Jenson,5
2008,Boy,Jerome,3
2008,Boy,Jesse,3
2008,Boy,Joao,3
2008,Boy,Joe,25
2008,Boy,Joel,63
2008,Boy,John,86
2008,Boy,John-Joe,3
2008,Boy,Johnny,6
2008,Boy,Jonah,12
2008,Boy,Jonathan,36
2008,Boy,Jordan,17
2008,Boy,Joseph,93
2008,Boy,Josh,53
2008,Boy,Joshua,195
2008,Boy,Jude,78
2008,Boy,Julian,3
2008,Boy,Junior,4
2008,Boy,Justin,16
2008,Boy,Kacper,16
2008,Boy,Kai,21
2008,Boy,Kaiden,7
2008,Boy,Kaleb,5
2008,Boy,Kalum,3
2008,Boy,Kane,7
2008,Boy,Karl,4
2008,Boy,Karol,5
2008,Boy,Kayden,5
2008,Boy,Kealan,5
2008,Boy,Keelan,20
2008,Boy,Keelin,4
2008,Boy,Kelvin,4
2008,Boy,Kenzie,10
2008,Boy,Kevin,32
2008,Boy,Kian,14
2008,Boy,Kieran,12
2008,Boy,Kiernan,3
2008,Boy,Killian,8
2008,Boy,Kody,3
2008,Boy,Kori,6
2008,Boy,Kris,4
2008,Boy,Kristian,6
2008,Boy,Kristopher,3
2008,Boy,Kuba,5
2008,Boy,Kyle,66
2008,Boy,Lee,27
2008,Boy,Lennon,13
2008,Boy,Lennox,6
2008,Boy,Leo,38
2008,Boy,Leon,28
2008,Boy,Levi,7
2008,Boy,Lewis,139
2008,Boy,Liam,86
2008,Boy,Lochlainn,4
2008,Boy,Logan,39
2008,Boy,Lorcan,35
2008,Boy,Louis,14
2008,Boy,Luca,17
2008,Boy,Lucas,63
2008,Boy,Luis,3
2008,Boy,Luka,4
2008,Boy,Lukas,6
2008,Boy,Luke,140
2008,Boy,Maciej,3
2008,Boy,Mackenzie,14
2008,Boy,Maddox,6
2008,Boy,Maksim,5
2008,Boy,Maksymilian,5
2008,Boy,Malachy,6
2008,Boy,Manus,3
2008,Boy,Marc,14
2008,Boy,Marco,5
2008,Boy,Marcus,25
2008,Boy,Mark,60
2008,Boy,Martin,16
2008,Boy,Mason,34
2008,Boy,Matas,6
2008,Boy,Mateusz,6
2008,Boy,Mathew,7
2008,Boy,Matthew,290
2008,Boy,Max,56
2008,Boy,Maxwell,6
2008,Boy,Mckenzie,13
2008,Boy,Micah,17
2008,Boy,Michael,115
2008,Boy,Michal,5
2008,Boy,Micheal,14
2008,Boy,Mikey,3
2008,Boy,Milo,3
2008,Boy,Mitchell,6
2008,Boy,Morgan,16
2008,Boy,Myles,8
2008,Boy,Naomhan,3
2008,Boy,Natan,5
2008,Boy,Nathan,107
2008,Boy,Nathaniel,7
2008,Boy,Neil,8
2008,Boy,Niall,58
2008,Boy,Nicholas,11
2008,Boy,Nicolas,5
2008,Boy,Nikodem,5
2008,Boy,Noah,75
2008,Boy,Noel,6
2008,Boy,Nojus,4
2008,Boy,Odhran,78
2008,Boy,Oisin,121
2008,Boy,Oliver,137
2008,Boy,Olivier,4
2008,Boy,Oliwier,3
2008,Boy,Ollie,11
2008,Boy,Oran,43
2008,Boy,Oscar,25
2008,Boy,Oskar,8
2008,Boy,Otis,4
2008,Boy,Owen,57
2008,Boy,Paddy,4
2008,Boy,Padraig,37
2008,Boy,Patrick,102
2008,Boy,Patryk,21
2008,Boy,Paul,36
2008,Boy,Pauric,5
2008,Boy,Pawel,3
2008,Boy,Peadar,9
2008,Boy,Pearce,7
2008,Boy,Pearse,22
2008,Boy,Peter,56
2008,Boy,Philip,12
2008,Boy,Pierce,9
2008,Boy,Piotr,6
2008,Boy,Presley,3
2008,Boy,Preston,3
2008,Boy,Reece,74
2008,Boy,Regan,3
2008,Boy,Reilly,5
2008,Boy,Reuben,49
2008,Boy,Rhys,112
2008,Boy,Rian,15
2008,Boy,Richard,10
2008,Boy,Riley,43
2008,Boy,Rio,11
2008,Boy,Rioghan,3
2008,Boy,Roan,4
2008,Boy,Robbie,20
2008,Boy,Robert,54
2008,Boy,Robin,4
2008,Boy,Rocco,3
2008,Boy,Roman,5
2008,Boy,Ronan,91
2008,Boy,Rory,59
2008,Boy,Ross,44
2008,Boy,Rossa,4
2008,Boy,Rowan,13
2008,Boy,Ruairi,43
2008,Boy,Ruari,5
2008,Boy,Ruben,6
2008,Boy,Rudy,3
2008,Boy,Ryan,264
2008,Boy,Rylee,4
2008,Boy,Sam,63
2008,Boy,Samuel,82
2008,Boy,Saul,7
2008,Boy,Scott,48
2008,Boy,Se,8
2008,Boy,Seamus,8
2008,Boy,Sean,143
2008,Boy,Seanna,4
2008,Boy,Sebastian,11
2008,Boy,Senan,12
2008,Boy,Seth,14
2008,Boy,Shae,3
2008,Boy,Shane,55
2008,Boy,Shaun,9
2008,Boy,Shay,26
2008,Boy,Shayne,9
2008,Boy,Shea,103
2008,Boy,Simon,10
2008,Boy,Sol,4
2008,Boy,Stanislaw,3
2008,Boy,Stephen,36
2008,Boy,Steven,8
2008,Boy,Stiofan,3
2008,Boy,Stuart,9
2008,Boy,Szymon,6
2008,Boy,Tadhg,7
2008,Boy,Taylor,29
2008,Boy,Terence,4
2008,Boy,Theo,9
2008,Boy,Thomas,181
2008,Boy,Tiarnan,24
2008,Boy,Tiernan,64
2008,Boy,Tighearnan,3
2008,Boy,Timothy,10
2008,Boy,Toby,19
2008,Boy,Tom,38
2008,Boy,Tomas,18
2008,Boy,Tommy,3
2008,Boy,Tony,9
2008,Boy,Torin,3
2008,Boy,Travis,15
2008,Boy,Tristan,21
2008,Boy,Troy,9
2008,Boy,Turlough,3
2008,Boy,Ty,4
2008,Boy,Tye,3
2008,Boy,Tyler,57
2008,Boy,Ultan,5
2008,Boy,Vincent,4
2008,Boy,Warren,6
2008,Boy,Wiktor,8
2008,Boy,Will,5
2008,Boy,William,97
2008,Boy,Wojciech,4
2008,Boy,Zac,23
2008,Boy,Zach,34
2008,Boy,Zachary,10
2008,Boy,Zack,15
2008,Boy,Zak,21
2008,Boy,Zane,4
2008,Girl,Aaliyah,5
2008,Girl,Abbey,9
2008,Girl,Abbi,7
2008,Girl,Abbie,78
2008,Girl,Abby,16
2008,Girl,Abi,30
2008,Girl,Abigail,86
2008,Girl,Adele,3
2008,Girl,Adrianna,3
2008,Girl,Ailsa,3
2008,Girl,Aime,4
2008,Girl,Aimee,105
2008,Girl,Aimee-Leigh,9
2008,Girl,Aimee-Louise,3
2008,Girl,Aine,35
2008,Girl,Aisling,13
2008,Girl,Aislinn,6
2008,Girl,Alana,20
2008,Girl,Alanna,17
2008,Girl,Alannah,17
2008,Girl,Aleesha,4
2008,Girl,Aleisha,3
2008,Girl,Aleksandra,5
2008,Girl,Alesha,11
2008,Girl,Alex,30
2008,Girl,Alexandra,37
2008,Girl,Alexandria,4
2008,Girl,Alexia,4
2008,Girl,Alexis,13
2008,Girl,Alice,22
2008,Girl,Alicia,28
2008,Girl,Alicja,4
2008,Girl,Alisha,23
2008,Girl,Alison,4
2008,Girl,Alix,3
2008,Girl,Aliyah,6
2008,Girl,Alysha,4
2008,Girl,Alyssa,15
2008,Girl,Amanda,5
2008,Girl,Amaya,3
2008,Girl,Amber,24
2008,Girl,Amelia,37
2008,Girl,Amelie,16
2008,Girl,Ami,4
2008,Girl,Amie,7
2008,Girl,Amy,122
2008,Girl,Amy-Lee,3
2008,Girl,Ana,5
2008,Girl,Andrea,5
2008,Girl,Angel,10
2008,Girl,Angelina,3
2008,Girl,Ann,3
2008,Girl,Anna,158
2008,Girl,Annabel,5
2008,Girl,Annabelle,7
2008,Girl,Anne,4
2008,Girl,Annie,37
2008,Girl,Antonia,5
2008,Girl,Anya,4
2008,Girl,Aoibh,10
2008,Girl,Aoibhe,12
2008,Girl,Aoibheann,30
2008,Girl,Aoibhin,9
2008,Girl,Aoibhinn,11
2008,Girl,Aoife,154
2008,Girl,Aoise,3
2008,Girl,April,4
2008,Girl,Arianna,4
2008,Girl,Ashleigh,7
2008,Girl,Ashling,3
2008,Girl,Auguste,3
2008,Girl,Autumn,3
2008,Girl,Ava,111
2008,Girl,Bella,5
2008,Girl,Bernadette,3
2008,Girl,Beth,53
2008,Girl,Bethan,5
2008,Girl,Bethany,37
2008,Girl,Billie-Jo,3
2008,Girl,Blaithin,9
2008,Girl,Blathnaid,6
2008,Girl,Bonnie,4
2008,Girl,Breanna,3
2008,Girl,Brenna,4
2008,Girl,Brianna,19
2008,Girl,Brogan,5
2008,Girl,Bronagh,7
2008,Girl,Brooke,82
2008,Girl,Bryony,3
2008,Girl,Cadhla,12
2008,Girl,Caileigh,3
2008,Girl,Cait,3
2008,Girl,Caitlin,136
2008,Girl,Caitlyn,16
2008,Girl,Caleigh,3
2008,Girl,Cameron,4
2008,Girl,Caoimhe,86
2008,Girl,Cara,109
2008,Girl,Caragh,13
2008,Girl,Carla,22
2008,Girl,Carly,11
2008,Girl,Carrie,3
2008,Girl,Carys,6
2008,Girl,Casey,29
2008,Girl,Cassidy,4
2008,Girl,Cassie,28
2008,Girl,Catherine,29
2008,Girl,Cathy,3
2008,Girl,Cayla,4
2008,Girl,Ceara,3
2008,Girl,Cerys,11
2008,Girl,Chanelle,6
2008,Girl,Charley,6
2008,Girl,Charlie,5
2008,Girl,Charlotte,71
2008,Girl,Chelsea,12
2008,Girl,Chelsey,4
2008,Girl,Chloe,179
2008,Girl,Christina,3
2008,Girl,Christine,6
2008,Girl,Ciara,60
2008,Girl,Ciarrai,3
2008,Girl,Claire,14
2008,Girl,Clara,34
2008,Girl,Clare,10
2008,Girl,Clarissa,3
2008,Girl,Claudia,7
2008,Girl,Cliodhna,27
2008,Girl,Cliona,6
2008,Girl,Clodagh,47
2008,Girl,Codie,3
2008,Girl,Colleen,5
2008,Girl,Connie,29
2008,Girl,Cora,32
2008,Girl,Courtney,25
2008,Girl,Crystal,3
2008,Girl,Daisy,15
2008,Girl,Dakota,10
2008,Girl,Danielle,13
2008,Girl,Dara,5
2008,Girl,Darcey,11
2008,Girl,Darcie,6
2008,Girl,Darcy,25
2008,Girl,Dearbhla,16
2008,Girl,Demi,8
2008,Girl,Demi-Lee,3
2008,Girl,Demi-Leigh,7
2008,Girl,Dominika,3
2008,Girl,Eabha,30
2008,Girl,Eadaoin,6
2008,Girl,Ebony,9
2008,Girl,Edel,3
2008,Girl,Eden,17
2008,Girl,Effie,3
2008,Girl,Eibhlin,4
2008,Girl,Eileen,3
2008,Girl,Eilidh,6
2008,Girl,Eilis,3
2008,Girl,Eimear,50
2008,Girl,Eimhear,5
2008,Girl,Eireann,5
2008,Girl,Eirinn,5
2008,Girl,Eleanor,13
2008,Girl,Elise,8
2008,Girl,Elisha,3
2008,Girl,Eliza,5
2008,Girl,Elizabeth,24
2008,Girl,Ella,125
2008,Girl,Ella-Mae,4
2008,Girl,Ella-Rose,3
2008,Girl,Elle,13
2008,Girl,Ellen,54
2008,Girl,Ellie,162
2008,Girl,Ellie-Mae,6
2008,Girl,Ellie-May,7
2008,Girl,Ellie-Rose,4
2008,Girl,Eloise,10
2008,Girl,Elsa,3
2008,Girl,Emer,13
2008,Girl,Emilee,3
2008,Girl,Emilia,12
2008,Girl,Emilie,7
2008,Girl,Emilija,5
2008,Girl,Emily,192
2008,Girl,Emma,205
2008,Girl,Emma-Louise,4
2008,Girl,Emme,4
2008,Girl,Emmie,6
2008,Girl,Emmy,5
2008,Girl,Enya,7
2008,Girl,Erica,3
2008,Girl,Erika,5
2008,Girl,Erin,166
2008,Girl,Eryn,3
2008,Girl,Esmee,3
2008,Girl,Esther,5
2008,Girl,Eva,178
2008,Girl,Eve,56
2008,Girl,Evelyn,5
2008,Girl,Evie,53
2008,Girl,Faith,40
2008,Girl,Farah,3
2008,Girl,Farrah,9
2008,Girl,Faye,10
2008,Girl,Felicity,5
2008,Girl,Fiadh,3
2008,Girl,Fianna,3
2008,Girl,Fiona,6
2008,Girl,Fionnuala,5
2008,Girl,Florence,4
2008,Girl,Frances,4
2008,Girl,Francesca,3
2008,Girl,Freya,23
2008,Girl,Gabija,3
2008,Girl,Gabriela,5
2008,Girl,Gabriella,9
2008,Girl,Gabrielle,8
2008,Girl,Gemma,24
2008,Girl,Georgia,27
2008,Girl,Georgie,4
2008,Girl,Georgina,5
2008,Girl,Grace,217
2008,Girl,Gracie,24
2008,Girl,Grainne,12
2008,Girl,Halle,5
2008,Girl,Hanna,11
2008,Girl,Hannah,172
2008,Girl,Harriet,8
2008,Girl,Hayley,10
2008,Girl,Hazel,5
2008,Girl,Heidi,20
2008,Girl,Helen,10
2008,Girl,Helena,3
2008,Girl,Hollie,42
2008,Girl,Holly,84
2008,Girl,Hope,5
2008,Girl,Ieva,3
2008,Girl,Imogen,11
2008,Girl,India,5
2008,Girl,Iona,8
2008,Girl,Isabella,50
2008,Girl,Isabelle,11
2008,Girl,Isla,26
2008,Girl,Isobel,12
2008,Girl,Jada,5
2008,Girl,Jade,8
2008,Girl,Jaime,3
2008,Girl,Jamie,4
2008,Girl,Jana,3
2008,Girl,Jane,7
2008,Girl,Jasmin,7
2008,Girl,Jasmine,28
2008,Girl,Jayne,5
2008,Girl,Jazmin,4
2008,Girl,Jemma,5
2008,Girl,Jena,3
2008,Girl,Jenna,25
2008,Girl,Jennifer,3
2008,Girl,Jenny,4
2008,Girl,Jessica,206
2008,Girl,Jessie,4
2008,Girl,Joanna,7
2008,Girl,Jodi,4
2008,Girl,Jodie,31
2008,Girl,Johanna,6
2008,Girl,Jorja,7
2008,Girl,Joy,8
2008,Girl,Jude,3
2008,Girl,Julia,34
2008,Girl,Julie,3
2008,Girl,Kacey,13
2008,Girl,Kaci,8
2008,Girl,Kacie,5
2008,Girl,Kaila,3
2008,Girl,Kaitlin,7
2008,Girl,Kaitlyn,18
2008,Girl,Kali,3
2008,Girl,Kamile,5
2008,Girl,Kara,15
2008,Girl,Karen,3
2008,Girl,Karla,4
2008,Girl,Karolina,4
2008,Girl,Kasey,7
2008,Girl,Kate,30
2008,Girl,Katelyn,14
2008,Girl,Katelynn,6
2008,Girl,Katherine,13
2008,Girl,Kathleen,9
2008,Girl,Kathryn,13
2008,Girl,Katie,281
2008,Girl,Katie-Lee,5
2008,Girl,Katie-Leigh,4
2008,Girl,Katie-Louise,5
2008,Girl,Katie-Marie,3
2008,Girl,Katie-Rose,7
2008,Girl,Katy,8
2008,Girl,Kayden,3
2008,Girl,Kayla,39
2008,Girl,Kaylee,3
2008,Girl,Kayleigh,27
2008,Girl,Keela,6
2008,Girl,Keeley,20
2008,Girl,Keeva,7
2008,Girl,Keira,9
2008,Girl,Keisha,4
2008,Girl,Kelly,6
2008,Girl,Kelsey,13
2008,Girl,Kelsie,4
2008,Girl,Kendra,3
2008,Girl,Kenzie,10
2008,Girl,Kerri,5
2008,Girl,Kerrie,6
2008,Girl,Kerry,8
2008,Girl,Keziah,3
2008,Girl,Kiera,8
2008,Girl,Kiesha,3
2008,Girl,Kim,3
2008,Girl,Kinga,5
2008,Girl,Kirsten,13
2008,Girl,Kirsty,14
2008,Girl,Klaudia,8
2008,Girl,Kodie,3
2008,Girl,Kristen,4
2008,Girl,Kyla,11
2008,Girl,Kyra,4
2008,Girl,Lacey,10
2008,Girl,Laila,4
2008,Girl,Lana,10
2008,Girl,Laoise,9
2008,Girl,Lara,23
2008,Girl,Larissa,4
2008,Girl,Laura,45
2008,Girl,Lauren,108
2008,Girl,Layla,6
2008,Girl,Lea,5
2008,Girl,Leah,138
2008,Girl,Leigh,3
2008,Girl,Leona,25
2008,Girl,Letitia,4
2008,Girl,Lexi,11
2008,Girl,Lexie,7
2008,Girl,Liana,3
2008,Girl,Libby,12
2008,Girl,Lila,5
2008,Girl,Lili,3
2008,Girl,Lilia,5
2008,Girl,Liliana,5
2008,Girl,Lillie,4
2008,Girl,Lilly,12
2008,Girl,Lily,84
2008,Girl,Lily-Rose,6
2008,Girl,Lisa,8
2008,Girl,Livia,3
2008,Girl,Lois,12
2008,Girl,Lola,16
2008,Girl,Lottie,4
2008,Girl,Louisa,6
2008,Girl,Louise,17
2008,Girl,Lucia,19
2008,Girl,Lucie,6
2008,Girl,Lucy,198
2008,Girl,Lydia,33
2008,Girl,Macey,4
2008,Girl,Macy,8
2008,Girl,Maddie,4
2008,Girl,Maddison,16
2008,Girl,Madeleine,5
2008,Girl,Madison,49
2008,Girl,Maebh,9
2008,Girl,Maeve,12
2008,Girl,Maggie,9
2008,Girl,Maia,8
2008,Girl,Mairead,8
2008,Girl,Maisie,12
2008,Girl,Maisy,5
2008,Girl,Maja,10
2008,Girl,Margaret,7
2008,Girl,Maria,36
2008,Girl,Marianna,4
2008,Girl,Marianne,4
2008,Girl,Marie,4
2008,Girl,Marissa,3
2008,Girl,Marta,4
2008,Girl,Martha,21
2008,Girl,Martyna,4
2008,Girl,Mary,21
2008,Girl,Mary-Kate,3
2008,Girl,Matilda,11
2008,Girl,Maya,17
2008,Girl,Meabh,27
2008,Girl,Megan,108
2008,Girl,Meghan,9
2008,Girl,Melissa,18
2008,Girl,Mia,126
2008,Girl,Michaela,9
2008,Girl,Miley,4
2008,Girl,Millie,14
2008,Girl,Minnie,4
2008,Girl,Miya,5
2008,Girl,Mollie,38
2008,Girl,Molly,117
2008,Girl,Monica,3
2008,Girl,Morgan,16
2008,Girl,Moya,6
2008,Girl,Muireann,3
2008,Girl,Mya,47
2008,Girl,Myla,3
2008,Girl,Nadia,6
2008,Girl,Nadine,6
2008,Girl,Nancy,4
2008,Girl,Naoise,6
2008,Girl,Naomi,29
2008,Girl,Natalia,16
2008,Girl,Natalie,14
2008,Girl,Natasha,20
2008,Girl,Neamh,3
2008,Girl,Neve,6
2008,Girl,Nia,3
2008,Girl,Niamh,144
2008,Girl,Nicola,11
2008,Girl,Nicole,69
2008,Girl,Nikita,3
2008,Girl,Nikola,8
2008,Girl,Nina,12
2008,Girl,Nora,4
2008,Girl,Olivia,123
2008,Girl,Oliwia,11
2008,Girl,Oonagh,6
2008,Girl,Orla,36
2008,Girl,Orlagh,13
2008,Girl,Orlaigh,7
2008,Girl,Orlaith,42
2008,Girl,Paige,34
2008,Girl,Paris,3
2008,Girl,Patricia,4
2008,Girl,Patrycja,3
2008,Girl,Paula,4
2008,Girl,Paulina,4
2008,Girl,Payton,3
2008,Girl,Penelope,4
2008,Girl,Philippa,3
2008,Girl,Phoebe,40
2008,Girl,Polly,3
2008,Girl,Poppy,25
2008,Girl,Precious,3
2008,Girl,Rachael,17
2008,Girl,Rachel,84
2008,Girl,Rebecca,109
2008,Girl,Rebekah,32
2008,Girl,Regan,3
2008,Girl,Rhea,8
2008,Girl,Rhianna,20
2008,Girl,Rhiannon,5
2008,Girl,Ria,6
2008,Girl,Rihanna,30
2008,Girl,Riley,6
2008,Girl,Rioghnach,3
2008,Girl,Riona,8
2008,Girl,Robyn,22
2008,Girl,Roise,21
2008,Girl,Roisin,22
2008,Girl,Roksana,4
2008,Girl,Rosa,10
2008,Girl,Rose,21
2008,Girl,Rosie,24
2008,Girl,Roxanne,3
2008,Girl,Ruby,108
2008,Girl,Ruth,5
2008,Girl,Rylee,3
2008,Girl,Sadhbh,5
2008,Girl,Sadie,6
2008,Girl,Samantha,9
2008,Girl,Samara,3
2008,Girl,Sandra,3
2008,Girl,Saoirse,21
2008,Girl,Saorla,3
2008,Girl,Sara,33
2008,Girl,Sarah,163
2008,Girl,Sarah-Jane,7
2008,Girl,Sarah-Louise,4
2008,Girl,Sasha,10
2008,Girl,Saskia,4
2008,Girl,Savanna,3
2008,Girl,Savannah,9
2008,Girl,Scarlett,16
2008,Girl,Seaneen,3
2008,Girl,Serena,5
2008,Girl,Shania,7
2008,Girl,Shanice,3
2008,Girl,Shanna,3
2008,Girl,Shannon,39
2008,Girl,Sharon,3
2008,Girl,Shauna,5
2008,Girl,Shona,8
2008,Girl,Sian,4
2008,Girl,Sienna,21
2008,Girl,Sierra,3
2008,Girl,Sinead,15
2008,Girl,Siobhan,4
2008,Girl,Siofra,5
2008,Girl,Skye,20
2008,Girl,Sofia,16
2008,Girl,Sophia,53
2008,Girl,Sophie,221
2008,Girl,Sorcha,3
2008,Girl,Stella,5
2008,Girl,Stephanie,3
2008,Girl,Summer,36
2008,Girl,Susan,5
2008,Girl,Susanna,3
2008,Girl,Susannah,3
2008,Girl,Tabitha,3
2008,Girl,Talia,4
2008,Girl,Tammy,3
2008,Girl,Tamzin,8
2008,Girl,Tara,23
2008,Girl,Taylor,17
2008,Girl,Teagan,12
2008,Girl,Tegan,8
2008,Girl,Teirna,3
2008,Girl,Tess,8
2008,Girl,Therese,6
2008,Girl,Tia,21
2008,Girl,Tiana,5
2008,Girl,Tianna,8
2008,Girl,Tiarna,5
2008,Girl,Tiegan,3
2008,Girl,Tierna,5
2008,Girl,Tiffany,5
2008,Girl,Tilly,5
2008,Girl,Toni,4
2008,Girl,Tori,4
2008,Girl,Treasa,4
2008,Girl,Ugne,3
2008,Girl,Vanesa,4
2008,Girl,Vanessa,8
2008,Girl,Victoria,34
2008,Girl,Violet,3
2008,Girl,Weronika,6
2008,Girl,Wiktoria,12
2008,Girl,Willow,4
2008,Girl,Yasmin,8
2008,Girl,Zara,66
2008,Girl,Zoe,60
2008,Girl,Zuzanna,13
2009,Boy,Aaron,142
2009,Boy,Abel,3
2009,Boy,Adam,200
2009,Boy,Adrian,14
2009,Boy,Aedan,3
2009,Boy,Aidan,61
2009,Boy,Aiden,8
2009,Boy,Alan,21
2009,Boy,Alec,3
2009,Boy,Aleksander,4
2009,Boy,Alex,97
2009,Boy,Alexander,74
2009,Boy,Alfie,68
2009,Boy,Alfred,6
2009,Boy,Ali,6
2009,Boy,Andrew,62
2009,Boy,Angus,4
2009,Boy,Anthony,22
2009,Boy,Anton,7
2009,Boy,Antoni,5
2009,Boy,Antony,3
2009,Boy,Aodhan,56
2009,Boy,Archie,22
2009,Boy,Arjun,3
2009,Boy,Aron,4
2009,Boy,Arthur,5
2009,Boy,Ashley,3
2009,Boy,Ashton,22
2009,Boy,Aston,4
2009,Boy,Austin,13
2009,Boy,Bailey,24
2009,Boy,Barra,3
2009,Boy,Barry,6
2009,Boy,Bartosz,3
2009,Boy,Beau,4
2009,Boy,Ben,125
2009,Boy,Benas,4
2009,Boy,Benjamin,64
2009,Boy,Bernard,4
2009,Boy,Billy,9
2009,Boy,Blair,3
2009,Boy,Blake,28
2009,Boy,Bobby,25
2009,Boy,Bradley,18
2009,Boy,Brandon,18
2009,Boy,Brendan,13
2009,Boy,Brian,13
2009,Boy,Brodie,11
2009,Boy,Brody,10
2009,Boy,Brogan,4
2009,Boy,Brooklyn,3
2009,Boy,Bryan,3
2009,Boy,Caden,6
2009,Boy,Cadhan,4
2009,Boy,Caelan,3
2009,Boy,Cahir,22
2009,Boy,Cai,3
2009,Boy,Caidan,6
2009,Boy,Caiden,16
2009,Boy,Caidin,3
2009,Boy,Cain,6
2009,Boy,Cal,4
2009,Boy,Caleb,63
2009,Boy,Callum,138
2009,Boy,Calum,28
2009,Boy,Calvin,16
2009,Boy,Cameron,64
2009,Boy,Caodhan,4
2009,Boy,Caoimhin,19
2009,Boy,Caolan,45
2009,Boy,Carlos,3
2009,Boy,Carson,16
2009,Boy,Carter,47
2009,Boy,Casey,10
2009,Boy,Cathair,4
2009,Boy,Cathal,15
2009,Boy,Cathan,3
2009,Boy,Cathaoir,5
2009,Boy,Cayden,19
2009,Boy,Charles,33
2009,Boy,Charley,4
2009,Boy,Charlie,178
2009,Boy,Che,15
2009,Boy,Chris,3
2009,Boy,Christian,13
2009,Boy,Christopher,57
2009,Boy,Christy,3
2009,Boy,Cian,32
2009,Boy,Cianan,3
2009,Boy,Ciaran,55
2009,Boy,Cillian,40
2009,Boy,Clarke,6
2009,Boy,Codie,5
2009,Boy,Cody,36
2009,Boy,Cohen,4
2009,Boy,Colby,4
2009,Boy,Cole,22
2009,Boy,Colin,6
2009,Boy,Colm,9
2009,Boy,Conal,18
2009,Boy,Conall,24
2009,Boy,Conan,19
2009,Boy,Conn,3
2009,Boy,Connla,4
2009,Boy,Connor,41
2009,Boy,Conor,161
2009,Boy,Cooper,6
2009,Boy,Coran,3
2009,Boy,Corbin,5
2009,Boy,Corey,69
2009,Boy,Cormac,50
2009,Boy,Cory,8
2009,Boy,Craig,7
2009,Boy,Cruz,5
2009,Boy,Cuan,3
2009,Boy,Curtis,30
2009,Boy,Daire,31
2009,Boy,Daithi,23
2009,Boy,Dale,11
2009,Boy,Damian,7
2009,Boy,Damien,7
2009,Boy,Dan,4
2009,Boy,Daniel,268
2009,Boy,Danny,17
2009,Boy,Dante,3
2009,Boy,Danyl,4
2009,Boy,Dara,38
2009,Boy,Darach,3
2009,Boy,Daragh,5
2009,Boy,Darragh,72
2009,Boy,Darren,14
2009,Boy,Darryl,3
2009,Boy,Daryl,6
2009,Boy,David,70
2009,Boy,Dawid,10
2009,Boy,Dawson,8
2009,Boy,Dean,27
2009,Boy,Declan,17
2009,Boy,Devon,5
2009,Boy,Dexter,4
2009,Boy,Diarmuid,5
2009,Boy,Dillon,13
2009,Boy,Domas,3
2009,Boy,Dominic,10
2009,Boy,Dominik,6
2009,Boy,Dominykas,3
2009,Boy,Donal,11
2009,Boy,Donnacha,3
2009,Boy,Donncha,4
2009,Boy,Dylan,162
2009,Boy,Eamon,7
2009,Boy,Eamonn,4
2009,Boy,Eddie,4
2009,Boy,Edward,16
2009,Boy,Eli,11
2009,Boy,Elijah,13
2009,Boy,Elliot,6
2009,Boy,Elliott,4
2009,Boy,Ellis,4
2009,Boy,Emmet,8
2009,Boy,Emmett,6
2009,Boy,Enda,5
2009,Boy,Eoghain,3
2009,Boy,Eoghan,65
2009,Boy,Eoin,112
2009,Boy,Eric,3
2009,Boy,Erikas,5
2009,Boy,Eryk,6
2009,Boy,Ethan,178
2009,Boy,Euan,19
2009,Boy,Eunan,9
2009,Boy,Evan,34
2009,Boy,Ewan,10
2009,Boy,Felix,10
2009,Boy,Fergus,3
2009,Boy,Fiachra,7
2009,Boy,Filip,17
2009,Boy,Finlay,26
2009,Boy,Finley,6
2009,Boy,Finn,61
2009,Boy,Finnen,4
2009,Boy,Fintan,15
2009,Boy,Fionn,42
2009,Boy,Fionntan,5
2009,Boy,Flynn,5
2009,Boy,Francis,14
2009,Boy,Frank,5
2009,Boy,Frankie,5
2009,Boy,Fraser,7
2009,Boy,Frazer,5
2009,Boy,Freddie,14
2009,Boy,Frederick,6
2009,Boy,Gabriel,25
2009,Boy,Gareth,12
2009,Boy,Gary,9
2009,Boy,Gavin,5
2009,Boy,George,17
2009,Boy,Gerard,18
2009,Boy,Graham,4
2009,Boy,Gregory,3
2009,Boy,Harley,11
2009,Boy,Harris,3
2009,Boy,Harrison,16
2009,Boy,Harry,162
2009,Boy,Harvey,31
2009,Boy,Hayden,11
2009,Boy,Henry,20
2009,Boy,Hubert,4
2009,Boy,Hugh,12
2009,Boy,Hugo,3
2009,Boy,Ian,6
2009,Boy,Iarlaith,3
2009,Boy,Ibrahim,3
2009,Boy,Igor,6
2009,Boy,Isaac,55
2009,Boy,Jack,349
2009,Boy,Jackson,22
2009,Boy,Jacob,63
2009,Boy,Jaden,4
2009,Boy,Jake,116
2009,Boy,Jakub,22
2009,Boy,James,266
2009,Boy,Jamie,163
2009,Boy,Jan,8
2009,Boy,Jarlath,5
2009,Boy,Jason,23
2009,Boy,Jaxon,4
2009,Boy,Jay,88
2009,Boy,Jaydan,4
2009,Boy,Jayden,79
2009,Boy,Jaydon,4
2009,Boy,Jensen,4
2009,Boy,Jenson,6
2009,Boy,Jesse,7
2009,Boy,Joe,13
2009,Boy,Joel,62
2009,Boy,Joey,7
2009,Boy,John,91
2009,Boy,Johnathan,3
2009,Boy,Johnny,7
2009,Boy,Jonah,16
2009,Boy,Jonas,3
2009,Boy,Jonathan,30
2009,Boy,Jordan,17
2009,Boy,Joseph,79
2009,Boy,Josh,60
2009,Boy,Joshua,135
2009,Boy,Jude,68
2009,Boy,Junior,11
2009,Boy,Justin,23
2009,Boy,Kacper,20
2009,Boy,Kade,3
2009,Boy,Kai,21
2009,Boy,Kaiden,8
2009,Boy,Kajus,6
2009,Boy,Kaleb,6
2009,Boy,Kallum,3
2009,Boy,Kalum,4
2009,Boy,Kalvin,4
2009,Boy,Kamil,4
2009,Boy,Kane,5
2009,Boy,Karl,7
2009,Boy,Kayden,14
2009,Boy,Kealan,5
2009,Boy,Keegan,4
2009,Boy,Keelan,11
2009,Boy,Kenzie,14
2009,Boy,Kevin,32
2009,Boy,Kian,16
2009,Boy,Kieran,12
2009,Boy,Killian,14
2009,Boy,Koby,3
2009,Boy,Kristian,11
2009,Boy,Krystian,3
2009,Boy,Krzysztof,5
2009,Boy,Kurtis,4
2009,Boy,Kyle,54
2009,Boy,Kyran,3
2009,Boy,Lee,22
2009,Boy,Lennon,5
2009,Boy,Leo,42
2009,Boy,Leon,35
2009,Boy,Levi,4
2009,Boy,Lewis,107
2009,Boy,Liam,80
2009,Boy,Lincoln,3
2009,Boy,Lochlann,4
2009,Boy,Logan,49
2009,Boy,Lorcan,34
2009,Boy,Louie,7
2009,Boy,Louis,19
2009,Boy,Luca,14
2009,Boy,Lucas,114
2009,Boy,Luis,4
2009,Boy,Luka,4
2009,Boy,Lukas,10
2009,Boy,Luke,118
2009,Boy,Macauley,4
2009,Boy,Maciej,3
2009,Boy,Mackenzie,4
2009,Boy,Maddox,4
2009,Boy,Maison,3
2009,Boy,Makenzie,4
2009,Boy,Maksymilian,3
2009,Boy,Malachi,6
2009,Boy,Malachy,8
2009,Boy,Marc,9
2009,Boy,Marcel,4
2009,Boy,Marco,3
2009,Boy,Marcus,17
2009,Boy,Mark,45
2009,Boy,Markus,4
2009,Boy,Martin,16
2009,Boy,Mason,34
2009,Boy,Matas,5
2009,Boy,Mateusz,10
2009,Boy,Matt,3
2009,Boy,Matteo,3
2009,Boy,Matthew,290
2009,Boy,Max,63
2009,Boy,Maxwell,4
2009,Boy,Mckenzie,8
2009,Boy,Micah,10
2009,Boy,Miceal,6
2009,Boy,Michael,116
2009,Boy,Michal,6
2009,Boy,Micheal,20
2009,Boy,Mikolaj,5
2009,Boy,Milo,6
2009,Boy,Milosz,5
2009,Boy,Morgan,8
2009,Boy,Muhammad,5
2009,Boy,Myles,6
2009,Boy,Naoise,3
2009,Boy,Nataniel,3
2009,Boy,Nathan,108
2009,Boy,Nathaniel,10
2009,Boy,Neil,5
2009,Boy,Neilas,3
2009,Boy,Niall,39
2009,Boy,Nicholas,10
2009,Boy,Nikodem,5
2009,Boy,Noah,101
2009,Boy,Noel,5
2009,Boy,Odhran,54
2009,Boy,Oisin,102
2009,Boy,Oliver,135
2009,Boy,Olivier,7
2009,Boy,Ollie,21
2009,Boy,Olly,3
2009,Boy,Oran,37
2009,Boy,Orin,4
2009,Boy,Oscar,35
2009,Boy,Oskar,9
2009,Boy,Oskaras,3
2009,Boy,Owen,39
2009,Boy,Paddy,4
2009,Boy,Padraic,3
2009,Boy,Padraig,24
2009,Boy,Paidi,3
2009,Boy,Paolo,3
2009,Boy,Patrick,102
2009,Boy,Patryk,11
2009,Boy,Paul,31
2009,Boy,Pauric,5
2009,Boy,Peadar,8
2009,Boy,Pearce,4
2009,Boy,Pearse,19
2009,Boy,Peter,46
2009,Boy,Phelim,5
2009,Boy,Philip,14
2009,Boy,Phillip,3
2009,Boy,Pierce,3
2009,Boy,Piotr,4
2009,Boy,Podraig,3
2009,Boy,Pol,5
2009,Boy,Preston,6
2009,Boy,Quinn,3
2009,Boy,Raphael,3
2009,Boy,Ray,3
2009,Boy,Raymond,5
2009,Boy,Reece,42
2009,Boy,Reilly,3
2009,Boy,Reuben,51
2009,Boy,Rhys,88
2009,Boy,Rian,17
2009,Boy,Richard,15
2009,Boy,Riley,52
2009,Boy,Rio,8
2009,Boy,Rioghan,3
2009,Boy,Roan,6
2009,Boy,Robbie,19
2009,Boy,Robert,33
2009,Boy,Robin,4
2009,Boy,Rocco,3
2009,Boy,Rohan,4
2009,Boy,Roman,6
2009,Boy,Ronan,86
2009,Boy,Rory,71
2009,Boy,Ross,42
2009,Boy,Rossa,8
2009,Boy,Rowan,10
2009,Boy,Ruadhan,3
2009,Boy,Ruairi,46
2009,Boy,Ruben,10
2009,Boy,Rudy,3
2009,Boy,Ryan,245
2009,Boy,Rylee,3
2009,Boy,Ryley,4
2009,Boy,Sam,49
2009,Boy,Samuel,87
2009,Boy,Saul,8
2009,Boy,Scott,36
2009,Boy,Se,3
2009,Boy,Seamus,12
2009,Boy,Sean,131
2009,Boy,Sean-Paul,3
2009,Boy,Sebastian,14
2009,Boy,Senan,13
2009,Boy,Seth,15
2009,Boy,Shane,44
2009,Boy,Shaun,8
2009,Boy,Shay,34
2009,Boy,Shayne,3
2009,Boy,Shea,108
2009,Boy,Simon,12
2009,Boy,Sonny,4
2009,Boy,Spencer,4
2009,Boy,Stefan,8
2009,Boy,Stephen,38
2009,Boy,Steven,9
2009,Boy,Stuart,7
2009,Boy,Szymon,7
2009,Boy,Tadhg,12
2009,Boy,Tarlach,3
2009,Boy,Taylor,30
2009,Boy,Theo,20
2009,Boy,Theodore,3
2009,Boy,Thomas,174
2009,Boy,Tiarnan,12
2009,Boy,Tiernan,44
2009,Boy,Timothy,5
2009,Boy,Tobias,5
2009,Boy,Toby,23
2009,Boy,Tom,34
2009,Boy,Tomas,31
2009,Boy,Tommy,5
2009,Boy,Tony,6
2009,Boy,Travis,12
2009,Boy,Tristan,12
2009,Boy,Troy,9
2009,Boy,Turlough,3
2009,Boy,Tyler,62
2009,Boy,Ultan,4
2009,Boy,Vaughn,4
2009,Boy,Vincent,3
2009,Boy,Wiktor,4
2009,Boy,Will,11
2009,Boy,William,75
2009,Boy,Wojciech,6
2009,Boy,Wyatt,3
2009,Boy,Zac,24
2009,Boy,Zach,25
2009,Boy,Zachariah,3
2009,Boy,Zachary,13
2009,Boy,Zack,19
2009,Boy,Zak,27
2009,Boy,Zakk,4
2009,Boy,Zane,3
2009,Girl,Aaliyah,7
2009,Girl,Abbey,3
2009,Girl,Abbi,5
2009,Girl,Abbie,54
2009,Girl,Abby,12
2009,Girl,Abi,19
2009,Girl,Abigail,77
2009,Girl,Addison,5
2009,Girl,Adrianna,5
2009,Girl,Aibhlinn,3
2009,Girl,Aideen,8
2009,Girl,Aimee,124
2009,Girl,Aimee-Lee,3
2009,Girl,Aimee-Louise,3
2009,Girl,Aine,35
2009,Girl,Aisling,14
2009,Girl,Aislinn,4
2009,Girl,Alana,24
2009,Girl,Alanna,5
2009,Girl,Alannah,7
2009,Girl,Aleah,3
2009,Girl,Alecia,3
2009,Girl,Aleksandra,5
2009,Girl,Alesha,23
2009,Girl,Alex,26
2009,Girl,Alexa,12
2009,Girl,Alexandra,37
2009,Girl,Alexis,13
2009,Girl,Alice,31
2009,Girl,Alicia,18
2009,Girl,Alicja,3
2009,Girl,Alisha,20
2009,Girl,Alissa,3
2009,Girl,Alyssa,8
2009,Girl,Amber,46
2009,Girl,Amelia,41
2009,Girl,Amelie,11
2009,Girl,Amie,4
2009,Girl,Amy,141
2009,Girl,Amy-Lee,4
2009,Girl,Amy-Louise,3
2009,Girl,Ana,4
2009,Girl,Anais,3
2009,Girl,Anastasia,3
2009,Girl,Anastazja,3
2009,Girl,Andrea,5
2009,Girl,Angel,3
2009,Girl,Angela,4
2009,Girl,Angelina,5
2009,Girl,Anna,165
2009,Girl,Anna-Rose,3
2009,Girl,Annabel,7
2009,Girl,Annabella,3
2009,Girl,Annabelle,9
2009,Girl,Anne,3
2009,Girl,Annie,47
2009,Girl,Antonina,4
2009,Girl,Anya,5
2009,Girl,Aoibh,10
2009,Girl,Aoibhe,16
2009,Girl,Aoibheann,27
2009,Girl,Aoibhin,9
2009,Girl,Aoibhinn,13
2009,Girl,Aoife,152
2009,Girl,Aoise,3
2009,Girl,April,4
2009,Girl,Ariana,5
2009,Girl,Arianna,10
2009,Girl,Ashleigh,5
2009,Girl,Ashley,4
2009,Girl,Autumn,6
2009,Girl,Ava,115
2009,Girl,Ayesha,3
2009,Girl,Ayla,3
2009,Girl,Bailey,4
2009,Girl,Beatrice,3
2009,Girl,Bella,13
2009,Girl,Beth,39
2009,Girl,Bethany,34
2009,Girl,Blaithin,5
2009,Girl,Blathnaid,5
2009,Girl,Bonnie,5
2009,Girl,Brannagh,3
2009,Girl,Breanna,6
2009,Girl,Brianna,12
2009,Girl,Bridget,6
2009,Girl,Brogan,5
2009,Girl,Bronagh,9
2009,Girl,Brooke,61
2009,Girl,Cadhla,13
2009,Girl,Caila,3
2009,Girl,Cailin,4
2009,Girl,Cait,3
2009,Girl,Caitlin,105
2009,Girl,Caitlyn,8
2009,Girl,Callie,3
2009,Girl,Caoimhe,72
2009,Girl,Cara,118
2009,Girl,Caragh,11
2009,Girl,Carla,8
2009,Girl,Carly,19
2009,Girl,Carmen,4
2009,Girl,Caroline,5
2009,Girl,Carrie,4
2009,Girl,Carys,9
2009,Girl,Casey,32
2009,Girl,Cassidy,3
2009,Girl,Cassie,26
2009,Girl,Catherine,22
2009,Girl,Ceallach,3
2009,Girl,Cerys,10
2009,Girl,Chantelle,6
2009,Girl,Charley,7
2009,Girl,Charlie,9
2009,Girl,Charlotte,77
2009,Girl,Chelsea,9
2009,Girl,Chelsey,5
2009,Girl,Chloe,164
2009,Girl,Christina,4
2009,Girl,Christine,6
2009,Girl,Ciara,51
2009,Girl,Claire,9
2009,Girl,Clara,29
2009,Girl,Clare,5
2009,Girl,Claudia,6
2009,Girl,Cliodhna,25
2009,Girl,Cliona,7
2009,Girl,Clodagh,48
2009,Girl,Codie,4
2009,Girl,Colleen,6
2009,Girl,Connie,29
2009,Girl,Cora,40
2009,Girl,Courtney,24
2009,Girl,Crystal,6
2009,Girl,Daisy,27
2009,Girl,Dakota,8
2009,Girl,Dana,3
2009,Girl,Daniella,4
2009,Girl,Danielle,14
2009,Girl,Dara,5
2009,Girl,Darcey,12
2009,Girl,Darci,4
2009,Girl,Darcie,8
2009,Girl,Darcy,27
2009,Girl,Dearbhla,8
2009,Girl,Deborah,3
2009,Girl,Deirbhile,5
2009,Girl,Delphine,3
2009,Girl,Demi,7
2009,Girl,Demi-Lee,3
2009,Girl,Demi-Leigh,3
2009,Girl,Denise,3
2009,Girl,Dervla,4
2009,Girl,Eabha,15
2009,Girl,Eadaoin,4
2009,Girl,Ebony,9
2009,Girl,Eden,23
2009,Girl,Edith,3
2009,Girl,Eileen,4
2009,Girl,Eilis,3
2009,Girl,Eimear,56
2009,Girl,Eimhear,5
2009,Girl,Eireann,11
2009,Girl,Eirinn,6
2009,Girl,Eleanor,3
2009,Girl,Elena,3
2009,Girl,Elise,8
2009,Girl,Elisha,5
2009,Girl,Eliza,5
2009,Girl,Elizabeth,26
2009,Girl,Ella,132
2009,Girl,Ella-Louise,6
2009,Girl,Ella-May,4
2009,Girl,Ella-Rose,4
2009,Girl,Elle,5
2009,Girl,Ellen,52
2009,Girl,Ellie,151
2009,Girl,Ellie-Mae,4
2009,Girl,Ellie-May,4
2009,Girl,Eloise,9
2009,Girl,Elsa,5
2009,Girl,Elsie,5
2009,Girl,Elyse,3
2009,Girl,Emer,12
2009,Girl,Emilee,3
2009,Girl,Emilia,9
2009,Girl,Emily,171
2009,Girl,Emma,178
2009,Girl,Enya,7
2009,Girl,Erica,4
2009,Girl,Erika,3
2009,Girl,Erin,186
2009,Girl,Erinn,3
2009,Girl,Esmee,3
2009,Girl,Esther,5
2009,Girl,Eva,169
2009,Girl,Evanna,4
2009,Girl,Eve,47
2009,Girl,Evelyn,8
2009,Girl,Evie,69
2009,Girl,Faith,54
2009,Girl,Farah,6
2009,Girl,Farrah,12
2009,Girl,Faye,29
2009,Girl,Fiadh,7
2009,Girl,Fianna,8
2009,Girl,Fionnuala,9
2009,Girl,Freya,34
2009,Girl,Gabriela,4
2009,Girl,Gabriele,3
2009,Girl,Gabriella,8
2009,Girl,Gabrielle,9
2009,Girl,Gemma,9
2009,Girl,Georgia,14
2009,Girl,Georgina,4
2009,Girl,Grace,239
2009,Girl,Gracie,16
2009,Girl,Grainne,10
2009,Girl,Hailey,3
2009,Girl,Haley,3
2009,Girl,Halle,4
2009,Girl,Hallie,7
2009,Girl,Hanna,8
2009,Girl,Hannah,151
2009,Girl,Harriet,3
2009,Girl,Hayden,3
2009,Girl,Hayley,4
2009,Girl,Heidi,28
2009,Girl,Helen,4
2009,Girl,Hollie,45
2009,Girl,Holly,108
2009,Girl,Honor,3
2009,Girl,Hope,7
2009,Girl,Imogen,11
2009,Girl,India,7
2009,Girl,Iona,8
2009,Girl,Iris,3
2009,Girl,Isabel,4
2009,Girl,Isabella,60
2009,Girl,Isabelle,11
2009,Girl,Isla,37
2009,Girl,Ivy,3
2009,Girl,Jade,6
2009,Girl,Jamie,3
2009,Girl,Jane,10
2009,Girl,Jasmine,32
2009,Girl,Jemma,5
2009,Girl,Jenna,16
2009,Girl,Jennifer,7
2009,Girl,Jenny,3
2009,Girl,Jessica,157
2009,Girl,Joanna,5
2009,Girl,Jodie,24
2009,Girl,Jorja,8
2009,Girl,Josephine,3
2009,Girl,Josie,3
2009,Girl,Joy,3
2009,Girl,Julia,30
2009,Girl,Juliet,3
2009,Girl,Juliette,5
2009,Girl,Kacey,15
2009,Girl,Kacey-Leigh,3
2009,Girl,Kaci,6
2009,Girl,Kacie,9
2009,Girl,Kady,3
2009,Girl,Kailey,3
2009,Girl,Kaitlin,5
2009,Girl,Kaitlyn,16
2009,Girl,Kara,24
2009,Girl,Karis,3
2009,Girl,Karla,10
2009,Girl,Kasey,3
2009,Girl,Kate,35
2009,Girl,Katelyn,19
2009,Girl,Katelynn,5
2009,Girl,Katherine,11
2009,Girl,Kathleen,6
2009,Girl,Kathryn,9
2009,Girl,Katie,254
2009,Girl,Katie-Lee,3
2009,Girl,Katie-Leigh,9
2009,Girl,Katie-Louise,7
2009,Girl,Katie-Rose,3
2009,Girl,Katy,10
2009,Girl,Kayla,46
2009,Girl,Kaylee,3
2009,Girl,Kayleigh,28
2009,Girl,Keeley,11
2009,Girl,Keeva,6
2009,Girl,Keira,7
2009,Girl,Kelsey,13
2009,Girl,Kelsie,10
2009,Girl,Kendra,3
2009,Girl,Kenzie,4
2009,Girl,Kerri,4
2009,Girl,Kerrie,3
2009,Girl,Kerry,6
2009,Girl,Kiana,3
2009,Girl,Kiera,11
2009,Girl,Kimberley,5
2009,Girl,Kinga,4
2009,Girl,Kirsten,5
2009,Girl,Kirsty,11
2009,Girl,Kitty,6
2009,Girl,Klaudia,4
2009,Girl,Kyla,14
2009,Girl,Kyra,9
2009,Girl,Lacey,11
2009,Girl,Lana,12
2009,Girl,Laoise,5
2009,Girl,Lara,15
2009,Girl,Laragh,4
2009,Girl,Laura,39
2009,Girl,Lauren,81
2009,Girl,Lauryn,8
2009,Girl,Lavinia,3
2009,Girl,Layla,6
2009,Girl,Lea,3
2009,Girl,Leah,113
2009,Girl,Leanna,7
2009,Girl,Leia,3
2009,Girl,Leigh,3
2009,Girl,Leigha,3
2009,Girl,Leila,3
2009,Girl,Lena,3
2009,Girl,Leona,13
2009,Girl,Lexi,28
2009,Girl,Lexie,23
2009,Girl,Libby,12
2009,Girl,Lilah,3
2009,Girl,Lilia,3
2009,Girl,Lillie,8
2009,Girl,Lilly,8
2009,Girl,Lily,107
2009,Girl,Lily-Rose,4
2009,Girl,Lisa,11
2009,Girl,Lois,9
2009,Girl,Lola,20
2009,Girl,Louisa,3
2009,Girl,Louise,8
2009,Girl,Lucia,18
2009,Girl,Lucie,17
2009,Girl,Lucy,201
2009,Girl,Lydia,16
2009,Girl,Lyla,3
2009,Girl,Macey,3
2009,Girl,Macy,7
2009,Girl,Maddie,14
2009,Girl,Maddison,18
2009,Girl,Madeleine,5
2009,Girl,Madeline,5
2009,Girl,Madison,48
2009,Girl,Maeve,14
2009,Girl,Maggie,10
2009,Girl,Maia,14
2009,Girl,Mairead,7
2009,Girl,Maisie,23
2009,Girl,Maisy,7
2009,Girl,Maja,21
2009,Girl,Margaret,7
2009,Girl,Maria,48
2009,Girl,Martha,16
2009,Girl,Martyna,5
2009,Girl,Mary,14
2009,Girl,Mary-Kate,7
2009,Girl,Matilda,8
2009,Girl,May,3
2009,Girl,Maya,21
2009,Girl,Meabh,23
2009,Girl,Meadhbh,4
2009,Girl,Meaghan,4
2009,Girl,Megan,98
2009,Girl,Meghan,7
2009,Girl,Melissa,21
2009,Girl,Mia,124
2009,Girl,Miah,4
2009,Girl,Michaela,7
2009,Girl,Michelle,5
2009,Girl,Miley,24
2009,Girl,Millie,13
2009,Girl,Miriam,4
2009,Girl,Miya,5
2009,Girl,Mollie,32
2009,Girl,Mollie-Rose,3
2009,Girl,Molly,108
2009,Girl,Morgan,12
2009,Girl,Muireann,5
2009,Girl,Mya,55
2009,Girl,Myah,3
2009,Girl,Mylie,5
2009,Girl,Nadia,7
2009,Girl,Naoise,5
2009,Girl,Naomi,35
2009,Girl,Natalia,18
2009,Girl,Natalie,14
2009,Girl,Natasha,17
2009,Girl,Natasza,4
2009,Girl,Neve,6
2009,Girl,Niamh,129
2009,Girl,Nicola,8
2009,Girl,Nicole,67
2009,Girl,Nikita,8
2009,Girl,Nikola,6
2009,Girl,Nina,6
2009,Girl,Nora,3
2009,Girl,Nuala,3
2009,Girl,Olivia,139
2009,Girl,Oliwia,11
2009,Girl,Oonagh,3
2009,Girl,Orla,33
2009,Girl,Orlagh,9
2009,Girl,Orlaigh,3
2009,Girl,Orlaith,45
2009,Girl,Paige,34
2009,Girl,Patricia,3
2009,Girl,Patrycja,4
2009,Girl,Paulina,7
2009,Girl,Penny,5
2009,Girl,Peyton,7
2009,Girl,Philippa,4
2009,Girl,Phoebe,32
2009,Girl,Poppy,39
2009,Girl,Rachael,16
2009,Girl,Rachel,80
2009,Girl,Rebecca,94
2009,Girl,Rebekah,15
2009,Girl,Regan,4
2009,Girl,Renee,3
2009,Girl,Rhea,10
2009,Girl,Rhia,7
2009,Girl,Rhianna,11
2009,Girl,Rhiannon,3
2009,Girl,Ria,4
2009,Girl,Rihanna,22
2009,Girl,Riley,6
2009,Girl,Riona,5
2009,Girl,Rionach,6
2009,Girl,Robyn,9
2009,Girl,Roise,14
2009,Girl,Roisin,10
2009,Girl,Roma,5
2009,Girl,Rosa,12
2009,Girl,Rose,19
2009,Girl,Rosie,18
2009,Girl,Roxy,8
2009,Girl,Ruby,123
2009,Girl,Ruth,8
2009,Girl,Ryanna,4
2009,Girl,Sabrina,3
2009,Girl,Sadhbh,5
2009,Girl,Sadie,3
2009,Girl,Sally,3
2009,Girl,Samanta,6
2009,Girl,Samantha,20
2009,Girl,Samara,4
2009,Girl,Sandra,4
2009,Girl,Saoirse,22
2009,Girl,Saorlaith,3
2009,Girl,Sara,28
2009,Girl,Sarah,144
2009,Girl,Sarah-Beth,4
2009,Girl,Sarah-Jane,4
2009,Girl,Sasha,9
2009,Girl,Savannah,3
2009,Girl,Scarlet,7
2009,Girl,Scarlett,39
2009,Girl,Seana,5
2009,Girl,Serena,5
2009,Girl,Shakira,3
2009,Girl,Shania,7
2009,Girl,Shannon,30
2009,Girl,Shauna,8
2009,Girl,Shauneen,3
2009,Girl,Shona,11
2009,Girl,Sian,8
2009,Girl,Sienna,22
2009,Girl,Sinead,9
2009,Girl,Siofra,7
2009,Girl,Skye,13
2009,Girl,Sofia,15
2009,Girl,Sophia,67
2009,Girl,Sophie,253
2009,Girl,Sorcha,11
2009,Girl,Stephanie,5
2009,Girl,Summer,33
2009,Girl,Susanna,3
2009,Girl,Suzanna,4
2009,Girl,Talia,3
2009,Girl,Tamara,3
2009,Girl,Tamzin,4
2009,Girl,Tania,3
2009,Girl,Tara,27
2009,Girl,Taylor,26
2009,Girl,Teagan,8
2009,Girl,Tegan,8
2009,Girl,Teighan,3
2009,Girl,Teresa,3
2009,Girl,Tess,8
2009,Girl,Tessa,3
2009,Girl,Thea,3
2009,Girl,Therese,3
2009,Girl,Tia,15
2009,Girl,Tiana,3
2009,Girl,Tianna,9
2009,Girl,Tiarna,3
2009,Girl,Tierna,11
2009,Girl,Tiffany,4
2009,Girl,Tilly,18
2009,Girl,Toni,5
2009,Girl,Tori,6
2009,Girl,Trinity,3
2009,Girl,Trudy,3
2009,Girl,Ugne,3
2009,Girl,Una,5
2009,Girl,Ursula,5
2009,Girl,Urte,3
2009,Girl,Vanessa,5
2009,Girl,Victoria,33
2009,Girl,Violet,6
2009,Girl,Weronika,5
2009,Girl,Wiktoria,13
2009,Girl,Willow,8
2009,Girl,Yasmin,6
2009,Girl,Yazmin,4
2009,Girl,Zara,71
2009,Girl,Zoe,39
2009,Girl,Zoey,5
2009,Girl,Zofia,3
2009,Girl,Zuzanna,13
2010,Boy,Aaron,104
2010,Boy,Adam,167
2010,Boy,Adrian,15
2010,Boy,Aedan,5
2010,Boy,Aidan,60
2010,Boy,Aiden,4
2010,Boy,Alan,16
2010,Boy,Albert,3
2010,Boy,Aleksander,4
2010,Boy,Alex,71
2010,Boy,Alexander,66
2010,Boy,Alfie,103
2010,Boy,Alfred,4
2010,Boy,Ali,5
2010,Boy,Alistair,3
2010,Boy,Alvin,3
2010,Boy,Andre,3
2010,Boy,Andrew,48
2010,Boy,Angus,6
2010,Boy,Anthony,17
2010,Boy,Aodhan,42
2010,Boy,Archie,36
2010,Boy,Arnas,3
2010,Boy,Arthur,7
2010,Boy,Aryan,3
2010,Boy,Asher,3
2010,Boy,Ashton,22
2010,Boy,Aston,5
2010,Boy,Austin,12
2010,Boy,Bailey,16
2010,Boy,Bartosz,3
2010,Boy,Beau,3
2010,Boy,Ben,115
2010,Boy,Benas,4
2010,Boy,Benjamin,76
2010,Boy,Billy,6
2010,Boy,Blaine,8
2010,Boy,Blake,31
2010,Boy,Bobby,29
2010,Boy,Borys,3
2010,Boy,Bradley,11
2010,Boy,Brandon,27
2010,Boy,Brayden,4
2010,Boy,Breandan,3
2010,Boy,Brendan,16
2010,Boy,Brian,12
2010,Boy,Brodie,4
2010,Boy,Brody,18
2010,Boy,Brogan,6
2010,Boy,Brooklyn,11
2010,Boy,Bryan,3
2010,Boy,Cabhan,3
2010,Boy,Cadan,6
2010,Boy,Caden,15
2010,Boy,Cadhan,4
2010,Boy,Caelan,10
2010,Boy,Caelum,3
2010,Boy,Cahir,17
2010,Boy,Cai,3
2010,Boy,Caidan,4
2010,Boy,Caiden,13
2010,Boy,Cailean,3
2010,Boy,Cailum,4
2010,Boy,Cain,6
2010,Boy,Cal,3
2010,Boy,Caleb,70
2010,Boy,Callan,3
2010,Boy,Callum,120
2010,Boy,Calum,32
2010,Boy,Calvin,17
2010,Boy,Cameron,45
2010,Boy,Caoilte,3
2010,Boy,Caoimhin,28
2010,Boy,Caolan,63
2010,Boy,Caomhan,3
2010,Boy,Carl,6
2010,Boy,Carson,14
2010,Boy,Carter,36
2010,Boy,Casey,6
2010,Boy,Cathair,6
2010,Boy,Cathal,20
2010,Boy,Cathan,6
2010,Boy,Cathaoir,4
2010,Boy,Cayden,13
2010,Boy,Charles,35
2010,Boy,Charley,3
2010,Boy,Charlie,188
2010,Boy,Chase,3
2010,Boy,Che,5
2010,Boy,Chris,5
2010,Boy,Christian,18
2010,Boy,Christopher,44
2010,Boy,Christy,5
2010,Boy,Cian,26
2010,Boy,Ciaran,45
2010,Boy,Cillian,54
2010,Boy,Clark,4
2010,Boy,Clarke,3
2010,Boy,Coby,6
2010,Boy,Cody,35
2010,Boy,Cohan,3
2010,Boy,Cohen,7
2010,Boy,Colby,3
2010,Boy,Cole,24
2010,Boy,Colin,7
2010,Boy,Colm,7
2010,Boy,Conal,12
2010,Boy,Conall,24
2010,Boy,Conan,19
2010,Boy,Conchur,4
2010,Boy,Conn,6
2010,Boy,Connlaodh,5
2010,Boy,Connor,45
2010,Boy,Conor,167
2010,Boy,Cooper,5
2010,Boy,Coran,4
2010,Boy,Corey,78
2010,Boy,Corin,3
2010,Boy,Cormac,60
2010,Boy,Corran,3
2010,Boy,Cory,5
2010,Boy,Cruz,7
2010,Boy,Culann,5
2010,Boy,Curtis,15
2010,Boy,Daire,26
2010,Boy,Daithi,36
2010,Boy,Dale,6
2010,Boy,Dallan,4
2010,Boy,Damhan,3
2010,Boy,Damian,6
2010,Boy,Damien,3
2010,Boy,Dan,3
2010,Boy,Daniel,270
2010,Boy,Danny,16
2010,Boy,Dara,36
2010,Boy,Daragh,12
2010,Boy,Darragh,79
2010,Boy,Darren,12
2010,Boy,Darryl,4
2010,Boy,Daryl,4
2010,Boy,David,71
2010,Boy,Dawid,9
2010,Boy,Dawson,6
2010,Boy,Dean,23
2010,Boy,Declan,15
2010,Boy,Denis,4
2010,Boy,Dexter,3
2010,Boy,Diarmuid,10
2010,Boy,Diego,3
2010,Boy,Dillon,14
2010,Boy,Dion,3
2010,Boy,Domas,3
2010,Boy,Dominic,11
2010,Boy,Dominik,15
2010,Boy,Dominykas,6
2010,Boy,Donal,10
2010,Boy,Donnacha,4
2010,Boy,Donncha,5
2010,Boy,Drew,6
2010,Boy,Dylan,149
2010,Boy,Eamon,6
2010,Boy,Eamonn,5
2010,Boy,Edward,14
2010,Boy,Edwin,3
2010,Boy,Eli,18
2010,Boy,Elias,3
2010,Boy,Elijah,15
2010,Boy,Elliot,6
2010,Boy,Elliott,6
2010,Boy,Emilis,3
2010,Boy,Emmet,4
2010,Boy,Emmett,5
2010,Boy,Enda,7
2010,Boy,Eoghan,39
2010,Boy,Eoin,81
2010,Boy,Eric,4
2010,Boy,Erik,5
2010,Boy,Eryk,3
2010,Boy,Ethan,189
2010,Boy,Euan,12
2010,Boy,Eugene,3
2010,Boy,Eunan,3
2010,Boy,Evan,43
2010,Boy,Ewan,22
2010,Boy,Fabian,4
2010,Boy,Fearghal,5
2010,Boy,Felix,7
2010,Boy,Fergal,4
2010,Boy,Fiachra,7
2010,Boy,Filip,14
2010,Boy,Finbar,3
2010,Boy,Finlay,21
2010,Boy,Finley,5
2010,Boy,Finn,67
2010,Boy,Finnian,4
2010,Boy,Fintan,13
2010,Boy,Fionn,42
2010,Boy,Fionntan,5
2010,Boy,Fiontan,4
2010,Boy,Fletcher,3
2010,Boy,Flynn,6
2010,Boy,Francis,8
2010,Boy,Franciszek,3
2010,Boy,Frankie,10
2010,Boy,Fraser,6
2010,Boy,Freddie,13
2010,Boy,Frederick,4
2010,Boy,Gabriel,11
2010,Boy,Gareth,6
2010,Boy,Gary,14
2010,Boy,Gavin,5
2010,Boy,George,16
2010,Boy,Gerard,13
2010,Boy,Graham,3
2010,Boy,Gustas,3
2010,Boy,Harley,9
2010,Boy,Harrison,10
2010,Boy,Harry,191
2010,Boy,Harvey,35
2010,Boy,Hayden,12
2010,Boy,Henry,23
2010,Boy,Hubert,4
2010,Boy,Hugh,10
2010,Boy,Hugo,6
2010,Boy,Ibrahim,3
2010,Boy,Igor,5
2010,Boy,Isaac,62
2010,Boy,Jack,321
2010,Boy,Jackson,26
2010,Boy,Jacob,106
2010,Boy,Jaden,11
2010,Boy,Jai,3
2010,Boy,Jaiden,4
2010,Boy,Jake,113
2010,Boy,Jakub,21
2010,Boy,James,250
2010,Boy,Jamie,163
2010,Boy,Jan,9
2010,Boy,Jared,4
2010,Boy,Jarlath,7
2010,Boy,Jason,28
2010,Boy,Jasper,3
2010,Boy,Jaxon,11
2010,Boy,Jaxson,3
2010,Boy,Jay,68
2010,Boy,Jayden,65
2010,Boy,Jensen,8
2010,Boy,Jenson,14
2010,Boy,Jesse,10
2010,Boy,Jim,4
2010,Boy,Jody,3
2010,Boy,Joe,22
2010,Boy,Joel,68
2010,Boy,Joey,5
2010,Boy,John,76
2010,Boy,Johnathan,3
2010,Boy,Johnny,8
2010,Boy,Jonah,28
2010,Boy,Jonas,3
2010,Boy,Jonathan,20
2010,Boy,Jordan,14
2010,Boy,Joseph,93
2010,Boy,Josh,40
2010,Boy,Joshua,155
2010,Boy,Josiah,5
2010,Boy,Joss,3
2010,Boy,Jude,70
2010,Boy,Jun,3
2010,Boy,Junior,5
2010,Boy,Justin,14
2010,Boy,Kacper,8
2010,Boy,Kaden,5
2010,Boy,Kadyn,3
2010,Boy,Kai,42
2010,Boy,Kaiden,12
2010,Boy,Kain,4
2010,Boy,Kajus,3
2010,Boy,Kalvin,3
2010,Boy,Kamil,3
2010,Boy,Kane,8
2010,Boy,Karl,6
2010,Boy,Karol,3
2010,Boy,Kayden,12
2010,Boy,Kayleb,3
2010,Boy,Kealan,7
2010,Boy,Keegan,3
2010,Boy,Keelan,8
2010,Boy,Keith,4
2010,Boy,Kelan,3
2010,Boy,Kenzie,16
2010,Boy,Kevin,26
2010,Boy,Kevinas,3
2010,Boy,Kian,17
2010,Boy,Kieran,12
2010,Boy,Kieron,3
2010,Boy,Killian,5
2010,Boy,Kodi,7
2010,Boy,Konrad,3
2010,Boy,Kristian,5
2010,Boy,Kristopher,3
2010,Boy,Kristupas,3
2010,Boy,Krystian,3
2010,Boy,Krzysztof,3
2010,Boy,Kyle,60
2010,Boy,Kyran,3
2010,Boy,Lee,23
2010,Boy,Lennon,7
2010,Boy,Lennox,3
2010,Boy,Leo,33
2010,Boy,Leon,48
2010,Boy,Levi,8
2010,Boy,Lewis,92
2010,Boy,Liam,75
2010,Boy,Lloyd,3
2010,Boy,Lochlan,5
2010,Boy,Logan,63
2010,Boy,Lorcan,37
2010,Boy,Louie,7
2010,Boy,Louis,17
2010,Boy,Luca,30
2010,Boy,Lucas,96
2010,Boy,Luka,3
2010,Boy,Lukas,17
2010,Boy,Luke,123
2010,Boy,Mackenzie,3
2010,Boy,Maksim,3
2010,Boy,Maksymilian,3
2010,Boy,Malachy,5
2010,Boy,Marc,11
2010,Boy,Marcel,5
2010,Boy,Marcus,26
2010,Boy,Mark,41
2010,Boy,Marley,4
2010,Boy,Martin,29
2010,Boy,Mason,37
2010,Boy,Matas,6
2010,Boy,Mateusz,10
2010,Boy,Matthew,230
2010,Boy,Max,71
2010,Boy,Maxwell,3
2010,Boy,Mckenzie,4
2010,Boy,Micah,12
2010,Boy,Miceal,5
2010,Boy,Michael,111
2010,Boy,Michal,4
2010,Boy,Micheal,21
2010,Boy,Mikey,5
2010,Boy,Mikolaj,8
2010,Boy,Milo,9
2010,Boy,Mitchell,3
2010,Boy,Morgan,8
2010,Boy,Murray,4
2010,Boy,Myles,8
2010,Boy,Mylo,3
2010,Boy,Naoise,3
2010,Boy,Nataniel,3
2010,Boy,Nathan,102
2010,Boy,Nathaniel,4
2010,Boy,Neil,9
2010,Boy,Niall,35
2010,Boy,Nicholas,8
2010,Boy,Nicolas,4
2010,Boy,Nikodem,3
2010,Boy,Noah,164
2010,Boy,Noel,5
2010,Boy,Odhran,76
2010,Boy,Oisin,108
2010,Boy,Oliver,142
2010,Boy,Olivier,8
2010,Boy,Oliwier,8
2010,Boy,Ollie,53
2010,Boy,Olly,28
2010,Boy,Oran,29
2010,Boy,Orin,5
2010,Boy,Oscar,49
2010,Boy,Oskar,7
2010,Boy,Owen,31
2010,Boy,Paddy,4
2010,Boy,Padraig,34
2010,Boy,Patrick,84
2010,Boy,Patryk,8
2010,Boy,Paul,31
2010,Boy,Pauric,4
2010,Boy,Peadar,12
2010,Boy,Pearce,4
2010,Boy,Pearse,25
2010,Boy,Peter,47
2010,Boy,Phelim,4
2010,Boy,Philip,10
2010,Boy,Phillip,3
2010,Boy,Phoenix,3
2010,Boy,Pijus,4
2010,Boy,Pol,4
2010,Boy,Preston,6
2010,Boy,Quinn,3
2010,Boy,Ralph,5
2010,Boy,Reagan,6
2010,Boy,Reece,45
2010,Boy,Regan,3
2010,Boy,Reid,4
2010,Boy,Reuben,53
2010,Boy,Rhys,77
2010,Boy,Rian,14
2010,Boy,Richard,9
2010,Boy,Riley,52
2010,Boy,Rio,7
2010,Boy,Roan,6
2010,Boy,Robbie,23
2010,Boy,Robert,42
2010,Boy,Robin,10
2010,Boy,Rocco,7
2010,Boy,Rogan,3
2010,Boy,Ronan,92
2010,Boy,Ronnie,3
2010,Boy,Rory,59
2010,Boy,Ross,23
2010,Boy,Rowan,17
2010,Boy,Ruairi,52
2010,Boy,Ruben,7
2010,Boy,Rudi,4
2010,Boy,Ryan,219
2010,Boy,Rylan,3
2010,Boy,Rylee,3
2010,Boy,Ryley,6
2010,Boy,Rylie,3
2010,Boy,Sam,53
2010,Boy,Samuel,75
2010,Boy,Saul,9
2010,Boy,Scott,19
2010,Boy,Seamus,8
2010,Boy,Sean,109
2010,Boy,Sebastian,15
2010,Boy,Senan,12
2010,Boy,Seth,28
2010,Boy,Shae,5
2010,Boy,Shane,40
2010,Boy,Shaun,6
2010,Boy,Shay,31
2010,Boy,Shayne,3
2010,Boy,Shea,83
2010,Boy,Simon,9
2010,Boy,Solomon,4
2010,Boy,Sonny,8
2010,Boy,Spencer,6
2010,Boy,Stanislaw,3
2010,Boy,Stefan,6
2010,Boy,Stephen,30
2010,Boy,Steven,15
2010,Boy,Stuart,6
2010,Boy,Szymon,12
2010,Boy,Tadhg,8
2010,Boy,Tajus,3
2010,Boy,Taylor,22
2010,Boy,Theo,24
2010,Boy,Thomas,157
2010,Boy,Tiarnan,20
2010,Boy,Tiernan,50
2010,Boy,Timothy,11
2010,Boy,Tobias,7
2010,Boy,Toby,22
2010,Boy,Tom,35
2010,Boy,Tomas,22
2010,Boy,Tomasz,3
2010,Boy,Tommy,6
2010,Boy,Tony,5
2010,Boy,Torin,4
2010,Boy,Travis,11
2010,Boy,Tristan,14
2010,Boy,Tristin,3
2010,Boy,Troy,6
2010,Boy,Ty,7
2010,Boy,Tyler,81
2010,Boy,Tymon,4
2010,Boy,Ultan,5
2010,Boy,Wiktor,6
2010,Boy,Will,10
2010,Boy,William,80
2010,Boy,Wojciech,3
2010,Boy,Xavier,3
2010,Boy,Zac,37
2010,Boy,Zach,46
2010,Boy,Zachariah,3
2010,Boy,Zachary,22
2010,Boy,Zack,16
2010,Boy,Zak,20
2010,Boy,Zane,3
2010,Girl,Aaliyah,6
2010,Girl,Abbey,10
2010,Girl,Abbi,6
2010,Girl,Abbie,70
2010,Girl,Abby,11
2010,Girl,Abi,12
2010,Girl,Abigail,65
2010,Girl,Addison,5
2010,Girl,Adele,3
2010,Girl,Aideen,6
2010,Girl,Aimee,85
2010,Girl,Aine,37
2010,Girl,Aisling,21
2010,Girl,Aislinn,4
2010,Girl,Alana,18
2010,Girl,Alanah,3
2010,Girl,Alanna,11
2010,Girl,Alannah,10
2010,Girl,Aleksandra,5
2010,Girl,Alesha,22
2010,Girl,Alex,29
2010,Girl,Alexa,11
2010,Girl,Alexandra,34
2010,Girl,Alexandria,4
2010,Girl,Alexis,11
2010,Girl,Alice,30
2010,Girl,Alicia,29
2010,Girl,Alicja,6
2010,Girl,Alisha,14
2010,Girl,Alysha,3
2010,Girl,Alyssa,8
2010,Girl,Amanda,7
2010,Girl,Amber,37
2010,Girl,Amelia,59
2010,Girl,Amelie,9
2010,Girl,Amie,5
2010,Girl,Amiee,3
2010,Girl,Amira,14
2010,Girl,Amy,112
2010,Girl,Ana,8
2010,Girl,Andrea,7
2010,Girl,Angel,4
2010,Girl,Angela,4
2010,Girl,Angelina,5
2010,Girl,Anita,3
2010,Girl,Anna,157
2010,Girl,Anna-Rose,4
2010,Girl,Annabel,9
2010,Girl,Annabella,4
2010,Girl,Annabelle,15
2010,Girl,Annalise,5
2010,Girl,Anne,3
2010,Girl,Annie,54
2010,Girl,Anya,3
2010,Girl,Aoibh,8
2010,Girl,Aoibhe,20
2010,Girl,Aoibheann,31
2010,Girl,Aoibhin,9
2010,Girl,Aoibhinn,17
2010,Girl,Aoife,155
2010,Girl,April,5
2010,Girl,Arianna,5
2010,Girl,Ashleigh,5
2010,Girl,Ashley,3
2010,Girl,Ashling,3
2010,Girl,Autumn,5
2010,Girl,Ava,127
2010,Girl,Ayda,3
2010,Girl,Ayla,4
2010,Girl,Bella,22
2010,Girl,Beth,48
2010,Girl,Bethany,37
2010,Girl,Bianca,3
2010,Girl,Billie,5
2010,Girl,Blaithin,4
2010,Girl,Blathnaid,6
2010,Girl,Bonnie,7
2010,Girl,Brianna,11
2010,Girl,Brogan,4
2010,Girl,Bronagh,6
2010,Girl,Brooke,62
2010,Girl,Brooklyn,3
2010,Girl,Brooklynn,3
2010,Girl,Cadhla,19
2010,Girl,Caileigh,7
2010,Girl,Cailin,3
2010,Girl,Cait,3
2010,Girl,Caitlin,98
2010,Girl,Caitlyn,13
2010,Girl,Caitriona,4
2010,Girl,Calleigh,3
2010,Girl,Callie,4
2010,Girl,Caoimhe,70
2010,Girl,Cara,124
2010,Girl,Caragh,10
2010,Girl,Caris,3
2010,Girl,Carla,14
2010,Girl,Carly,13
2010,Girl,Caroline,3
2010,Girl,Carrie,5
2010,Girl,Carys,5
2010,Girl,Casey,30
2010,Girl,Cassie,28
2010,Girl,Catherine,22
2010,Girl,Cerys,19
2010,Girl,Chanelle,3
2010,Girl,Charis,3
2010,Girl,Charley,12
2010,Girl,Charlie,6
2010,Girl,Charlotte,61
2010,Girl,Chelsea,9
2010,Girl,Chelsey,4
2010,Girl,Chloe,155
2010,Girl,Christina,8
2010,Girl,Ciara,43
2010,Girl,Claire,6
2010,Girl,Clara,24
2010,Girl,Clare,7
2010,Girl,Clarissa,3
2010,Girl,Claudia,7
2010,Girl,Cliodhna,24
2010,Girl,Cliona,9
2010,Girl,Clodagh,60
2010,Girl,Codi,3
2010,Girl,Codie,6
2010,Girl,Colleen,9
2010,Girl,Connie,22
2010,Girl,Cora,33
2010,Girl,Courtney,19
2010,Girl,Daisy,42
2010,Girl,Dakota,4
2010,Girl,Daniela,3
2010,Girl,Daniella,3
2010,Girl,Danielle,13
2010,Girl,Danni,4
2010,Girl,Darcey,16
2010,Girl,Darcie,16
2010,Girl,Darcy,22
2010,Girl,Dearbhaile,6
2010,Girl,Dearbhla,5
2010,Girl,Deirbhile,4
2010,Girl,Demi,12
2010,Girl,Demi-Leigh,3
2010,Girl,Dervla,3
2010,Girl,Destiny,3
2010,Girl,Dominika,5
2010,Girl,Eabha,19
2010,Girl,Eadaoin,8
2010,Girl,Ebony,8
2010,Girl,Eden,10
2010,Girl,Eilidh,3
2010,Girl,Eilis,3
2010,Girl,Eilish,3
2010,Girl,Eimear,52
2010,Girl,Eimhear,3
2010,Girl,Eimile,3
2010,Girl,Eireann,8
2010,Girl,Eirinn,6
2010,Girl,Elana,3
2010,Girl,Eleanor,6
2010,Girl,Elena,5
2010,Girl,Eliana,3
2010,Girl,Elin,3
2010,Girl,Elise,13
2010,Girl,Elisha,7
2010,Girl,Eliza,6
2010,Girl,Elizabeth,23
2010,Girl,Ella,133
2010,Girl,Ella-Louise,5
2010,Girl,Ella-Rose,3
2010,Girl,Elle,5
2010,Girl,Ellen,37
2010,Girl,Ellie,176
2010,Girl,Ellie-Mae,11
2010,Girl,Ellie-May,7
2010,Girl,Ellie-Rose,3
2010,Girl,Eloise,5
2010,Girl,Elsa,8
2010,Girl,Elsie,8
2010,Girl,Emer,7
2010,Girl,Emilia,13
2010,Girl,Emilie,6
2010,Girl,Emily,197
2010,Girl,Emma,160
2010,Girl,Emma-Jayne,3
2010,Girl,Emma-Louise,4
2010,Girl,Emmy,3
2010,Girl,Enya,5
2010,Girl,Erica,4
2010,Girl,Erika,6
2010,Girl,Erin,135
2010,Girl,Esme,4
2010,Girl,Esther,4
2010,Girl,Eva,139
2010,Girl,Eva-Marie,3
2010,Girl,Eve,46
2010,Girl,Evelyn,6
2010,Girl,Evie,88
2010,Girl,Ewa,3
2010,Girl,Faith,53
2010,Girl,Farah,3
2010,Girl,Farrah,13
2010,Girl,Faye,37
2010,Girl,Fiadh,3
2010,Girl,Fianna,9
2010,Girl,Fiona,3
2010,Girl,Fionnuala,4
2010,Girl,Florence,3
2010,Girl,Francesca,7
2010,Girl,Freya,48
2010,Girl,Gabriela,4
2010,Girl,Gabriella,8
2010,Girl,Gabrielle,7
2010,Girl,Gemma,8
2010,Girl,Georgia,31
2010,Girl,Georgie,3
2010,Girl,Georgina,4
2010,Girl,Geraldine,3
2010,Girl,Grace,222
2010,Girl,Gracie,26
2010,Girl,Grainne,7
2010,Girl,Greta,3
2010,Girl,Hailey,3
2010,Girl,Haley,3
2010,Girl,Halle,6
2010,Girl,Hallie,4
2010,Girl,Hanna,13
2010,Girl,Hannah,142
2010,Girl,Hayley,13
2010,Girl,Heidi,28
2010,Girl,Helen,5
2010,Girl,Helena,4
2010,Girl,Hollie,37
2010,Girl,Holly,119
2010,Girl,Honor,3
2010,Girl,Hope,9
2010,Girl,Imogen,17
2010,Girl,India,8
2010,Girl,Iona,6
2010,Girl,Isabel,11
2010,Girl,Isabella,80
2010,Girl,Isabelle,11
2010,Girl,Isla,43
2010,Girl,Isobel,10
2010,Girl,Isobella,3
2010,Girl,Izabella,5
2010,Girl,Izzy,3
2010,Girl,Jade,3
2010,Girl,Jamie,4
2010,Girl,Jane,8
2010,Girl,Jasmin,3
2010,Girl,Jasmine,23
2010,Girl,Jemma,4
2010,Girl,Jenna,15
2010,Girl,Jennifer,7
2010,Girl,Jenny,4
2010,Girl,Jessica,166
2010,Girl,Joanna,8
2010,Girl,Jodi,3
2010,Girl,Jodie,21
2010,Girl,Joni,3
2010,Girl,Jorja,6
2010,Girl,Josie,3
2010,Girl,Joy,6
2010,Girl,Julia,36
2010,Girl,Juliana,3
2010,Girl,Juno,3
2010,Girl,Kacey,16
2010,Girl,Kaci,7
2010,Girl,Kacie,8
2010,Girl,Kadie,5
2010,Girl,Kaela,3
2010,Girl,Kaila,3
2010,Girl,Kaitlin,9
2010,Girl,Kaitlyn,14
2010,Girl,Kallie,3
2010,Girl,Kamile,3
2010,Girl,Kara,22
2010,Girl,Karen,3
2010,Girl,Karina,4
2010,Girl,Karis,4
2010,Girl,Karla,3
2010,Girl,Karly,4
2010,Girl,Karolina,8
2010,Girl,Kate,29
2010,Girl,Katelyn,11
2010,Girl,Katherine,10
2010,Girl,Kathleen,4
2010,Girl,Kathryn,8
2010,Girl,Katie,235
2010,Girl,Katie-Lee,4
2010,Girl,Katie-Leigh,9
2010,Girl,Katie-Rose,4
2010,Girl,Katrina,3
2010,Girl,Katy,6
2010,Girl,Kayla,47
2010,Girl,Kaylee,6
2010,Girl,Kayleigh,16
2010,Girl,Kealeigh,3
2010,Girl,Keeley,10
2010,Girl,Keely,3
2010,Girl,Keeva,5
2010,Girl,Keira,10
2010,Girl,Kelsey,11
2010,Girl,Kelsie,5
2010,Girl,Kendra,10
2010,Girl,Kenzie,3
2010,Girl,Kerrie,4
2010,Girl,Kerry,4
2010,Girl,Kezia,3
2010,Girl,Khloe,10
2010,Girl,Kianna,3
2010,Girl,Kiera,9
2010,Girl,Kimberly,4
2010,Girl,Kirsty,9
2010,Girl,Kitty,6
2010,Girl,Klaudia,3
2010,Girl,Kora,3
2010,Girl,Kourtney,5
2010,Girl,Kyla,11
2010,Girl,Kyra,8
2010,Girl,Lacey,29
2010,Girl,Laci,3
2010,Girl,Lacie,4
2010,Girl,Lana,10
2010,Girl,Laoise,9
2010,Girl,Lara,33
2010,Girl,Laura,40
2010,Girl,Lauren,67
2010,Girl,Laurie,4
2010,Girl,Layla,20
2010,Girl,Lea,3
2010,Girl,Leah,127
2010,Girl,Leanne,4
2010,Girl,Leia,3
2010,Girl,Leigha,3
2010,Girl,Leila,3
2010,Girl,Lena,16
2010,Girl,Leona,13
2010,Girl,Lexi,38
2010,Girl,Lexie,31
2010,Girl,Libby,7
2010,Girl,Lilli,3
2010,Girl,Lillie,11
2010,Girl,Lilly,20
2010,Girl,Lilly-Rose,3
2010,Girl,Lily,137
2010,Girl,Lily-May,3
2010,Girl,Lily-Rose,5
2010,Girl,Lisa,8
2010,Girl,Lisa-Marie,3
2010,Girl,Logan,3
2010,Girl,Lois,16
2010,Girl,Lola,30
2010,Girl,Lori,4
2010,Girl,Lottie,3
2010,Girl,Louisa,6
2010,Girl,Louise,15
2010,Girl,Lucia,14
2010,Girl,Lucie,36
2010,Girl,Lucy,183
2010,Girl,Lydia,17
2010,Girl,Lyla,5
2010,Girl,Macey,12
2010,Girl,Maci,4
2010,Girl,Macie,9
2010,Girl,Macy,9
2010,Girl,Maddie,3
2010,Girl,Maddison,15
2010,Girl,Madeleine,4
2010,Girl,Madeline,4
2010,Girl,Madison,52
2010,Girl,Maebh,6
2010,Girl,Maeve,16
2010,Girl,Maggie,15
2010,Girl,Maia,10
2010,Girl,Mairead,4
2010,Girl,Maisey,3
2010,Girl,Maisie,64
2010,Girl,Maisy,7
2010,Girl,Maja,18
2010,Girl,Marcy,3
2010,Girl,Margaret,6
2010,Girl,Maria,35
2010,Girl,Martha,14
2010,Girl,Martyna,5
2010,Girl,Mary,22
2010,Girl,Mary-Kate,3
2010,Girl,Matilda,13
2010,Girl,Maura,5
2010,Girl,Maya,16
2010,Girl,Mayah,4
2010,Girl,Meabh,35
2010,Girl,Meadhbh,3
2010,Girl,Megan,99
2010,Girl,Meghan,9
2010,Girl,Melissa,10
2010,Girl,Mia,137
2010,Girl,Michaela,6
2010,Girl,Michelle,4
2010,Girl,Milana,3
2010,Girl,Miley,29
2010,Girl,Millie,17
2010,Girl,Milly,3
2010,Girl,Minnie,3
2010,Girl,Miya,6
2010,Girl,Mollie,41
2010,Girl,Molly,121
2010,Girl,Morgan,13
2010,Girl,Muireann,6
2010,Girl,Mya,51
2010,Girl,Myah,5
2010,Girl,Myla,3
2010,Girl,Mylee,3
2010,Girl,Mylie,5
2010,Girl,Nadia,10
2010,Girl,Nadine,3
2010,Girl,Nancy,3
2010,Girl,Naoise,5
2010,Girl,Naomi,30
2010,Girl,Natalia,11
2010,Girl,Natalie,10
2010,Girl,Natasha,12
2010,Girl,Neala,3
2010,Girl,Nevaeh,7
2010,Girl,Neve,6
2010,Girl,Nia,4
2010,Girl,Niamh,125
2010,Girl,Nicola,8
2010,Girl,Nicole,38
2010,Girl,Nikita,4
2010,Girl,Nikki,3
2010,Girl,Nikola,7
2010,Girl,Nina,10
2010,Girl,Norah,6
2010,Girl,Nyla,3
2010,Girl,Olivia,189
2010,Girl,Oliwia,9
2010,Girl,Oonagh,3
2010,Girl,Orla,32
2010,Girl,Orlagh,15
2010,Girl,Orlaigh,4
2010,Girl,Orlaith,33
2010,Girl,Paige,25
2010,Girl,Paris,3
2010,Girl,Patrycja,3
2010,Girl,Paula,3
2010,Girl,Paulina,5
2010,Girl,Payton,5
2010,Girl,Penelope,3
2010,Girl,Penny,7
2010,Girl,Peyton,6
2010,Girl,Phoebe,29
2010,Girl,Pixie,3
2010,Girl,Polly,4
2010,Girl,Poppie,3
2010,Girl,Poppy,49
2010,Girl,Rachael,6
2010,Girl,Rachel,74
2010,Girl,Rebecca,67
2010,Girl,Rebeka,3
2010,Girl,Rebekah,20
2010,Girl,Regan,4
2010,Girl,Rhea,7
2010,Girl,Rhia,4
2010,Girl,Rhian,3
2010,Girl,Rhianna,5
2010,Girl,Rhiannon,4
2010,Girl,Ria,6
2010,Girl,Rihanna,12
2010,Girl,Riley,9
2010,Girl,Riona,6
2010,Girl,Robyn,24
2010,Girl,Roise,12
2010,Girl,Roisin,12
2010,Girl,Roma,5
2010,Girl,Rosa,18
2010,Girl,Rosanna,3
2010,Girl,Rose,23
2010,Girl,Rosemary,4
2010,Girl,Rosie,21
2010,Girl,Roxanne,5
2010,Girl,Roxy,4
2010,Girl,Rua,3
2010,Girl,Ruby,92
2010,Girl,Ruth,9
2010,Girl,Sadbh,4
2010,Girl,Sadhbh,4
2010,Girl,Sadie,5
2010,Girl,Samantha,3
2010,Girl,Sandra,3
2010,Girl,Saoirse,19
2010,Girl,Saorla,7
2010,Girl,Saorlaith,6
2010,Girl,Sara,19
2010,Girl,Sarah,129
2010,Girl,Sarah-Jane,3
2010,Girl,Sarah-Louise,3
2010,Girl,Sasha,10
2010,Girl,Savannah,9
2010,Girl,Scarlett,40
2010,Girl,Seana,3
2010,Girl,Seanan,3
2010,Girl,Serena,3
2010,Girl,Shania,4
2010,Girl,Shannon,35
2010,Girl,Sharon,4
2010,Girl,Shauna,5
2010,Girl,Shona,4
2010,Girl,Shreya,3
2010,Girl,Sian,7
2010,Girl,Sienna,27
2010,Girl,Sinead,7
2010,Girl,Siobhan,3
2010,Girl,Siofra,9
2010,Girl,Skye,13
2010,Girl,Skyla,3
2010,Girl,Sofia,16
2010,Girl,Sophia,95
2010,Girl,Sophie,262
2010,Girl,Sorcha,5
2010,Girl,Star,3
2010,Girl,Stella,7
2010,Girl,Stephanie,3
2010,Girl,Summer,31
2010,Girl,Susanna,4
2010,Girl,Suzanna,3
2010,Girl,Tabitha,6
2010,Girl,Tamzin,3
2010,Girl,Tanisha,4
2010,Girl,Tara,33
2010,Girl,Taylor,10
2010,Girl,Teagan,9
2010,Girl,Tegan,8
2010,Girl,Teighan,3
2010,Girl,Tess,10
2010,Girl,Thea,3
2010,Girl,Tia,14
2010,Girl,Tiana,9
2010,Girl,Tianna,6
2010,Girl,Tierna,11
2010,Girl,Tiffany,3
2010,Girl,Tilly,21
2010,Girl,Toni,4
2010,Girl,Tori,15
2010,Girl,Treasa,3
2010,Girl,Una,3
2010,Girl,Vanessa,9
2010,Girl,Victoria,27
2010,Girl,Vilte,3
2010,Girl,Weronika,5
2010,Girl,Whitney,5
2010,Girl,Wiktoria,7
2010,Girl,Willow,6
2010,Girl,Yasmin,6
2010,Girl,Yazmin,3
2010,Girl,Yvie,4
2010,Girl,Zara,56
2010,Girl,Zoe,67
2010,Girl,Zoey,6
2010,Girl,Zofia,3
2010,Girl,Zuzanna,22
2011,Boy,Aaron,91
2011,Boy,Adam,161
2011,Boy,Aden,3
2011,Boy,Adrian,8
2011,Boy,Aidan,73
2011,Boy,Aiden,18
2011,Boy,Alan,17
2011,Boy,Albert,5
2011,Boy,Aleksander,6
2011,Boy,Alex,77
2011,Boy,Alexander,59
2011,Boy,Alfie,140
2011,Boy,Alistair,4
2011,Boy,Andrew,48
2011,Boy,Anthony,24
2011,Boy,Anton,6
2011,Boy,Antoni,5
2011,Boy,Antonio,5
2011,Boy,Aodhan,47
2011,Boy,Archie,23
2011,Boy,Arlo,3
2011,Boy,Armin,3
2011,Boy,Arthur,8
2011,Boy,Artur,3
2011,Boy,Ashton,24
2011,Boy,Austin,8
2011,Boy,Bailey,16
2011,Boy,Bailie,3
2011,Boy,Barry,6
2011,Boy,Bartosz,7
2011,Boy,Ben,106
2011,Boy,Benjamin,67
2011,Boy,Bentley,5
2011,Boy,Billy,5
2011,Boy,Blair,3
2011,Boy,Blake,26
2011,Boy,Bobby,23
2011,Boy,Bradley,17
2011,Boy,Brandon,24
2011,Boy,Breandan,3
2011,Boy,Brendan,11
2011,Boy,Brian,12
2011,Boy,Brodie,11
2011,Boy,Brody,15
2011,Boy,Brogan,6
2011,Boy,Brooklyn,10
2011,Boy,Bryson,3
2011,Boy,Caden,13
2011,Boy,Cadhan,4
2011,Boy,Cael,4
2011,Boy,Caelan,6
2011,Boy,Cahal,3
2011,Boy,Cahir,20
2011,Boy,Caidan,5
2011,Boy,Caiden,19
2011,Boy,Cain,6
2011,Boy,Caleb,75
2011,Boy,Callum,104
2011,Boy,Calum,33
2011,Boy,Calvin,13
2011,Boy,Cameron,26
2011,Boy,Caodhan,9
2011,Boy,Caoimhin,24
2011,Boy,Caolan,72
2011,Boy,Carson,13
2011,Boy,Carter,44
2011,Boy,Casey,6
2011,Boy,Cathair,4
2011,Boy,Cathal,17
2011,Boy,Cathaoir,4
2011,Boy,Cayden,15
2011,Boy,Charles,23
2011,Boy,Charley,3
2011,Boy,Charlie,207
2011,Boy,Che,7
2011,Boy,Christian,15
2011,Boy,Christopher,48
2011,Boy,Christy,3
2011,Boy,Cian,32
2011,Boy,Cianan,4
2011,Boy,Ciaran,47
2011,Boy,Cillian,52
2011,Boy,Clark,4
2011,Boy,Coby,4
2011,Boy,Codi,3
2011,Boy,Codie,3
2011,Boy,Cody,34
2011,Boy,Cohen,15
2011,Boy,Cole,16
2011,Boy,Colin,7
2011,Boy,Colm,7
2011,Boy,Conal,14
2011,Boy,Conall,29
2011,Boy,Conan,30
2011,Boy,Conleth,3
2011,Boy,Connall,3
2011,Boy,Connor,47
2011,Boy,Conor,171
2011,Boy,Conrad,3
2011,Boy,Cooper,12
2011,Boy,Corey,61
2011,Boy,Cormac,53
2011,Boy,Cory,4
2011,Boy,Craig,4
2011,Boy,Cruz,6
2011,Boy,Cuan,3
2011,Boy,Curtis,12
2011,Boy,Daire,31
2011,Boy,Daithi,34
2011,Boy,Dale,3
2011,Boy,Damian,8
2011,Boy,Damien,3
2011,Boy,Dan,8
2011,Boy,Daniel,231
2011,Boy,Danielius,3
2011,Boy,Danny,29
2011,Boy,Dara,38
2011,Boy,Daragh,6
2011,Boy,Darragh,69
2011,Boy,Darren,6
2011,Boy,Darryl,3
2011,Boy,David,69
2011,Boy,Dawid,8
2011,Boy,Dawson,7
2011,Boy,Deaglan,4
2011,Boy,Dean,13
2011,Boy,Declan,9
2011,Boy,Denis,8
2011,Boy,Denzel,3
2011,Boy,Dermot,4
2011,Boy,Dexter,6
2011,Boy,Diarmuid,4
2011,Boy,Dillon,11
2011,Boy,Dominic,10
2011,Boy,Dominik,6
2011,Boy,Donal,7
2011,Boy,Donnacha,7
2011,Boy,Donncha,9
2011,Boy,Dovydas,4
2011,Boy,Drew,6
2011,Boy,Dylan,132
2011,Boy,Eamon,3
2011,Boy,Eamonn,6
2011,Boy,Edward,21
2011,Boy,Eimantas,3
2011,Boy,Eli,20
2011,Boy,Elias,3
2011,Boy,Elijah,23
2011,Boy,Elliot,9
2011,Boy,Elliott,9
2011,Boy,Ellis,5
2011,Boy,Emmet,4
2011,Boy,Emmett,9
2011,Boy,Enzo,9
2011,Boy,Eoghan,41
2011,Boy,Eoin,83
2011,Boy,Eolann,3
2011,Boy,Eric,3
2011,Boy,Erikas,3
2011,Boy,Ethan,235
2011,Boy,Euan,5
2011,Boy,Eunan,6
2011,Boy,Evan,28
2011,Boy,Ewan,16
2011,Boy,Fabian,7
2011,Boy,Felix,3
2011,Boy,Fergus,4
2011,Boy,Fiachra,6
2011,Boy,Filip,29
2011,Boy,Finian,3
2011,Boy,Finlay,18
2011,Boy,Finley,6
2011,Boy,Finn,77
2011,Boy,Fintan,8
2011,Boy,Fionan,3
2011,Boy,Fionn,51
2011,Boy,Fionnbharr,3
2011,Boy,Fionntan,7
2011,Boy,Flynn,10
2011,Boy,Francis,8
2011,Boy,Frank,3
2011,Boy,Frankie,4
2011,Boy,Fraser,3
2011,Boy,Freddie,15
2011,Boy,Frederick,4
2011,Boy,Gabriel,16
2011,Boy,Gareth,4
2011,Boy,Gavin,6
2011,Boy,Gearoid,3
2011,Boy,George,28
2011,Boy,Gerald,4
2011,Boy,Gerard,17
2011,Boy,Gustas,3
2011,Boy,Harley,18
2011,Boy,Harris,3
2011,Boy,Harrison,16
2011,Boy,Harry,228
2011,Boy,Harvey,23
2011,Boy,Hayden,9
2011,Boy,Henry,29
2011,Boy,Hugh,11
2011,Boy,Hughie,3
2011,Boy,Hugo,4
2011,Boy,Hunter,3
2011,Boy,Isaac,75
2011,Boy,Issac,3
2011,Boy,Ivo,3
2011,Boy,Izaac,3
2011,Boy,Jac,4
2011,Boy,Jack,305
2011,Boy,Jackson,24
2011,Boy,Jacob,111
2011,Boy,Jaden,11
2011,Boy,Jai,11
2011,Boy,Jaiden,4
2011,Boy,Jake,152
2011,Boy,Jakub,26
2011,Boy,James,284
2011,Boy,Jamie,156
2011,Boy,Jarlath,11
2011,Boy,Jason,14
2011,Boy,Jaxon,18
2011,Boy,Jay,70
2011,Boy,Jayden,85
2011,Boy,Jensen,6
2011,Boy,Jenson,16
2011,Boy,Jeremy,3
2011,Boy,Jesse,8
2011,Boy,Joe,17
2011,Boy,Joel,48
2011,Boy,Joey,3
2011,Boy,John,76
2011,Boy,John-James,4
2011,Boy,Johnny,8
2011,Boy,Jon,3
2011,Boy,Jonah,28
2011,Boy,Jonas,4
2011,Boy,Jonathan,29
2011,Boy,Jordan,11
2011,Boy,Joris,3
2011,Boy,Joseph,91
2011,Boy,Josh,34
2011,Boy,Joshua,141
2011,Boy,Josiah,3
2011,Boy,Jude,63
2011,Boy,Junior,9
2011,Boy,Justin,4
2011,Boy,Kacper,14
2011,Boy,Kade,4
2011,Boy,Kaden,4
2011,Boy,Kai,40
2011,Boy,Kaiden,23
2011,Boy,Kain,4
2011,Boy,Kajus,3
2011,Boy,Kaleb,8
2011,Boy,Karl,6
2011,Boy,Karol,6
2011,Boy,Kayden,23
2011,Boy,Kayne,3
2011,Boy,Kealan,4
2011,Boy,Keelan,10
2011,Boy,Keenan,3
2011,Boy,Kenzie,8
2011,Boy,Kevin,19
2011,Boy,Kian,24
2011,Boy,Kieran,10
2011,Boy,Kieron,3
2011,Boy,Killian,11
2011,Boy,Kobi,5
2011,Boy,Kody,3
2011,Boy,Kole,3
2011,Boy,Korey,5
2011,Boy,Kori,3
2011,Boy,Kristian,4
2011,Boy,Krystian,4
2011,Boy,Ksawery,4
2011,Boy,Kurt,4
2011,Boy,Kurtis,5
2011,Boy,Kylan,4
2011,Boy,Kyle,53
2011,Boy,Kyran,3
2011,Boy,Lee,11
2011,Boy,Lennon,5
2011,Boy,Leo,61
2011,Boy,Leon,42
2011,Boy,Levi,11
2011,Boy,Lewis,69
2011,Boy,Leyton,4
2011,Boy,Liam,59
2011,Boy,Lochlainn,4
2011,Boy,Lochlann,5
2011,Boy,Logan,68
2011,Boy,Lorcan,44
2011,Boy,Louie,10
2011,Boy,Louis,15
2011,Boy,Luc,4
2011,Boy,Luca,21
2011,Boy,Lucas,87
2011,Boy,Lukas,14
2011,Boy,Luke,112
2011,Boy,Mackenzie,5
2011,Boy,Maison,3
2011,Boy,Maksymilian,5
2011,Boy,Malachy,3
2011,Boy,Marc,9
2011,Boy,Marcel,7
2011,Boy,Marcus,14
2011,Boy,Mark,34
2011,Boy,Marley,5
2011,Boy,Martin,20
2011,Boy,Mason,72
2011,Boy,Matas,7
2011,Boy,Mateusz,4
2011,Boy,Mathew,4
2011,Boy,Matt,4
2011,Boy,Matthew,238
2011,Boy,Max,94
2011,Boy,Maximilian,4
2011,Boy,Mckenzie,4
2011,Boy,Micah,15
2011,Boy,Miceal,4
2011,Boy,Michael,112
2011,Boy,Michal,11
2011,Boy,Micheal,25
2011,Boy,Mikey,3
2011,Boy,Mikolaj,6
2011,Boy,Milo,9
2011,Boy,Mohamed,3
2011,Boy,Morgan,5
2011,Boy,Myles,7
2011,Boy,Nataniel,3
2011,Boy,Nathan,76
2011,Boy,Nathaniel,10
2011,Boy,Neil,7
2011,Boy,Niall,40
2011,Boy,Nicholas,4
2011,Boy,Nicolas,6
2011,Boy,Nikodem,4
2011,Boy,Noah,155
2011,Boy,Noel,4
2011,Boy,Nojus,4
2011,Boy,Odhran,58
2011,Boy,Oisin,96
2011,Boy,Olaf,3
2011,Boy,Oliver,143
2011,Boy,Olivier,4
2011,Boy,Oliwier,4
2011,Boy,Ollie,58
2011,Boy,Olly,22
2011,Boy,Oran,29
2011,Boy,Oscar,51
2011,Boy,Oskar,6
2011,Boy,Otis,4
2011,Boy,Owen,39
2011,Boy,Paddy,4
2011,Boy,Padraig,37
2011,Boy,Parker,4
2011,Boy,Pascal,3
2011,Boy,Patrick,93
2011,Boy,Patryk,7
2011,Boy,Paul,19
2011,Boy,Pauric,4
2011,Boy,Peadar,5
2011,Boy,Pearce,4
2011,Boy,Pearse,17
2011,Boy,Peter,57
2011,Boy,Philip,9
2011,Boy,Piotr,4
2011,Boy,Preston,7
2011,Boy,Quinn,4
2011,Boy,Ralph,3
2011,Boy,Reece,32
2011,Boy,Regan,4
2011,Boy,Reuben,48
2011,Boy,Rhys,52
2011,Boy,Rian,10
2011,Boy,Richard,6
2011,Boy,Riley,139
2011,Boy,Rio,10
2011,Boy,Robbie,14
2011,Boy,Robert,45
2011,Boy,Robin,3
2011,Boy,Rocco,3
2011,Boy,Rohan,3
2011,Boy,Ronan,67
2011,Boy,Rory,77
2011,Boy,Ross,25
2011,Boy,Rossa,3
2011,Boy,Rowan,10
2011,Boy,Ruaidhri,3
2011,Boy,Ruairi,22
2011,Boy,Ruben,6
2011,Boy,Ryan,210
2011,Boy,Rylan,4
2011,Boy,Rylee,4
2011,Boy,Ryley,10
2011,Boy,Sam,57
2011,Boy,Samuel,74
2011,Boy,Saul,5
2011,Boy,Scott,21
2011,Boy,Se,3
2011,Boy,Seamus,7
2011,Boy,Sean,93
2011,Boy,Sebastian,22
2011,Boy,Senan,25
2011,Boy,Seth,30
2011,Boy,Shane,33
2011,Boy,Shaun,5
2011,Boy,Shay,26
2011,Boy,Shayne,4
2011,Boy,Shea,62
2011,Boy,Simon,3
2011,Boy,Sonny,9
2011,Boy,Spencer,3
2011,Boy,Stefan,6
2011,Boy,Stephen,19
2011,Boy,Steven,11
2011,Boy,Stevie,3
2011,Boy,Stuart,4
2011,Boy,Szymon,6
2011,Boy,Tai,3
2011,Boy,Taylor,22
2011,Boy,Terence,3
2011,Boy,Theo,19
2011,Boy,Theodore,4
2011,Boy,Thomas,160
2011,Boy,Tiarnan,15
2011,Boy,Tiernan,37
2011,Boy,Timothy,10
2011,Boy,Tobias,8
2011,Boy,Toby,16
2011,Boy,Tom,45
2011,Boy,Tomas,18
2011,Boy,Tommy,18
2011,Boy,Tony,4
2011,Boy,Travis,13
2011,Boy,Tristan,10
2011,Boy,Troy,10
2011,Boy,Tyler,71
2011,Boy,Vincent,3
2011,Boy,Warren,6
2011,Boy,Will,15
2011,Boy,William,80
2011,Boy,Wyatt,3
2011,Boy,Xander,3
2011,Boy,Zac,19
2011,Boy,Zach,46
2011,Boy,Zachariah,6
2011,Boy,Zachary,29
2011,Boy,Zack,21
2011,Boy,Zak,20
2011,Girl,Aaliyah,10
2011,Girl,Abbey,6
2011,Girl,Abbi,3
2011,Girl,Abbie,70
2011,Girl,Abby,7
2011,Girl,Abi,11
2011,Girl,Abigail,68
2011,Girl,Addison,4
2011,Girl,Adele,4
2011,Girl,Adriana,3
2011,Girl,Agata,3
2011,Girl,Aideen,7
2011,Girl,Aime,3
2011,Girl,Aimee,91
2011,Girl,Aimee-Lee,3
2011,Girl,Aimee-Rose,3
2011,Girl,Aine,31
2011,Girl,Aishlinn,3
2011,Girl,Aisling,8
2011,Girl,Aislinn,3
2011,Girl,Alana,16
2011,Girl,Alanna,12
2011,Girl,Alannah,17
2011,Girl,Aleksandra,4
2011,Girl,Alesha,19
2011,Girl,Alex,13
2011,Girl,Alexa,11
2011,Girl,Alexandra,27
2011,Girl,Alexis,24
2011,Girl,Alice,38
2011,Girl,Alicia,19
2011,Girl,Alicja,4
2011,Girl,Alisha,10
2011,Girl,Aliyah,7
2011,Girl,Alyssa,6
2011,Girl,Amanda,4
2011,Girl,Amber,23
2011,Girl,Amelia,81
2011,Girl,Amelie,10
2011,Girl,Amiee,4
2011,Girl,Amy,89
2011,Girl,Ana,4
2011,Girl,Andrea,4
2011,Girl,Angel,8
2011,Girl,Angelina,4
2011,Girl,Ann,6
2011,Girl,Anna,149
2011,Girl,Anna-May,4
2011,Girl,Anna-Rose,3
2011,Girl,Annabel,8
2011,Girl,Annabelle,20
2011,Girl,Annie,58
2011,Girl,Anya,3
2011,Girl,Aoibh,12
2011,Girl,Aoibhe,12
2011,Girl,Aoibheann,23
2011,Girl,Aoibhin,9
2011,Girl,Aoibhinn,12
2011,Girl,Aoife,146
2011,Girl,April,3
2011,Girl,Arabella,3
2011,Girl,Ariana,5
2011,Girl,Arianna,8
2011,Girl,Ashleigh,4
2011,Girl,Ashley,4
2011,Girl,Auguste,5
2011,Girl,Autumn,8
2011,Girl,Ava,105
2011,Girl,Ayla,4
2011,Girl,Bailey,3
2011,Girl,Beatrice,8
2011,Girl,Beibhinn,3
2011,Girl,Bella,29
2011,Girl,Belle,5
2011,Girl,Beth,31
2011,Girl,Bethan,3
2011,Girl,Bethany,34
2011,Girl,Billie,6
2011,Girl,Blaithin,8
2011,Girl,Blathnaid,12
2011,Girl,Bobbi,5
2011,Girl,Bonnie,6
2011,Girl,Brannagh,3
2011,Girl,Brea,3
2011,Girl,Brianna,11
2011,Girl,Brianne,4
2011,Girl,Bronagh,10
2011,Girl,Brooke,64
2011,Girl,Brooklyn,4
2011,Girl,Cadhla,12
2011,Girl,Caela,5
2011,Girl,Cailyn,3
2011,Girl,Caitlin,70
2011,Girl,Caitlyn,9
2011,Girl,Caitriona,3
2011,Girl,Cali,4
2011,Girl,Callie,5
2011,Girl,Caoimhe,85
2011,Girl,Cara,115
2011,Girl,Caragh,20
2011,Girl,Carla,7
2011,Girl,Carly,14
2011,Girl,Carragh,9
2011,Girl,Carrie,3
2011,Girl,Carys,7
2011,Girl,Casey,27
2011,Girl,Cassie,23
2011,Girl,Catherine,21
2011,Girl,Cayla,3
2011,Girl,Cerys,7
2011,Girl,Charis,3
2011,Girl,Charley,10
2011,Girl,Charlie,6
2011,Girl,Charlotte,80
2011,Girl,Chelsea,6
2011,Girl,Chloe,167
2011,Girl,Christina,3
2011,Girl,Ciara,34
2011,Girl,Claire,7
2011,Girl,Clara,25
2011,Girl,Clare,5
2011,Girl,Claudia,8
2011,Girl,Cliodhna,24
2011,Girl,Cliona,3
2011,Girl,Clodagh,39
2011,Girl,Codie,3
2011,Girl,Coleen,4
2011,Girl,Colleen,6
2011,Girl,Connie,28
2011,Girl,Cora,51
2011,Girl,Coragh,4
2011,Girl,Courtney,12
2011,Girl,Daisy,32
2011,Girl,Dakota,3
2011,Girl,Dana,3
2011,Girl,Daniella,5
2011,Girl,Danielle,13
2011,Girl,Danni,4
2011,Girl,Dara,4
2011,Girl,Darcey,10
2011,Girl,Darcie,13
2011,Girl,Darcy,34
2011,Girl,Daria,3
2011,Girl,Dearbhaile,3
2011,Girl,Dearbhla,12
2011,Girl,Demi,8
2011,Girl,Diana,4
2011,Girl,Eabha,41
2011,Girl,Eadaoin,3
2011,Girl,Ebony,5
2011,Girl,Eden,17
2011,Girl,Edie,4
2011,Girl,Effie,3
2011,Girl,Eibhleann,4
2011,Girl,Eibhlin,5
2011,Girl,Eilidh,6
2011,Girl,Eilis,5
2011,Girl,Eimear,43
2011,Girl,Eimhear,6
2011,Girl,Eire,4
2011,Girl,Eireann,9
2011,Girl,Eirinn,7
2011,Girl,Eleanor,5
2011,Girl,Elena,6
2011,Girl,Elija,4
2011,Girl,Elise,7
2011,Girl,Elisha,3
2011,Girl,Eliza,14
2011,Girl,Elizabeth,31
2011,Girl,Ella,157
2011,Girl,Ella-Rose,7
2011,Girl,Elle,10
2011,Girl,Ellen,49
2011,Girl,Ellie,152
2011,Girl,Ellie-Mae,7
2011,Girl,Ellie-May,3
2011,Girl,Ellie-Rose,4
2011,Girl,Eloise,9
2011,Girl,Elsa,5
2011,Girl,Elsie,10
2011,Girl,Ema,5
2011,Girl,Emer,8
2011,Girl,Emilia,24
2011,Girl,Emilie,8
2011,Girl,Emilija,4
2011,Girl,Emily,206
2011,Girl,Emma,145
2011,Girl,Emme,3
2011,Girl,Emmie,3
2011,Girl,Enya,5
2011,Girl,Erica,5
2011,Girl,Erin,125
2011,Girl,Erinn,4
2011,Girl,Eryn,3
2011,Girl,Esme,4
2011,Girl,Esther,11
2011,Girl,Etain,3
2011,Girl,Eva,162
2011,Girl,Eva-Rose,5
2011,Girl,Eve,39
2011,Girl,Evelyn,6
2011,Girl,Evie,86
2011,Girl,Faith,61
2011,Girl,Farah,3
2011,Girl,Farrah,30
2011,Girl,Faye,29
2011,Girl,Fia,3
2011,Girl,Fiadh,5
2011,Girl,Fianna,6
2011,Girl,Fiona,7
2011,Girl,Fionnuala,3
2011,Girl,Florence,5
2011,Girl,Francesca,6
2011,Girl,Freya,39
2011,Girl,Gabija,5
2011,Girl,Gabriela,7
2011,Girl,Gabriele,5
2011,Girl,Gabriella,9
2011,Girl,Gabrielle,4
2011,Girl,Gemma,9
2011,Girl,Georgia,34
2011,Girl,Georgie,8
2011,Girl,Georgina,6
2011,Girl,Goda,4
2011,Girl,Grace,234
2011,Girl,Gracie,23
2011,Girl,Grainne,8
2011,Girl,Halle,5
2011,Girl,Hallie,6
2011,Girl,Hana,3
2011,Girl,Hanna,10
2011,Girl,Hannah,122
2011,Girl,Harley,3
2011,Girl,Harriet,3
2011,Girl,Hayley,15
2011,Girl,Heidi,36
2011,Girl,Helen,5
2011,Girl,Helena,5
2011,Girl,Hollie,62
2011,Girl,Holly,91
2011,Girl,Honor,4
2011,Girl,Hope,11
2011,Girl,Imogen,22
2011,Girl,Indi,3
2011,Girl,India,6
2011,Girl,Iona,12
2011,Girl,Isabel,7
2011,Girl,Isabella,76
2011,Girl,Isabelle,18
2011,Girl,Isla,55
2011,Girl,Isobel,5
2011,Girl,Jade,3
2011,Girl,Jamie,4
2011,Girl,Jane,7
2011,Girl,Jasmin,3
2011,Girl,Jasmine,19
2011,Girl,Jayla,4
2011,Girl,Jazmin,3
2011,Girl,Jemima,3
2011,Girl,Jemma,3
2011,Girl,Jenna,15
2011,Girl,Jennifer,8
2011,Girl,Jenny,4
2011,Girl,Jersey,4
2011,Girl,Jesse,4
2011,Girl,Jessica,164
2011,Girl,Jessie,7
2011,Girl,Jill,3
2011,Girl,Joanna,7
2011,Girl,Jodi,4
2011,Girl,Jodie,21
2011,Girl,Johanna,3
2011,Girl,Joni,3
2011,Girl,Jorja,14
2011,Girl,Josie,3
2011,Girl,Joy,3
2011,Girl,Julia,37
2011,Girl,Juno,3
2011,Girl,Kacey,22
2011,Girl,Kaci,20
2011,Girl,Kacie,16
2011,Girl,Kadie,4
2011,Girl,Kaela,3
2011,Girl,Kaia,3
2011,Girl,Kaileigh,3
2011,Girl,Kaitlin,5
2011,Girl,Kaitlyn,10
2011,Girl,Kaja,3
2011,Girl,Kamile,5
2011,Girl,Kara,23
2011,Girl,Karina,3
2011,Girl,Karis,4
2011,Girl,Karla,3
2011,Girl,Karlie,4
2011,Girl,Karolina,4
2011,Girl,Kasey,4
2011,Girl,Kate,34
2011,Girl,Katelyn,21
2011,Girl,Katherine,12
2011,Girl,Kathleen,5
2011,Girl,Kathryn,7
2011,Girl,Katie,156
2011,Girl,Katie-Leigh,3
2011,Girl,Katie-Louise,3
2011,Girl,Katrina,3
2011,Girl,Katy,10
2011,Girl,Kayla,65
2011,Girl,Kaylee,6
2011,Girl,Kayleigh,22
2011,Girl,Kayley,3
2011,Girl,Keeley,6
2011,Girl,Keeva,5
2011,Girl,Keira,3
2011,Girl,Keisha,4
2011,Girl,Kelly,4
2011,Girl,Kelsey,10
2011,Girl,Kendra,4
2011,Girl,Kerrie,4
2011,Girl,Kerry,7
2011,Girl,Kezia,4
2011,Girl,Khloe,10
2011,Girl,Kiera,5
2011,Girl,Kimberley,3
2011,Girl,Kimberly,4
2011,Girl,Kinga,4
2011,Girl,Kirsten,5
2011,Girl,Kirsty,5
2011,Girl,Kyla,14
2011,Girl,Kylie,6
2011,Girl,Kyra,7
2011,Girl,Lacey,24
2011,Girl,Laila,3
2011,Girl,Lana,9
2011,Girl,Laoise,8
2011,Girl,Lara,27
2011,Girl,Laura,28
2011,Girl,Lauren,47
2011,Girl,Layla,17
2011,Girl,Leah,115
2011,Girl,Leigha,4
2011,Girl,Leila,5
2011,Girl,Lena,16
2011,Girl,Leona,6
2011,Girl,Lexi,49
2011,Girl,Lexie,29
2011,Girl,Leyla,8
2011,Girl,Libby,6
2011,Girl,Lila,7
2011,Girl,Liliana,4
2011,Girl,Lilianna,3
2011,Girl,Lillianna,3
2011,Girl,Lillie,17
2011,Girl,Lilly,23
2011,Girl,Lilly-Mae,3
2011,Girl,Lily,170
2011,Girl,Lily-Mae,5
2011,Girl,Lily-May,3
2011,Girl,Lily-Rose,13
2011,Girl,Lisa,4
2011,Girl,Lois,12
2011,Girl,Lola,21
2011,Girl,Lorelai,3
2011,Girl,Lori,5
2011,Girl,Lottie,6
2011,Girl,Louisa,3
2011,Girl,Louise,5
2011,Girl,Luci,3
2011,Girl,Lucia,28
2011,Girl,Lucie,19
2011,Girl,Lucy,167
2011,Girl,Lydia,20
2011,Girl,Lyla,5
2011,Girl,Macey,4
2011,Girl,Maci,6
2011,Girl,Macie,11
2011,Girl,Macy,7
2011,Girl,Maddie,3
2011,Girl,Maddison,16
2011,Girl,Madeleine,4
2011,Girl,Madison,48
2011,Girl,Mae,5
2011,Girl,Maeve,15
2011,Girl,Maggie,10
2011,Girl,Maia,8
2011,Girl,Maire,5
2011,Girl,Mairead,5
2011,Girl,Maisie,60
2011,Girl,Maisy,13
2011,Girl,Maiya,3
2011,Girl,Maja,23
2011,Girl,Margaret,7
2011,Girl,Maria,27
2011,Girl,Marissa,3
2011,Girl,Martha,17
2011,Girl,Martina,3
2011,Girl,Mary,19
2011,Girl,Mary-Kate,4
2011,Girl,Marykate,3
2011,Girl,Matilda,15
2011,Girl,Maya,18
2011,Girl,Mckenzie,3
2011,Girl,Meabh,24
2011,Girl,Meadhbh,3
2011,Girl,Meaghan,4
2011,Girl,Megan,83
2011,Girl,Meghan,6
2011,Girl,Melissa,13
2011,Girl,Mia,145
2011,Girl,Miah,5
2011,Girl,Michaela,18
2011,Girl,Michelle,6
2011,Girl,Mila,4
2011,Girl,Miley,17
2011,Girl,Miley-Rose,3
2011,Girl,Millie,8
2011,Girl,Miriam,4
2011,Girl,Miya,4
2011,Girl,Mollie,41
2011,Girl,Molly,103
2011,Girl,Morgan,7
2011,Girl,Mya,48
2011,Girl,Myla,5
2011,Girl,Nadia,9
2011,Girl,Nancy,4
2011,Girl,Naoise,7
2011,Girl,Naomh,3
2011,Girl,Naomi,29
2011,Girl,Natalia,9
2011,Girl,Natalie,6
2011,Girl,Natasha,6
2011,Girl,Nevaeh,5
2011,Girl,Neve,8
2011,Girl,Nia,6
2011,Girl,Niamh,124
2011,Girl,Nicola,11
2011,Girl,Nicole,39
2011,Girl,Nikita,3
2011,Girl,Nikola,8
2011,Girl,Nikole,3
2011,Girl,Nina,10
2011,Girl,Nora,3
2011,Girl,Olivia,164
2011,Girl,Oliwia,4
2011,Girl,Orla,29
2011,Girl,Orlagh,6
2011,Girl,Orlaith,21
2011,Girl,Paige,15
2011,Girl,Patricia,3
2011,Girl,Patrycja,4
2011,Girl,Paula,3
2011,Girl,Paulina,4
2011,Girl,Peggy,3
2011,Girl,Penny,9
2011,Girl,Peyton,4
2011,Girl,Phoebe,30
2011,Girl,Pippa,14
2011,Girl,Pixie,3
2011,Girl,Poppi,3
2011,Girl,Poppie,4
2011,Girl,Poppy,57
2011,Girl,Quinn,3
2011,Girl,Rachael,9
2011,Girl,Rachel,51
2011,Girl,Rebecca,69
2011,Girl,Rebekah,25
2011,Girl,Regan,4
2011,Girl,Rhea,5
2011,Girl,Ria,5
2011,Girl,Rihanna,7
2011,Girl,Riley,7
2011,Girl,Riona,10
2011,Girl,Robyn,24
2011,Girl,Roise,14
2011,Girl,Roisin,9
2011,Girl,Rosa,12
2011,Girl,Rosanna,3
2011,Girl,Rose,28
2011,Girl,Rosie,23
2011,Girl,Rowan,3
2011,Girl,Ruby,143
2011,Girl,Ruth,4
2011,Girl,Rylee,4
2011,Girl,Sadhbh,4
2011,Girl,Sadie,5
2011,Girl,Sally,4
2011,Girl,Samantha,10
2011,Girl,Sandra,3
2011,Girl,Saoirse,39
2011,Girl,Saorla,5
2011,Girl,Sara,13
2011,Girl,Sarah,130
2011,Girl,Sarah-Jane,4
2011,Girl,Sasha,9
2011,Girl,Savannah,15
2011,Girl,Scarlet,3
2011,Girl,Scarlett,41
2011,Girl,Seana,4
2011,Girl,Serena,4
2011,Girl,Shania,7
2011,Girl,Shanice,3
2011,Girl,Shannon,32
2011,Girl,Shauna,7
2011,Girl,Sheila,3
2011,Girl,Shirley,3
2011,Girl,Sian,3
2011,Girl,Sienna,43
2011,Girl,Sierra,4
2011,Girl,Sinead,8
2011,Girl,Siofra,6
2011,Girl,Skye,17
2011,Girl,Sofia,27
2011,Girl,Sophia,179
2011,Girl,Sophie,265
2011,Girl,Sorcha,10
2011,Girl,Stella,4
2011,Girl,Stephanie,4
2011,Girl,Summer,33
2011,Girl,Susan,3
2011,Girl,Susanna,4
2011,Girl,Tabitha,3
2011,Girl,Talia,4
2011,Girl,Tamara,3
2011,Girl,Tamzin,5
2011,Girl,Tanisha,5
2011,Girl,Tara,16
2011,Girl,Taylor,15
2011,Girl,Teagan,5
2011,Girl,Tegan,3
2011,Girl,Teja,5
2011,Girl,Teresa,3
2011,Girl,Tess,4
2011,Girl,Thea,9
2011,Girl,Therese,3
2011,Girl,Tia,13
2011,Girl,Tiana,6
2011,Girl,Tianna,7
2011,Girl,Tiarna,4
2011,Girl,Tilly,9
2011,Girl,Toni,3
2011,Girl,Tori,6
2011,Girl,Trinity,3
2011,Girl,Tulisa,3
2011,Girl,Ugne,3
2011,Girl,Una,3
2011,Girl,Urte,3
2011,Girl,Vanesa,3
2011,Girl,Vanessa,8
2011,Girl,Victoria,31
2011,Girl,Viktoria,5
2011,Girl,Vilte,3
2011,Girl,Violet,3
2011,Girl,Vivien,3
2011,Girl,Weronika,3
2011,Girl,Wiktoria,9
2011,Girl,Willow,22
2011,Girl,Xin,3
2011,Girl,Yasmin,6
2011,Girl,Yvie,3
2011,Girl,Zara,49
2011,Girl,Zarah,3
2011,Girl,Ziva,3
2011,Girl,Zoe,58
2011,Girl,Zoey,7
2011,Girl,Zofia,11
2011,Girl,Zuzanna,11
2012,Boy,Aaron,105
2012,Boy,Abel,6
2012,Boy,Adam,159
2012,Boy,Adrian,9
2012,Boy,Aedan,4
2012,Boy,Aidan,72
2012,Boy,Aiden,12
2012,Boy,Alan,10
2012,Boy,Alec,3
2012,Boy,Aleksander,3
2012,Boy,Alex,56
2012,Boy,Alexander,66
2012,Boy,Alfie,130
2012,Boy,Ali,5
2012,Boy,Alistair,3
2012,Boy,Amir,3
2012,Boy,Andrew,32
2012,Boy,Anthony,23
2012,Boy,Anton,7
2012,Boy,Antoni,6
2012,Boy,Aodan,3
2012,Boy,Aodhan,50
2012,Boy,Archie,29
2012,Boy,Arlo,3
2012,Boy,Arnas,4
2012,Boy,Arthur,16
2012,Boy,Asher,5
2012,Boy,Ashton,11
2012,Boy,Aston,3
2012,Boy,Austin,16
2012,Boy,Bailey,13
2012,Boy,Barney,3
2012,Boy,Barra,4
2012,Boy,Barry,5
2012,Boy,Beau,3
2012,Boy,Ben,81
2012,Boy,Benjamin,51
2012,Boy,Bentley,6
2012,Boy,Bernard,4
2012,Boy,Billy,5
2012,Boy,Blaine,5
2012,Boy,Blair,3
2012,Boy,Blake,48
2012,Boy,Bobby,54
2012,Boy,Bradley,19
2012,Boy,Brandon,13
2012,Boy,Braxton,3
2012,Boy,Brayden,3
2012,Boy,Brendan,11
2012,Boy,Brian,11
2012,Boy,Brodie,12
2012,Boy,Brody,21
2012,Boy,Brogan,7
2012,Boy,Brooklyn,8
2012,Boy,Bryn,3
2012,Boy,Cadan,4
2012,Boy,Caden,11
2012,Boy,Cael,3
2012,Boy,Caelan,4
2012,Boy,Cahan,3
2012,Boy,Cahir,23
2012,Boy,Caidan,9
2012,Boy,Caiden,30
2012,Boy,Cailean,3
2012,Boy,Cain,10
2012,Boy,Caleb,83
2012,Boy,Callum,89
2012,Boy,Calum,14
2012,Boy,Calvin,15
2012,Boy,Cameron,46
2012,Boy,Caodhan,7
2012,Boy,Caoimhin,22
2012,Boy,Caolan,56
2012,Boy,Caomhan,4
2012,Boy,Carl,3
2012,Boy,Carson,24
2012,Boy,Carter,55
2012,Boy,Casey,11
2012,Boy,Cathair,6
2012,Boy,Cathal,18
2012,Boy,Cathan,3
2012,Boy,Cathaoir,5
2012,Boy,Cayden,13
2012,Boy,Cein,3
2012,Boy,Charles,21
2012,Boy,Charley,6
2012,Boy,Charlie,228
2012,Boy,Chase,4
2012,Boy,Che,6
2012,Boy,Chris,4
2012,Boy,Christian,15
2012,Boy,Christopher,47
2012,Boy,Cian,26
2012,Boy,Cianan,3
2012,Boy,Ciaran,33
2012,Boy,Cillian,55
2012,Boy,Codey,3
2012,Boy,Codie,3
2012,Boy,Cody,31
2012,Boy,Cohan,3
2012,Boy,Cohen,16
2012,Boy,Cole,14
2012,Boy,Colin,6
2012,Boy,Colm,8
2012,Boy,Colton,11
2012,Boy,Colum,3
2012,Boy,Conal,11
2012,Boy,Conall,26
2012,Boy,Conan,22
2012,Boy,Conchur,3
2012,Boy,Conn,3
2012,Boy,Connaire,3
2012,Boy,Connlaodh,3
2012,Boy,Connor,33
2012,Boy,Conor,140
2012,Boy,Cooper,14
2012,Boy,Coran,3
2012,Boy,Corey,81
2012,Boy,Cormac,35
2012,Boy,Cory,7
2012,Boy,Craig,4
2012,Boy,Cruz,8
2012,Boy,Cuan,7
2012,Boy,Curtis,13
2012,Boy,Daire,37
2012,Boy,Daithi,27
2012,Boy,Damien,3
2012,Boy,Dan,6
2012,Boy,Danas,3
2012,Boy,Daniel,251
2012,Boy,Danny,43
2012,Boy,Dara,31
2012,Boy,Daragh,7
2012,Boy,Darcy,6
2012,Boy,Darra,3
2012,Boy,Darragh,89
2012,Boy,Darren,6
2012,Boy,Darryl,3
2012,Boy,Daryl,6
2012,Boy,David,59
2012,Boy,Davin,7
2012,Boy,Dawid,7
2012,Boy,Deaglan,4
2012,Boy,Dean,8
2012,Boy,Declan,16
2012,Boy,Denis,3
2012,Boy,Denver,3
2012,Boy,Dermot,4
2012,Boy,Devin,3
2012,Boy,Dexter,6
2012,Boy,Dillon,9
2012,Boy,Dominic,10
2012,Boy,Dominik,10
2012,Boy,Donal,6
2012,Boy,Donnacha,5
2012,Boy,Donncha,4
2012,Boy,Donnchadh,4
2012,Boy,Dovydas,3
2012,Boy,Drew,6
2012,Boy,Dualta,3
2012,Boy,Dylan,135
2012,Boy,Eamon,6
2012,Boy,Eamonn,3
2012,Boy,Eddie,3
2012,Boy,Edward,20
2012,Boy,Eli,17
2012,Boy,Elijah,22
2012,Boy,Elliot,13
2012,Boy,Elliott,6
2012,Boy,Emilis,3
2012,Boy,Emmet,7
2012,Boy,Emmett,14
2012,Boy,Enda,11
2012,Boy,Enzo,3
2012,Boy,Eoghan,38
2012,Boy,Eoin,58
2012,Boy,Eric,5
2012,Boy,Eryk,4
2012,Boy,Ethan,215
2012,Boy,Euan,6
2012,Boy,Eugene,4
2012,Boy,Eunan,7
2012,Boy,Evan,41
2012,Boy,Ewan,14
2012,Boy,Fabian,4
2012,Boy,Faolan,5
2012,Boy,Fearghal,5
2012,Boy,Felix,9
2012,Boy,Fergus,3
2012,Boy,Fiachra,4
2012,Boy,Filip,14
2012,Boy,Finbar,4
2012,Boy,Finlay,18
2012,Boy,Finley,10
2012,Boy,Finn,57
2012,Boy,Finnian,5
2012,Boy,Fintan,12
2012,Boy,Fionn,47
2012,Boy,Fionntan,6
2012,Boy,Fiontan,3
2012,Boy,Fletcher,5
2012,Boy,Flynn,15
2012,Boy,Francis,6
2012,Boy,Frank,5
2012,Boy,Frankie,11
2012,Boy,Fraser,6
2012,Boy,Frazer,3
2012,Boy,Freddie,24
2012,Boy,Frederick,3
2012,Boy,Gabriel,11
2012,Boy,Gareth,6
2012,Boy,Gary,5
2012,Boy,George,31
2012,Boy,Ger,3
2012,Boy,Gerard,20
2012,Boy,Glenn,3
2012,Boy,Grayson,3
2012,Boy,Gregory,3
2012,Boy,Harley,21
2012,Boy,Harrison,17
2012,Boy,Harry,232
2012,Boy,Harvey,23
2012,Boy,Hayden,11
2012,Boy,Heath,3
2012,Boy,Henry,34
2012,Boy,Hugh,17
2012,Boy,Hugo,6
2012,Boy,Hunter,6
2012,Boy,Igor,7
2012,Boy,Isaac,67
2012,Boy,Isaiah,4
2012,Boy,Issac,4
2012,Boy,Ivan,6
2012,Boy,Jack,310
2012,Boy,Jackson,22
2012,Boy,Jacob,152
2012,Boy,Jaden,4
2012,Boy,Jaiden,4
2012,Boy,Jake,141
2012,Boy,Jakob,3
2012,Boy,Jakub,8
2012,Boy,James,300
2012,Boy,Jamie,102
2012,Boy,Jan,5
2012,Boy,Jarlath,5
2012,Boy,Jason,18
2012,Boy,Jax,4
2012,Boy,Jaxon,10
2012,Boy,Jaxson,4
2012,Boy,Jay,38
2012,Boy,Jayden,65
2012,Boy,Jensen,10
2012,Boy,Jenson,20
2012,Boy,Jerome,3
2012,Boy,Jesse,4
2012,Boy,Jim,3
2012,Boy,Joe,20
2012,Boy,Joel,49
2012,Boy,Joey,9
2012,Boy,John,67
2012,Boy,John-James,3
2012,Boy,Johnny,7
2012,Boy,Jokubas,3
2012,Boy,Jonah,27
2012,Boy,Jonas,4
2012,Boy,Jonathan,14
2012,Boy,Jonjo,3
2012,Boy,Jordan,4
2012,Boy,Joseph,82
2012,Boy,Josh,40
2012,Boy,Joshua,151
2012,Boy,Judah,3
2012,Boy,Jude,83
2012,Boy,Junior,7
2012,Boy,Justin,7
2012,Boy,Kacper,12
2012,Boy,Kade,3
2012,Boy,Kaden,3
2012,Boy,Kaelum,3
2012,Boy,Kai,41
2012,Boy,Kaiden,32
2012,Boy,Kain,4
2012,Boy,Kajus,10
2012,Boy,Kaleb,3
2012,Boy,Kane,3
2012,Boy,Karl,7
2012,Boy,Karol,5
2012,Boy,Kayden,35
2012,Boy,Keagan,8
2012,Boy,Kealan,3
2012,Boy,Keane,3
2012,Boy,Keegan,4
2012,Boy,Keelan,6
2012,Boy,Keenan,3
2012,Boy,Kelan,3
2012,Boy,Kevin,22
2012,Boy,Kevinas,3
2012,Boy,Kian,18
2012,Boy,Kieran,6
2012,Boy,Kieron,3
2012,Boy,Killian,9
2012,Boy,Kobe,5
2012,Boy,Kobi,3
2012,Boy,Kodi,5
2012,Boy,Kody,3
2012,Boy,Kris,3
2012,Boy,Kristian,5
2012,Boy,Kurtis,4
2012,Boy,Kyle,44
2012,Boy,Layton,4
2012,Boy,Lee,10
2012,Boy,Leighton,5
2012,Boy,Lennon,7
2012,Boy,Lennox,3
2012,Boy,Leo,62
2012,Boy,Leon,34
2012,Boy,Levi,8
2012,Boy,Lewis,53
2012,Boy,Liam,69
2012,Boy,Lincoln,3
2012,Boy,Lloyd,3
2012,Boy,Lochlainn,3
2012,Boy,Lochlan,3
2012,Boy,Logan,91
2012,Boy,Lorcan,49
2012,Boy,Louie,8
2012,Boy,Louis,17
2012,Boy,Luca,23
2012,Boy,Lucas,94
2012,Boy,Luis,4
2012,Boy,Luka,7
2012,Boy,Lukas,16
2012,Boy,Luke,92
2012,Boy,Mairtin,6
2012,Boy,Maison,6
2012,Boy,Malachy,7
2012,Boy,Mani,3
2012,Boy,Mantas,4
2012,Boy,Marc,6
2012,Boy,Marcel,7
2012,Boy,Marcus,19
2012,Boy,Mark,44
2012,Boy,Markus,3
2012,Boy,Marley,6
2012,Boy,Marshall,3
2012,Boy,Martin,22
2012,Boy,Mason,112
2012,Boy,Matas,4
2012,Boy,Mateusz,4
2012,Boy,Mathew,3
2012,Boy,Matt,5
2012,Boy,Matteo,3
2012,Boy,Matthew,196
2012,Boy,Max,85
2012,Boy,Maxwell,4
2012,Boy,Mckenzie,4
2012,Boy,Micah,15
2012,Boy,Miceal,6
2012,Boy,Michael,110
2012,Boy,Michal,9
2012,Boy,Micheal,18
2012,Boy,Mikolaj,3
2012,Boy,Milo,8
2012,Boy,Mohammed,3
2012,Boy,Morgan,7
2012,Boy,Muhammad,5
2012,Boy,Myles,8
2012,Boy,Mylo,3
2012,Boy,Naoise,3
2012,Boy,Natan,3
2012,Boy,Nataniel,4
2012,Boy,Nathan,84
2012,Boy,Nathaniel,8
2012,Boy,Ned,3
2012,Boy,Neil,6
2012,Boy,Niall,46
2012,Boy,Nicholas,10
2012,Boy,Nicolas,4
2012,Boy,Nikita,3
2012,Boy,Noah,171
2012,Boy,Noel,4
2012,Boy,Nojus,6
2012,Boy,Odhran,60
2012,Boy,Oisin,106
2012,Boy,Oliver,141
2012,Boy,Olivier,7
2012,Boy,Oliwier,4
2012,Boy,Ollie,58
2012,Boy,Olly,35
2012,Boy,Oran,22
2012,Boy,Oscar,51
2012,Boy,Oskar,10
2012,Boy,Owen,31
2012,Boy,Padraig,19
2012,Boy,Parker,3
2012,Boy,Patrick,103
2012,Boy,Patryk,8
2012,Boy,Paul,21
2012,Boy,Pauric,4
2012,Boy,Pawel,4
2012,Boy,Peadar,9
2012,Boy,Pearce,6
2012,Boy,Pearse,27
2012,Boy,Peter,38
2012,Boy,Philip,9
2012,Boy,Phillip,3
2012,Boy,Piaras,4
2012,Boy,Preston,8
2012,Boy,Quinn,3
2012,Boy,Ralph,7
2012,Boy,Raymond,4
2012,Boy,Reece,36
2012,Boy,Regan,4
2012,Boy,Reilly,3
2012,Boy,Reuben,56
2012,Boy,Rhylan,5
2012,Boy,Rhys,45
2012,Boy,Rian,18
2012,Boy,Richard,10
2012,Boy,Riley,184
2012,Boy,Rio,9
2012,Boy,Roan,4
2012,Boy,Robbie,18
2012,Boy,Robert,34
2012,Boy,Robin,5
2012,Boy,Rocco,6
2012,Boy,Rohan,4
2012,Boy,Rokas,4
2012,Boy,Roman,5
2012,Boy,Ronan,77
2012,Boy,Ronin,3
2012,Boy,Rory,69
2012,Boy,Ross,17
2012,Boy,Rossa,4
2012,Boy,Rowan,6
2012,Boy,Ruadhan,4
2012,Boy,Ruairi,46
2012,Boy,Ruan,5
2012,Boy,Ruari,5
2012,Boy,Ruben,6
2012,Boy,Rudi,5
2012,Boy,Rudy,5
2012,Boy,Ryan,185
2012,Boy,Rylan,7
2012,Boy,Rylee,8
2012,Boy,Ryley,9
2012,Boy,Rylie,3
2012,Boy,Sam,47
2012,Boy,Samuel,69
2012,Boy,Saul,8
2012,Boy,Scott,21
2012,Boy,Se,4
2012,Boy,Seamus,12
2012,Boy,Sean,76
2012,Boy,Sebastian,15
2012,Boy,Senan,18
2012,Boy,Seth,26
2012,Boy,Shane,28
2012,Boy,Shaun,3
2012,Boy,Shay,29
2012,Boy,Shayne,3
2012,Boy,Shea,84
2012,Boy,Simas,3
2012,Boy,Simon,7
2012,Boy,Sonny,5
2012,Boy,Spencer,4
2012,Boy,Stefan,7
2012,Boy,Stephen,23
2012,Boy,Steven,6
2012,Boy,Szymon,5
2012,Boy,Tadhg,7
2012,Boy,Tajus,3
2012,Boy,Taylor,19
2012,Boy,Ted,5
2012,Boy,Terence,4
2012,Boy,Terry,3
2012,Boy,Theo,18
2012,Boy,Thomas,141
2012,Boy,Tiarnan,16
2012,Boy,Tiernan,36
2012,Boy,Tim,3
2012,Boy,Timothy,10
2012,Boy,Timur,3
2012,Boy,Tobias,9
2012,Boy,Toby,19
2012,Boy,Tom,47
2012,Boy,Tomas,28
2012,Boy,Tomasz,3
2012,Boy,Tommy,29
2012,Boy,Tony,9
2012,Boy,Travis,9
2012,Boy,Tristan,15
2012,Boy,Troy,5
2012,Boy,Ty,4
2012,Boy,Tyler,103
2012,Boy,Tymon,3
2012,Boy,Tymoteusz,3
2012,Boy,Ultan,3
2012,Boy,Victor,3
2012,Boy,Vincent,8
2012,Boy,Will,11
2012,Boy,William,73
2012,Boy,Yusuf,4
2012,Boy,Zac,22
2012,Boy,Zach,46
2012,Boy,Zachariah,5
2012,Boy,Zachary,28
2012,Boy,Zack,15
2012,Boy,Zain,3
2012,Boy,Zak,11
2012,Girl,Aaliyah,13
2012,Girl,Abbey,6
2012,Girl,Abbi,3
2012,Girl,Abbie,64
2012,Girl,Abby,8
2012,Girl,Abi,5
2012,Girl,Abigail,49
2012,Girl,Aideen,5
2012,Girl,Ailbhe,4
2012,Girl,Aimee,62
2012,Girl,Aimee-Leigh,3
2012,Girl,Aine,25
2012,Girl,Aisha,3
2012,Girl,Aisling,12
2012,Girl,Aislinn,4
2012,Girl,Alana,4
2012,Girl,Alanna,10
2012,Girl,Alannah,8
2012,Girl,Aleisha,5
2012,Girl,Alesha,13
2012,Girl,Alex,13
2012,Girl,Alexa,9
2012,Girl,Alexandra,24
2012,Girl,Alexandria,3
2012,Girl,Alexis,29
2012,Girl,Alice,29
2012,Girl,Alicia,20
2012,Girl,Alicja,8
2012,Girl,Alisha,12
2012,Girl,Aliya,3
2012,Girl,Alyssa,13
2012,Girl,Amber,24
2012,Girl,Amelia,186
2012,Girl,Amelia-Rose,3
2012,Girl,Amelie,13
2012,Girl,Amira,5
2012,Girl,Amy,71
2012,Girl,Ana,8
2012,Girl,Andrea,5
2012,Girl,Angel,5
2012,Girl,Angela,5
2012,Girl,Angelina,5
2012,Girl,Anna,134
2012,Girl,Annabel,11
2012,Girl,Annabella,3
2012,Girl,Annabelle,10
2012,Girl,Annie,60
2012,Girl,Annie-Rose,3
2012,Girl,Aoibh,8
2012,Girl,Aoibhe,20
2012,Girl,Aoibheann,22
2012,Girl,Aoibhin,3
2012,Girl,Aoibhinn,18
2012,Girl,Aoife,153
2012,Girl,April,9
2012,Girl,Aria,9
2012,Girl,Ariana,4
2012,Girl,Arianna,5
2012,Girl,Arina,3
2012,Girl,Arya,7
2012,Girl,Ashleigh,3
2012,Girl,Aurora,4
2012,Girl,Austeja,3
2012,Girl,Autumn,13
2012,Girl,Ava,89
2012,Girl,Ayla,8
2012,Girl,Beatrice,4
2012,Girl,Beibhinn,3
2012,Girl,Bella,39
2012,Girl,Belle,6
2012,Girl,Beth,27
2012,Girl,Bethan,3
2012,Girl,Bethany,42
2012,Girl,Bianka,3
2012,Girl,Blaithin,8
2012,Girl,Blathnaid,4
2012,Girl,Bobbi,3
2012,Girl,Bobbie,3
2012,Girl,Bonnie,8
2012,Girl,Brianna,11
2012,Girl,Brogan,4
2012,Girl,Broghan,3
2012,Girl,Bronagh,8
2012,Girl,Brooke,54
2012,Girl,Brooklyn,6
2012,Girl,Cadhla,14
2012,Girl,Caela,3
2012,Girl,Caila,5
2012,Girl,Cait,5
2012,Girl,Caiti,3
2012,Girl,Caitlin,75
2012,Girl,Caitlyn,9
2012,Girl,Callie,5
2012,Girl,Caoimhe,68
2012,Girl,Cara,106
2012,Girl,Caragh,10
2012,Girl,Carla,7
2012,Girl,Carly,10
2012,Girl,Carmen,4
2012,Girl,Carys,4
2012,Girl,Casey,23
2012,Girl,Cassidy,3
2012,Girl,Cassie,24
2012,Girl,Catherine,28
2012,Girl,Cayla,5
2012,Girl,Ceili,3
2012,Girl,Cerys,6
2012,Girl,Chantelle,3
2012,Girl,Charley,9
2012,Girl,Charlie,8
2012,Girl,Charlotte,82
2012,Girl,Chelsea,10
2012,Girl,Chelsey,4
2012,Girl,Chloe,143
2012,Girl,Christina,3
2012,Girl,Ciara,22
2012,Girl,Ciarrai,3
2012,Girl,Claire,7
2012,Girl,Clara,32
2012,Girl,Claragh,4
2012,Girl,Clare,4
2012,Girl,Claudia,5
2012,Girl,Cliodhna,20
2012,Girl,Cliona,8
2012,Girl,Clodagh,41
2012,Girl,Colleen,4
2012,Girl,Connie,19
2012,Girl,Cora,36
2012,Girl,Courtney,16
2012,Girl,Crystal,3
2012,Girl,Daisy,33
2012,Girl,Dakota,8
2012,Girl,Daniela,3
2012,Girl,Danielle,8
2012,Girl,Danika,3
2012,Girl,Dara,5
2012,Girl,Darcey,16
2012,Girl,Darci,6
2012,Girl,Darcie,10
2012,Girl,Darcy,29
2012,Girl,Daria,4
2012,Girl,Darla,3
2012,Girl,Dearbhla,11
2012,Girl,Deborah,3
2012,Girl,Demi,6
2012,Girl,Dervla,4
2012,Girl,Devon,4
2012,Girl,Eabha,36
2012,Girl,Eadaoin,5
2012,Girl,Ebony,6
2012,Girl,Eden,27
2012,Girl,Edie,3
2012,Girl,Eileen,5
2012,Girl,Eilidh,3
2012,Girl,Eilish,3
2012,Girl,Eimear,55
2012,Girl,Eimhear,4
2012,Girl,Eireann,10
2012,Girl,Eirinn,4
2012,Girl,Eleanor,9
2012,Girl,Elena,13
2012,Girl,Eliana,5
2012,Girl,Elise,10
2012,Girl,Elisha,3
2012,Girl,Eliza,13
2012,Girl,Elizabeth,35
2012,Girl,Ella,141
2012,Girl,Ella-Louise,3
2012,Girl,Ella-Rose,8
2012,Girl,Elle,7
2012,Girl,Ellen,44
2012,Girl,Ellie,136
2012,Girl,Ellie-Grace,3
2012,Girl,Ellie-Mae,5
2012,Girl,Ellie-May,5
2012,Girl,Ellie-Rose,7
2012,Girl,Eloise,8
2012,Girl,Elsa,5
2012,Girl,Elsie,13
2012,Girl,Emeli,3
2012,Girl,Emelia,6
2012,Girl,Emer,10
2012,Girl,Emilee,3
2012,Girl,Emilia,22
2012,Girl,Emilie,6
2012,Girl,Emilija,4
2012,Girl,Emily,218
2012,Girl,Emily-Rose,8
2012,Girl,Emma,134
2012,Girl,Emme,8
2012,Girl,Emmie,3
2012,Girl,Enya,8
2012,Girl,Erica,5
2012,Girl,Erin,133
2012,Girl,Erinn,3
2012,Girl,Eryn,6
2012,Girl,Esme,4
2012,Girl,Esther,3
2012,Girl,Etain,3
2012,Girl,Eva,162
2012,Girl,Eva-Rose,3
2012,Girl,Eve,40
2012,Girl,Evelina,3
2012,Girl,Evelyn,5
2012,Girl,Evie,78
2012,Girl,Faith,46
2012,Girl,Farah,3
2012,Girl,Farrah,37
2012,Girl,Fatima,3
2012,Girl,Faye,38
2012,Girl,Felicity,7
2012,Girl,Fia,3
2012,Girl,Fiadh,11
2012,Girl,Fianna,12
2012,Girl,Fiona,3
2012,Girl,Fionnuala,6
2012,Girl,Florence,8
2012,Girl,Francesca,4
2012,Girl,Frankie,7
2012,Girl,Freya,41
2012,Girl,Gabriela,5
2012,Girl,Gabriele,4
2012,Girl,Gabriella,15
2012,Girl,Gabrielle,13
2012,Girl,Gemma,10
2012,Girl,Genevieve,5
2012,Girl,Georgia,55
2012,Girl,Georgie,4
2012,Girl,Georgina,3
2012,Girl,Goda,3
2012,Girl,Grace,198
2012,Girl,Gracie,30
2012,Girl,Gracie-Mae,3
2012,Girl,Grainne,7
2012,Girl,Hailey,4
2012,Girl,Halle,4
2012,Girl,Hallie,7
2012,Girl,Hanna,9
2012,Girl,Hannah,114
2012,Girl,Harley,4
2012,Girl,Harper,6
2012,Girl,Harriet,9
2012,Girl,Hayley,8
2012,Girl,Heidi,27
2012,Girl,Helena,3
2012,Girl,Hollie,62
2012,Girl,Holly,88
2012,Girl,Honor,4
2012,Girl,Hope,11
2012,Girl,Imogen,13
2012,Girl,Indi,4
2012,Girl,India,5
2012,Girl,Iona,8
2012,Girl,Isabella,76
2012,Girl,Isabelle,22
2012,Girl,Isla,76
2012,Girl,Isobel,7
2012,Girl,Isobelle,3
2012,Girl,Ivy,6
2012,Girl,Izzy,5
2012,Girl,Jacinta,3
2012,Girl,Jade,7
2012,Girl,Jane,5
2012,Girl,Jasmine,24
2012,Girl,Jenna,18
2012,Girl,Jennifer,10
2012,Girl,Jenny,6
2012,Girl,Jersey,3
2012,Girl,Jessica,173
2012,Girl,Jessie,11
2012,Girl,Jill,3
2012,Girl,Joanna,7
2012,Girl,Jodi,3
2012,Girl,Jodie,10
2012,Girl,Johanna,3
2012,Girl,Jorgie,11
2012,Girl,Jorja,9
2012,Girl,Josie,5
2012,Girl,Joy,3
2012,Girl,Julia,20
2012,Girl,Juliette,4
2012,Girl,Kacey,12
2012,Girl,Kaci,10
2012,Girl,Kacie,6
2012,Girl,Kaitlin,5
2012,Girl,Kaitlyn,15
2012,Girl,Kaiya,4
2012,Girl,Kamile,5
2012,Girl,Kara,14
2012,Girl,Karina,4
2012,Girl,Karis,5
2012,Girl,Karolina,3
2012,Girl,Katarzyna,4
2012,Girl,Kate,26
2012,Girl,Katelyn,11
2012,Girl,Katherine,9
2012,Girl,Kathleen,9
2012,Girl,Kathryn,5
2012,Girl,Katie,163
2012,Girl,Katie-Rose,3
2012,Girl,Katy,6
2012,Girl,Kaycee,3
2012,Girl,Kayla,35
2012,Girl,Kayla-Rose,3
2012,Girl,Kaylee,6
2012,Girl,Kayleigh,9
2012,Girl,Kayley,3
2012,Girl,Keeley,7
2012,Girl,Keeva,5
2012,Girl,Keira,7
2012,Girl,Kelly,7
2012,Girl,Kelsey,9
2012,Girl,Kelsie,4
2012,Girl,Khloe,11
2012,Girl,Kiara,5
2012,Girl,Kim,3
2012,Girl,Kimberley,4
2012,Girl,Kimberly,3
2012,Girl,Kirsten,5
2012,Girl,Kitty,3
2012,Girl,Klara,3
2012,Girl,Klaudia,3
2012,Girl,Kora,5
2012,Girl,Kourtney,4
2012,Girl,Kristen,3
2012,Girl,Kyla,8
2012,Girl,Kyra,8
2012,Girl,Lacey,38
2012,Girl,Laci,4
2012,Girl,Lacie,7
2012,Girl,Laila,6
2012,Girl,Lana,9
2012,Girl,Lara,28
2012,Girl,Laura,26
2012,Girl,Lauren,46
2012,Girl,Layla,28
2012,Girl,Leah,100
2012,Girl,Leigha,7
2012,Girl,Leila,8
2012,Girl,Leja,4
2012,Girl,Lena,16
2012,Girl,Leona,9
2012,Girl,Lexi,47
2012,Girl,Lexi-Rose,3
2012,Girl,Lexie,22
2012,Girl,Libby,8
2012,Girl,Lila,9
2012,Girl,Liliana,4
2012,Girl,Lillie,13
2012,Girl,Lilly,23
2012,Girl,Lilly-Rose,4
2012,Girl,Lily,140
2012,Girl,Lily-Anna,3
2012,Girl,Lily-Anne,3
2012,Girl,Lily-Mae,7
2012,Girl,Lily-May,4
2012,Girl,Lily-Rose,9
2012,Girl,Linda,3
2012,Girl,Lois,8
2012,Girl,Lola,35
2012,Girl,Lottie,9
2012,Girl,Louisa,9
2012,Girl,Louise,6
2012,Girl,Lucia,28
2012,Girl,Lucie,17
2012,Girl,Lucy,172
2012,Girl,Lydia,31
2012,Girl,Lyla,11
2012,Girl,Lyra,4
2012,Girl,Macey,9
2012,Girl,Maci,12
2012,Girl,Macie,8
2012,Girl,Macy,9
2012,Girl,Maddie,14
2012,Girl,Maddison,13
2012,Girl,Madeleine,3
2012,Girl,Madison,49
2012,Girl,Madisson,3
2012,Girl,Mae,3
2012,Girl,Maebh,5
2012,Girl,Maeve,11
2012,Girl,Maggie,13
2012,Girl,Maia,5
2012,Girl,Mairead,4
2012,Girl,Maisie,59
2012,Girl,Maisy,8
2012,Girl,Maizie,3
2012,Girl,Maja,20
2012,Girl,Margaret,7
2012,Girl,Maria,22
2012,Girl,Martha,16
2012,Girl,Martyna,3
2012,Girl,Mary,14
2012,Girl,Mary-Kate,3
2012,Girl,Maryam,3
2012,Girl,Matilda,12
2012,Girl,Maya,20
2012,Girl,Mea,5
2012,Girl,Meabh,29
2012,Girl,Meah,5
2012,Girl,Megan,64
2012,Girl,Meghan,7
2012,Girl,Melissa,15
2012,Girl,Mia,139
2012,Girl,Miah,7
2012,Girl,Michaela,9
2012,Girl,Michelle,3
2012,Girl,Mila,7
2012,Girl,Milana,4
2012,Girl,Milena,6
2012,Girl,Miley,31
2012,Girl,Millie,11
2012,Girl,Miriam,3
2012,Girl,Miya,6
2012,Girl,Mollie,66
2012,Girl,Molly,97
2012,Girl,Morgan,7
2012,Girl,Moya,3
2012,Girl,Muireann,7
2012,Girl,Mya,50
2012,Girl,Myah,11
2012,Girl,Myla,11
2012,Girl,Mylie,8
2012,Girl,Nadia,4
2012,Girl,Nadine,4
2012,Girl,Nancy,3
2012,Girl,Naoise,6
2012,Girl,Naomi,27
2012,Girl,Natalia,12
2012,Girl,Natalie,8
2012,Girl,Natasha,9
2012,Girl,Neala,3
2012,Girl,Nela,3
2012,Girl,Nevaeh,7
2012,Girl,Niamh,81
2012,Girl,Nicola,7
2012,Girl,Nicole,30
2012,Girl,Nikita,3
2012,Girl,Nikola,5
2012,Girl,Nina,6
2012,Girl,Nuala,3
2012,Girl,Olivia,140
2012,Girl,Oliwia,5
2012,Girl,Oonagh,3
2012,Girl,Orla,19
2012,Girl,Orlagh,8
2012,Girl,Orlaith,32
2012,Girl,Paige,23
2012,Girl,Patrycja,3
2012,Girl,Paula,4
2012,Girl,Paulina,4
2012,Girl,Penelope,4
2012,Girl,Penny,6
2012,Girl,Peyton,4
2012,Girl,Phoebe,39
2012,Girl,Pippa,9
2012,Girl,Polly,7
2012,Girl,Poppy,63
2012,Girl,Priya,3
2012,Girl,Quinn,14
2012,Girl,Rachael,9
2012,Girl,Rachel,40
2012,Girl,Rebecca,48
2012,Girl,Rebekah,14
2012,Girl,Reese,3
2012,Girl,Rhea,6
2012,Girl,Rhia,5
2012,Girl,Ria,8
2012,Girl,Rihanna,4
2012,Girl,Riley,5
2012,Girl,Rioghnach,3
2012,Girl,Riona,4
2012,Girl,Robin,3
2012,Girl,Robyn,18
2012,Girl,Roise,8
2012,Girl,Roisin,10
2012,Girl,Rosa,20
2012,Girl,Rose,46
2012,Girl,Rosie,28
2012,Girl,Roxanne,3
2012,Girl,Rua,3
2012,Girl,Rubie,4
2012,Girl,Ruby,111
2012,Girl,Ruth,6
2012,Girl,Rylee,8
2012,Girl,Sadhbh,4
2012,Girl,Sadie,8
2012,Girl,Saffron,4
2012,Girl,Safiya,4
2012,Girl,Samanta,7
2012,Girl,Samantha,6
2012,Girl,Samara,4
2012,Girl,Saoirse,30
2012,Girl,Saorla,5
2012,Girl,Saorlaith,14
2012,Girl,Sara,13
2012,Girl,Sarah,120
2012,Girl,Sarah-Louise,3
2012,Girl,Sasha,5
2012,Girl,Saskia,3
2012,Girl,Savanna,5
2012,Girl,Savannah,8
2012,Girl,Scarlet,6
2012,Girl,Scarlett,46
2012,Girl,Scarlett-Rose,4
2012,Girl,Seren,3
2012,Girl,Serena,4
2012,Girl,Serenity,3
2012,Girl,Shannon,25
2012,Girl,Shauna,8
2012,Girl,Shona,6
2012,Girl,Sian,3
2012,Girl,Sienna,44
2012,Girl,Sinead,5
2012,Girl,Siofra,8
2012,Girl,Skye,20
2012,Girl,Skylar,4
2012,Girl,Skyler,3
2012,Girl,Sofia,51
2012,Girl,Sophia,173
2012,Girl,Sophie,250
2012,Girl,Sorcha,6
2012,Girl,Stacey,3
2012,Girl,Stella,7
2012,Girl,Summer,29
2012,Girl,Tara,19
2012,Girl,Taylor,13
2012,Girl,Teagan,10
2012,Girl,Teaghan,4
2012,Girl,Tegan,9
2012,Girl,Teja,3
2012,Girl,Tess,4
2012,Girl,Tessa,4
2012,Girl,Thea,3
2012,Girl,Tia,12
2012,Girl,Tiana,4
2012,Girl,Tianna,10
2012,Girl,Tiarna,4
2012,Girl,Tierna,6
2012,Girl,Tilly,17
2012,Girl,Toni,4
2012,Girl,Tori,11
2012,Girl,Trinity,3
2012,Girl,Tulisa,5
2012,Girl,Una,5
2012,Girl,Vanessa,12
2012,Girl,Victoria,16
2012,Girl,Viktoria,4
2012,Girl,Violet,6
2012,Girl,Weronika,5
2012,Girl,Wiktoria,5
2012,Girl,Willow,13
2012,Girl,Yasmin,8
2012,Girl,Yazmin,3
2012,Girl,Zara,68
2012,Girl,Zoe,49
2012,Girl,Zoey,4
2012,Girl,Zofia,3
2012,Girl,Zuzanna,6
2013,Boy,Aaron,67
2013,Boy,Abel,3
2013,Boy,Abraham,3
2013,Boy,Adam,137
2013,Boy,Aden,3
2013,Boy,Adrian,5
2013,Boy,Aedan,4
2013,Boy,Ahmed,3
2013,Boy,Aidan,44
2013,Boy,Aiden,12
2013,Boy,Alan,15
2013,Boy,Alasdair,3
2013,Boy,Alec,3
2013,Boy,Alex,65
2013,Boy,Alexander,63
2013,Boy,Alexandre,3
2013,Boy,Alfie,134
2013,Boy,Alfred,3
2013,Boy,Andrew,36
2013,Boy,Angus,3
2013,Boy,Anthony,19
2013,Boy,Antoni,9
2013,Boy,Antonio,4
2013,Boy,Aodhan,35
2013,Boy,Archie,57
2013,Boy,Armandas,3
2013,Boy,Aron,4
2013,Boy,Arthur,20
2013,Boy,Asher,4
2013,Boy,Ashley,3
2013,Boy,Ashton,11
2013,Boy,Aston,3
2013,Boy,Austin,12
2013,Boy,Ayden,5
2013,Boy,Bailey,12
2013,Boy,Bailie,3
2013,Boy,Barra,5
2013,Boy,Barry,4
2013,Boy,Beau,6
2013,Boy,Ben,82
2013,Boy,Benjamin,55
2013,Boy,Billy,10
2013,Boy,Blake,49
2013,Boy,Bobby,53
2013,Boy,Boris,3
2013,Boy,Bradan,3
2013,Boy,Bradley,8
2013,Boy,Brandon,13
2013,Boy,Braxton,3
2013,Boy,Brendan,9
2013,Boy,Brian,21
2013,Boy,Brodie,15
2013,Boy,Brody,22
2013,Boy,Brogan,12
2013,Boy,Brooklyn,6
2013,Boy,Bryan,5
2013,Boy,Caden,13
2013,Boy,Caedan,3
2013,Boy,Cael,3
2013,Boy,Caelan,6
2013,Boy,Cahan,4
2013,Boy,Cahir,20
2013,Boy,Caidan,3
2013,Boy,Caiden,27
2013,Boy,Cain,11
2013,Boy,Cal,3
2013,Boy,Caleb,65
2013,Boy,Callan,4
2013,Boy,Callum,59
2013,Boy,Calum,13
2013,Boy,Calvin,3
2013,Boy,Cameron,27
2013,Boy,Caodhan,7
2013,Boy,Caoimhin,22
2013,Boy,Caolan,48
2013,Boy,Carraig,3
2013,Boy,Carson,21
2013,Boy,Carter,57
2013,Boy,Casey,6
2013,Boy,Cathair,7
2013,Boy,Cathal,22
2013,Boy,Cathaoir,5
2013,Boy,Cayden,9
2013,Boy,Charles,14
2013,Boy,Charlie,219
2013,Boy,Che,8
2013,Boy,Christian,18
2013,Boy,Christopher,39
2013,Boy,Cian,29
2013,Boy,Ciaran,33
2013,Boy,Cillian,64
2013,Boy,Coby,4
2013,Boy,Codie,3
2013,Boy,Cody,18
2013,Boy,Coen,5
2013,Boy,Cohen,17
2013,Boy,Cole,16
2013,Boy,Colin,3
2013,Boy,Colm,5
2013,Boy,Colton,6
2013,Boy,Conaire,5
2013,Boy,Conal,14
2013,Boy,Conall,26
2013,Boy,Conan,32
2013,Boy,Conleth,4
2013,Boy,Conn,12
2013,Boy,Connaire,4
2013,Boy,Connall,3
2013,Boy,Connlaodh,3
2013,Boy,Connor,41
2013,Boy,Conor,130
2013,Boy,Conrad,5
2013,Boy,Cooper,14
2013,Boy,Corey,29
2013,Boy,Corin,3
2013,Boy,Cormac,33
2013,Boy,Corrie,3
2013,Boy,Cory,6
2013,Boy,Craig,3
2013,Boy,Cruz,6
2013,Boy,Cuan,4
2013,Boy,Curtis,9
2013,Boy,Daire,27
2013,Boy,Daithi,42
2013,Boy,Daley,3
2013,Boy,Damian,6
2013,Boy,Damien,3
2013,Boy,Dan,3
2013,Boy,Danann,5
2013,Boy,Daniel,201
2013,Boy,Danielis,3
2013,Boy,Danny,28
2013,Boy,Dante,3
2013,Boy,Dara,37
2013,Boy,Daragh,3
2013,Boy,Darragh,87
2013,Boy,Darren,4
2013,Boy,Darryl,4
2013,Boy,Daryl,6
2013,Boy,David,45
2013,Boy,Dawid,5
2013,Boy,Dawson,7
2013,Boy,Deacon,3
2013,Boy,Deaglan,4
2013,Boy,Dean,7
2013,Boy,Declan,13
2013,Boy,Deon,3
2013,Boy,Dermot,3
2013,Boy,Dexter,6
2013,Boy,Diarmuid,4
2013,Boy,Dillan,3
2013,Boy,Dillon,5
2013,Boy,Dion,3
2013,Boy,Dominic,7
2013,Boy,Dominik,9
2013,Boy,Dominykas,3
2013,Boy,Donal,11
2013,Boy,Donnacha,12
2013,Boy,Donncha,7
2013,Boy,Donovan,3
2013,Boy,Drew,5
2013,Boy,Dylan,95
2013,Boy,Eamon,4
2013,Boy,Eamonn,4
2013,Boy,Eddie,4
2013,Boy,Edward,28
2013,Boy,Eli,29
2013,Boy,Elijah,27
2013,Boy,Elliot,9
2013,Boy,Elliott,9
2013,Boy,Emmet,6
2013,Boy,Emmett,7
2013,Boy,Enda,6
2013,Boy,Eoghan,34
2013,Boy,Eoin,54
2013,Boy,Eric,5
2013,Boy,Ethan,160
2013,Boy,Euan,12
2013,Boy,Eunan,3
2013,Boy,Evan,29
2013,Boy,Ewan,11
2013,Boy,Ezra,4
2013,Boy,Fabian,12
2013,Boy,Faolan,3
2013,Boy,Fearghal,4
2013,Boy,Felix,10
2013,Boy,Fergal,3
2013,Boy,Fiachra,7
2013,Boy,Filip,16
2013,Boy,Finbarr,4
2013,Boy,Finlay,30
2013,Boy,Finley,7
2013,Boy,Finn,67
2013,Boy,Finnian,3
2013,Boy,Fintan,12
2013,Boy,Fionn,58
2013,Boy,Fionnan,7
2013,Boy,Fionntan,6
2013,Boy,Flynn,13
2013,Boy,Francis,10
2013,Boy,Franciszek,3
2013,Boy,Frank,6
2013,Boy,Frankie,14
2013,Boy,Fraser,4
2013,Boy,Freddie,23
2013,Boy,Frederick,5
2013,Boy,Gabriel,17
2013,Boy,Gareth,5
2013,Boy,Gavin,11
2013,Boy,George,46
2013,Boy,Gerard,13
2013,Boy,Gino,3
2013,Boy,Glenn,4
2013,Boy,Harley,26
2013,Boy,Harper,4
2013,Boy,Harri,3
2013,Boy,Harrison,23
2013,Boy,Harry,207
2013,Boy,Harvey,29
2013,Boy,Hayden,7
2013,Boy,Heath,6
2013,Boy,Henri,3
2013,Boy,Henry,49
2013,Boy,Hudson,3
2013,Boy,Hugh,10
2013,Boy,Hugo,6
2013,Boy,Hunter,10
2013,Boy,Ian,4
2013,Boy,Igor,7
2013,Boy,Isaac,73
2013,Boy,Jace,3
2013,Boy,Jack,293
2013,Boy,Jackson,40
2013,Boy,Jacob,160
2013,Boy,Jaden,6
2013,Boy,Jai,6
2013,Boy,Jaiden,7
2013,Boy,Jake,124
2013,Boy,Jakob,4
2013,Boy,Jakub,20
2013,Boy,James,285
2013,Boy,Jamie,106
2013,Boy,Jan,5
2013,Boy,Jared,3
2013,Boy,Jason,20
2013,Boy,Jasper,9
2013,Boy,Jax,3
2013,Boy,Jaxon,19
2013,Boy,Jaxson,6
2013,Boy,Jay,49
2013,Boy,Jayden,67
2013,Boy,Jensen,9
2013,Boy,Jenson,24
2013,Boy,Jesse,5
2013,Boy,Jethro,3
2013,Boy,Jimmy,4
2013,Boy,Joe,27
2013,Boy,Joel,47
2013,Boy,Joey,12
2013,Boy,John,62
2013,Boy,John-Paul,4
2013,Boy,Johnny,7
2013,Boy,Jonah,34
2013,Boy,Jonathan,15
2013,Boy,Jordan,9
2013,Boy,Joseph,99
2013,Boy,Josh,36
2013,Boy,Joshua,131
2013,Boy,Josiah,7
2013,Boy,Judah,4
2013,Boy,Jude,64
2013,Boy,Julian,5
2013,Boy,Junior,7
2013,Boy,Justin,8
2013,Boy,Kacper,17
2013,Boy,Kaden,4
2013,Boy,Kai,37
2013,Boy,Kaiden,24
2013,Boy,Kajus,3
2013,Boy,Kaleb,7
2013,Boy,Kamil,7
2013,Boy,Karl,3
2013,Boy,Karol,6
2013,Boy,Karter,3
2013,Boy,Kason,3
2013,Boy,Kayden,36
2013,Boy,Kealan,4
2013,Boy,Keaton,3
2013,Boy,Keegan,7
2013,Boy,Keelan,5
2013,Boy,Kenzie,5
2013,Boy,Kevin,17
2013,Boy,Kian,14
2013,Boy,Kieran,11
2013,Boy,Killian,4
2013,Boy,Kobe,7
2013,Boy,Kobi,6
2013,Boy,Kodie,3
2013,Boy,Kody,4
2013,Boy,Kolby,3
2013,Boy,Kole,3
2013,Boy,Kolton,5
2013,Boy,Korey,3
2013,Boy,Krystian,3
2013,Boy,Kye,10
2013,Boy,Kylan,3
2013,Boy,Kyle,37
2013,Boy,Lachlan,4
2013,Boy,Larkin,3
2013,Boy,Layton,5
2013,Boy,Lee,14
2013,Boy,Leighton,8
2013,Boy,Lennon,5
2013,Boy,Leo,83
2013,Boy,Leon,33
2013,Boy,Leonardo,3
2013,Boy,Levi,12
2013,Boy,Lewis,52
2013,Boy,Leyton,3
2013,Boy,Liam,41
2013,Boy,Lincoln,4
2013,Boy,Lloyd,3
2013,Boy,Lochlainn,7
2013,Boy,Lochlann,5
2013,Boy,Logan,80
2013,Boy,Lorcan,38
2013,Boy,Lorenzo,3
2013,Boy,Louie,9
2013,Boy,Louis,18
2013,Boy,Luca,18
2013,Boy,Lucas,99
2013,Boy,Lucca,3
2013,Boy,Luis,4
2013,Boy,Lukas,13
2013,Boy,Luke,118
2013,Boy,Maciej,4
2013,Boy,Mackenzie,4
2013,Boy,Maddox,4
2013,Boy,Malachi,4
2013,Boy,Malachy,9
2013,Boy,Marc,6
2013,Boy,Marcel,6
2013,Boy,Marcus,13
2013,Boy,Mark,45
2013,Boy,Markas,3
2013,Boy,Markuss,4
2013,Boy,Marshall,4
2013,Boy,Martin,8
2013,Boy,Mason,131
2013,Boy,Matas,6
2013,Boy,Mateusz,3
2013,Boy,Matt,3
2013,Boy,Matthew,164
2013,Boy,Max,94
2013,Boy,Maxim,3
2013,Boy,Maximilian,3
2013,Boy,Maxwell,9
2013,Boy,Micah,20
2013,Boy,Michael,99
2013,Boy,Micheal,19
2013,Boy,Mikolaj,6
2013,Boy,Miles,3
2013,Boy,Milo,6
2013,Boy,Mohamed,4
2013,Boy,Morgan,6
2013,Boy,Myles,16
2013,Boy,Naoise,4
2013,Boy,Natan,7
2013,Boy,Nathan,68
2013,Boy,Nathaniel,10
2013,Boy,Nevin,3
2013,Boy,Niall,41
2013,Boy,Nicholas,6
2013,Boy,Nicolas,5
2013,Boy,Nikodem,6
2013,Boy,Noah,188
2013,Boy,Noel,5
2013,Boy,Nojus,6
2013,Boy,Odhran,51
2013,Boy,Oisin,99
2013,Boy,Oliver,150
2013,Boy,Olivier,5
2013,Boy,Oliwier,5
2013,Boy,Ollie,57
2013,Boy,Olly,18
2013,Boy,Omar,3
2013,Boy,Oran,17
2013,Boy,Oscar,82
2013,Boy,Oskar,11
2013,Boy,Owen,16
2013,Boy,Padraig,23
2013,Boy,Paidi,5
2013,Boy,Paraic,3
2013,Boy,Parker,5
2013,Boy,Patrick,83
2013,Boy,Paul,34
2013,Boy,Pauric,5
2013,Boy,Peadar,8
2013,Boy,Pearse,18
2013,Boy,Peter,43
2013,Boy,Philip,5
2013,Boy,Piaras,3
2013,Boy,Preston,12
2013,Boy,Quinn,5
2013,Boy,Rafael,3
2013,Boy,Raymond,3
2013,Boy,Reece,16
2013,Boy,Reggie,3
2013,Boy,Reuben,61
2013,Boy,Rex,3
2013,Boy,Rhys,37
2013,Boy,Rian,14
2013,Boy,Richard,9
2013,Boy,Riley,117
2013,Boy,Rio,10
2013,Boy,Robbie,17
2013,Boy,Robert,36
2013,Boy,Robin,9
2013,Boy,Rocco,9
2013,Boy,Rogan,3
2013,Boy,Rohan,5
2013,Boy,Ronan,80
2013,Boy,Rory,42
2013,Boy,Ross,11
2013,Boy,Rowan,14
2013,Boy,Ruadhan,3
2013,Boy,Ruairi,33
2013,Boy,Ruan,3
2013,Boy,Ruben,7
2013,Boy,Ryan,135
2013,Boy,Rylee,7
2013,Boy,Ryley,5
2013,Boy,Rylie,3
2013,Boy,Sam,41
2013,Boy,Samuel,67
2013,Boy,Saul,9
2013,Boy,Scott,19
2013,Boy,Seamus,7
2013,Boy,Sean,96
2013,Boy,Seanan,4
2013,Boy,Sebastian,19
2013,Boy,Senan,18
2013,Boy,Seth,37
2013,Boy,Shane,20
2013,Boy,Shaun,5
2013,Boy,Shay,17
2013,Boy,Shea,66
2013,Boy,Simon,4
2013,Boy,Sonny,10
2013,Boy,Stefan,5
2013,Boy,Stephen,19
2013,Boy,Steven,3
2013,Boy,Stuart,3
2013,Boy,Szymon,9
2013,Boy,Tajus,4
2013,Boy,Tate,4
2013,Boy,Taylor,19
2013,Boy,Ted,7
2013,Boy,Teddie,3
2013,Boy,Teddy,4
2013,Boy,Theo,36
2013,Boy,Theodore,4
2013,Boy,Thom,3
2013,Boy,Thomas,145
2013,Boy,Tiarnan,17
2013,Boy,Tiernan,27
2013,Boy,Timothy,8
2013,Boy,Tobias,4
2013,Boy,Toby,22
2013,Boy,Tom,48
2013,Boy,Tomas,19
2013,Boy,Tommy,28
2013,Boy,Tony,5
2013,Boy,Torin,3
2013,Boy,Travis,15
2013,Boy,Tristan,7
2013,Boy,Troy,10
2013,Boy,Turlough,3
2013,Boy,Ty,4
2013,Boy,Tyler,56
2013,Boy,Ultan,6
2013,Boy,Vincent,6
2013,Boy,Warren,3
2013,Boy,Will,15
2013,Boy,William,79
2013,Boy,Wojciech,5
2013,Boy,Wyatt,3
2013,Boy,Xander,3
2013,Boy,Xavier,4
2013,Boy,Yousef,3
2013,Boy,Yusuf,3
2013,Boy,Zac,27
2013,Boy,Zach,44
2013,Boy,Zachariah,4
2013,Boy,Zachary,23
2013,Boy,Zack,14
2013,Boy,Zak,10
2013,Boy,Zakk,3
2013,Boy,Zane,3
2013,Boy,Zayn,4
2013,Girl,Aaliyah,7
2013,Girl,Abbie,39
2013,Girl,Abby,11
2013,Girl,Abi,10
2013,Girl,Abigail,52
2013,Girl,Ada,3
2013,Girl,Addison,3
2013,Girl,Adrianna,3
2013,Girl,Agne,3
2013,Girl,Aida,3
2013,Girl,Aideen,6
2013,Girl,Ailish,4
2013,Girl,Ailsa,4
2013,Girl,Aimee,56
2013,Girl,Aine,26
2013,Girl,Aisling,12
2013,Girl,Alana,14
2013,Girl,Alanna,13
2013,Girl,Alannah,7
2013,Girl,Alayna,4
2013,Girl,Aleah,3
2013,Girl,Aleesha,3
2013,Girl,Alesha,11
2013,Girl,Alex,11
2013,Girl,Alexa,10
2013,Girl,Alexandra,31
2013,Girl,Alexandria,3
2013,Girl,Alexis,23
2013,Girl,Aleyna,3
2013,Girl,Alice,47
2013,Girl,Alicia,19
2013,Girl,Alicja,6
2013,Girl,Alisha,7
2013,Girl,Alison,3
2013,Girl,Aliyah,6
2013,Girl,Allie,6
2013,Girl,Alyssa,9
2013,Girl,Amanda,5
2013,Girl,Amber,33
2013,Girl,Amelia,159
2013,Girl,Amelia-Rose,8
2013,Girl,Amelie,14
2013,Girl,Amina,3
2013,Girl,Amira,5
2013,Girl,Amy,58
2013,Girl,Amy-Rose,3
2013,Girl,Ana,8
2013,Girl,Anastasia,3
2013,Girl,Andrea,3
2013,Girl,Andreja,3
2013,Girl,Angel,8
2013,Girl,Angela,3
2013,Girl,Anna,158
2013,Girl,Anna-Rose,3
2013,Girl,Annabel,15
2013,Girl,Annabella,4
2013,Girl,Annabelle,13
2013,Girl,Annaliese,3
2013,Girl,Annie,75
2013,Girl,Anya,6
2013,Girl,Aoibh,6
2013,Girl,Aoibhe,21
2013,Girl,Aoibheann,17
2013,Girl,Aoibhin,4
2013,Girl,Aoibhinn,17
2013,Girl,Aoife,163
2013,Girl,April,4
2013,Girl,Arabella,6
2013,Girl,Aria,9
2013,Girl,Ariana,6
2013,Girl,Arianna,5
2013,Girl,Arya,10
2013,Girl,Ashley,3
2013,Girl,Aurora,3
2013,Girl,Austeja,4
2013,Girl,Autumn,6
2013,Girl,Ava,139
2013,Girl,Ava-Grace,3
2013,Girl,Ava-Rose,7
2013,Girl,Avery,7
2013,Girl,Ayla,8
2013,Girl,Bailey,4
2013,Girl,Beatrice,3
2013,Girl,Beau,3
2013,Girl,Bella,46
2013,Girl,Bella-Rose,3
2013,Girl,Belle,6
2013,Girl,Beth,30
2013,Girl,Bethany,25
2013,Girl,Bianca,3
2013,Girl,Billie,4
2013,Girl,Blathnaid,5
2013,Girl,Bobbi,5
2013,Girl,Bonnie,7
2013,Girl,Brannagh,3
2013,Girl,Brianna,7
2013,Girl,Brigid,5
2013,Girl,Brogan,3
2013,Girl,Bronagh,8
2013,Girl,Brooke,33
2013,Girl,Brooklyn,6
2013,Girl,Cadhla,25
2013,Girl,Cait,4
2013,Girl,Caitlin,53
2013,Girl,Caitlyn,8
2013,Girl,Cali,5
2013,Girl,Callie,6
2013,Girl,Caoimhe,64
2013,Girl,Cara,99
2013,Girl,Caragh,10
2013,Girl,Carla,6
2013,Girl,Carly,13
2013,Girl,Caroline,4
2013,Girl,Carragh,6
2013,Girl,Casey,13
2013,Girl,Casey-Lee,3
2013,Girl,Cassie,19
2013,Girl,Catherine,29
2013,Girl,Cayla,4
2013,Girl,Ceallach,3
2013,Girl,Charis,5
2013,Girl,Charley,15
2013,Girl,Charlie,8
2013,Girl,Charlotte,81
2013,Girl,Chelsea,4
2013,Girl,Cheyenne,3
2013,Girl,Chloe,120
2013,Girl,Christina,5
2013,Girl,Ciara,25
2013,Girl,Claire,10
2013,Girl,Clara,44
2013,Girl,Claudia,4
2013,Girl,Cliodhna,13
2013,Girl,Cliona,4
2013,Girl,Clodagh,34
2013,Girl,Cobhlaith,4
2013,Girl,Colleen,4
2013,Girl,Connie,27
2013,Girl,Cora,35
2013,Girl,Coragh,3
2013,Girl,Courtney,10
2013,Girl,Crystal,4
2013,Girl,Cuisle,3
2013,Girl,Daisy,27
2013,Girl,Dakota,10
2013,Girl,Danica,3
2013,Girl,Daniele,3
2013,Girl,Danielle,5
2013,Girl,Darcey,23
2013,Girl,Darci,11
2013,Girl,Darcie,19
2013,Girl,Darcy,29
2013,Girl,Dearbhla,9
2013,Girl,Demi,4
2013,Girl,Demi-Lee,3
2013,Girl,Devon,4
2013,Girl,Drew,3
2013,Girl,Eabha,31
2013,Girl,Eden,21
2013,Girl,Edie,3
2013,Girl,Edith,7
2013,Girl,Eibhlin,3
2013,Girl,Eile,3
2013,Girl,Eileen,3
2013,Girl,Eilidh,3
2013,Girl,Eilis,3
2013,Girl,Eimear,39
2013,Girl,Eimhear,7
2013,Girl,Einin,3
2013,Girl,Eireann,11
2013,Girl,Eirinn,6
2013,Girl,Ela,3
2013,Girl,Eleanor,7
2013,Girl,Elena,13
2013,Girl,Elianna,3
2013,Girl,Elise,9
2013,Girl,Elisha,3
2013,Girl,Eliza,10
2013,Girl,Elizabeth,22
2013,Girl,Ella,189
2013,Girl,Ella-Louise,3
2013,Girl,Ella-Mae,6
2013,Girl,Ella-May,3
2013,Girl,Ella-Rose,13
2013,Girl,Elle,4
2013,Girl,Ellen,27
2013,Girl,Ellie,100
2013,Girl,Ellie-Mae,6
2013,Girl,Ellie-May,7
2013,Girl,Ellie-Rose,5
2013,Girl,Eloise,13
2013,Girl,Elsa,10
2013,Girl,Elsie,28
2013,Girl,Ema,3
2013,Girl,Emeli,12
2013,Girl,Emelia,4
2013,Girl,Emer,6
2013,Girl,Emilee,7
2013,Girl,Emilia,19
2013,Girl,Emilie,11
2013,Girl,Emilija,5
2013,Girl,Emily,203
2013,Girl,Emily-Grace,3
2013,Girl,Emily-Rose,3
2013,Girl,Emma,120
2013,Girl,Emmie,7
2013,Girl,Enna,3
2013,Girl,Enya,9
2013,Girl,Erica,11
2013,Girl,Erin,131
2013,Girl,Esme,4
2013,Girl,Esther,5
2013,Girl,Eva,150
2013,Girl,Eva-Grace,3
2013,Girl,Eva-Rose,6
2013,Girl,Evangeline,4
2013,Girl,Eve,36
2013,Girl,Evelina,4
2013,Girl,Evelyn,3
2013,Girl,Evie,68
2013,Girl,Faith,40
2013,Girl,Farah,4
2013,Girl,Farrah,36
2013,Girl,Faye,49
2013,Girl,Felicity,6
2013,Girl,Fia,6
2013,Girl,Fiadh,22
2013,Girl,Fianna,7
2013,Girl,Fiona,5
2013,Girl,Florence,6
2013,Girl,Frances,3
2013,Girl,Francesca,11
2013,Girl,Frankie,3
2013,Girl,Freya,65
2013,Girl,Gabija,3
2013,Girl,Gabriela,6
2013,Girl,Gabriella,12
2013,Girl,Gabrielle,8
2013,Girl,Gemma,5
2013,Girl,Georgia,66
2013,Girl,Georgie,5
2013,Girl,Gianna,4
2013,Girl,Grace,203
2013,Girl,Gracie,27
2013,Girl,Grainne,14
2013,Girl,Hailey,6
2013,Girl,Halle,5
2013,Girl,Hanna,18
2013,Girl,Hannah,99
2013,Girl,Harley,4
2013,Girl,Harper,11
2013,Girl,Harriet,4
2013,Girl,Hayleigh,4
2013,Girl,Hayley,9
2013,Girl,Hazel,4
2013,Girl,Heidi,19
2013,Girl,Helen,3
2013,Girl,Helena,3
2013,Girl,Hollie,46
2013,Girl,Holly,85
2013,Girl,Hope,11
2013,Girl,Imogen,11
2013,Girl,Indi,3
2013,Girl,India,4
2013,Girl,Indie,11
2013,Girl,Iona,7
2013,Girl,Isabel,4
2013,Girl,Isabella,77
2013,Girl,Isabelle,14
2013,Girl,Isla,93
2013,Girl,Isobel,13
2013,Girl,Ivy,12
2013,Girl,Jade,7
2013,Girl,Jagoda,3
2013,Girl,Jane,11
2013,Girl,Jasmine,28
2013,Girl,Jenna,6
2013,Girl,Jennifer,7
2013,Girl,Jessica,158
2013,Girl,Jessie,9
2013,Girl,Joanna,3
2013,Girl,Joanne,3
2013,Girl,Jodie,11
2013,Girl,Jorja,10
2013,Girl,Josephine,3
2013,Girl,Josie,5
2013,Girl,Julia,29
2013,Girl,Juliette,3
2013,Girl,Kacey,3
2013,Girl,Kaci,7
2013,Girl,Kacie,11
2013,Girl,Kaia,4
2013,Girl,Kaila,3
2013,Girl,Kaitlin,7
2013,Girl,Kaitlyn,4
2013,Girl,Kaitlynn,3
2013,Girl,Kara,10
2013,Girl,Karolina,5
2013,Girl,Kasey,3
2013,Girl,Kassie,3
2013,Girl,Kate,38
2013,Girl,Katelyn,13
2013,Girl,Katelynn,3
2013,Girl,Katherine,12
2013,Girl,Kathleen,6
2013,Girl,Kathryn,4
2013,Girl,Katie,139
2013,Girl,Katie-Leigh,5
2013,Girl,Katie-Rose,4
2013,Girl,Katy,7
2013,Girl,Kaya,3
2013,Girl,Kayla,32
2013,Girl,Kaylee,5
2013,Girl,Kayleigh,8
2013,Girl,Keeva,11
2013,Girl,Keira,5
2013,Girl,Kelsey,16
2013,Girl,Kelsi,3
2013,Girl,Kelsie,3
2013,Girl,Kerry,4
2013,Girl,Khloe,7
2013,Girl,Kiara,3
2013,Girl,Kiera,3
2013,Girl,Kimberley,3
2013,Girl,Kimberly,4
2013,Girl,Kitty,4
2013,Girl,Klara,3
2013,Girl,Kornelia,5
2013,Girl,Kourtney,3
2013,Girl,Kristina,3
2013,Girl,Krystal,3
2013,Girl,Kyla,10
2013,Girl,Kyra,9
2013,Girl,Lacey,31
2013,Girl,Laci,3
2013,Girl,Lacie,10
2013,Girl,Laila,5
2013,Girl,Lana,16
2013,Girl,Laoise,6
2013,Girl,Lara,27
2013,Girl,Laura,20
2013,Girl,Lauren,41
2013,Girl,Layla,26
2013,Girl,Lea,4
2013,Girl,Leah,99
2013,Girl,Leanna,3
2013,Girl,Leigha,4
2013,Girl,Leila,8
2013,Girl,Leja,3
2013,Girl,Lena,13
2013,Girl,Leona,7
2013,Girl,Lexi,58
2013,Girl,Lexie,25
2013,Girl,Libby,6
2013,Girl,Lila,11
2013,Girl,Lilah,4
2013,Girl,Lilia,3
2013,Girl,Liliana,6
2013,Girl,Lilianna,3
2013,Girl,Lilli,3
2013,Girl,Lillie,10
2013,Girl,Lilly,14
2013,Girl,Lily,123
2013,Girl,Lily-Anne,4
2013,Girl,Lily-Mae,5
2013,Girl,Lily-Rose,6
2013,Girl,Lisa,4
2013,Girl,Livia,6
2013,Girl,Lois,9
2013,Girl,Lola,35
2013,Girl,Lori,3
2013,Girl,Lotti,3
2013,Girl,Lottie,10
2013,Girl,Louisa,3
2013,Girl,Louise,4
2013,Girl,Lucia,20
2013,Girl,Lucie,9
2013,Girl,Lucy,171
2013,Girl,Luisa,3
2013,Girl,Lydia,20
2013,Girl,Lyla,11
2013,Girl,Macey,5
2013,Girl,Maci,9
2013,Girl,Macie,12
2013,Girl,Macy,8
2013,Girl,Maddie,10
2013,Girl,Maddison,14
2013,Girl,Madeleine,5
2013,Girl,Madeline,5
2013,Girl,Madison,32
2013,Girl,Maebh,5
2013,Girl,Maeve,15
2013,Girl,Maggie,12
2013,Girl,Maia,9
2013,Girl,Maire,4
2013,Girl,Mairead,4
2013,Girl,Maisey,3
2013,Girl,Maisie,50
2013,Girl,Maisy,13
2013,Girl,Maizie,3
2013,Girl,Maja,13
2013,Girl,Maria,26
2013,Girl,Mariah,3
2013,Girl,Marie,3
2013,Girl,Marley,3
2013,Girl,Marnie,6
2013,Girl,Martha,13
2013,Girl,Mary,12
2013,Girl,Matilda,16
2013,Girl,May,3
2013,Girl,Maya,26
2013,Girl,Mazie,3
2013,Girl,Mea,5
2013,Girl,Meabh,27
2013,Girl,Megan,50
2013,Girl,Meghan,3
2013,Girl,Meia,3
2013,Girl,Melanie,3
2013,Girl,Melanija,3
2013,Girl,Melissa,8
2013,Girl,Mia,127
2013,Girl,Mia-Rose,3
2013,Girl,Michaela,8
2013,Girl,Michelle,6
2013,Girl,Mila,12
2013,Girl,Milana,4
2013,Girl,Miley,22
2013,Girl,Millie,11
2013,Girl,Milly,3
2013,Girl,Miya,4
2013,Girl,Mollie,39
2013,Girl,Molly,94
2013,Girl,Morgan,5
2013,Girl,Muireann,4
2013,Girl,Mya,36
2013,Girl,Myah,6
2013,Girl,Myla,17
2013,Girl,Mylah,3
2013,Girl,Mylie,6
2013,Girl,Nancy,5
2013,Girl,Naoimh,3
2013,Girl,Naoise,5
2013,Girl,Naomi,19
2013,Girl,Natalia,8
2013,Girl,Natasha,9
2013,Girl,Nell,4
2013,Girl,Nessa,3
2013,Girl,Nevaeh,7
2013,Girl,Nia,4
2013,Girl,Niamh,98
2013,Girl,Nicola,4
2013,Girl,Nicole,32
2013,Girl,Nikita,3
2013,Girl,Nikola,13
2013,Girl,Nina,12
2013,Girl,Nora,7
2013,Girl,Nuala,4
2013,Girl,Olive,4
2013,Girl,Olivia,129
2013,Girl,Oliwia,7
2013,Girl,Oonagh,3
2013,Girl,Orla,18
2013,Girl,Orlagh,4
2013,Girl,Orlaigh,3
2013,Girl,Orlaith,21
2013,Girl,Paige,18
2013,Girl,Patricia,5
2013,Girl,Penelope,4
2013,Girl,Penny,18
2013,Girl,Philippa,6
2013,Girl,Phoebe,37
2013,Girl,Piper,5
2013,Girl,Pippa,15
2013,Girl,Pixie,4
2013,Girl,Pola,5
2013,Girl,Polly,4
2013,Girl,Poppie,4
2013,Girl,Poppy,63
2013,Girl,Priya,7
2013,Girl,Rachel,41
2013,Girl,Radha,4
2013,Girl,Rebecca,40
2013,Girl,Rebeka,3
2013,Girl,Rebekah,18
2013,Girl,Regan,3
2013,Girl,Rene,4
2013,Girl,Rhea,13
2013,Girl,Rhia,5
2013,Girl,Ria,8
2013,Girl,Rihanna,8
2013,Girl,Riley,3
2013,Girl,Riona,6
2013,Girl,Rionach,6
2013,Girl,Robyn,33
2013,Girl,Roise,19
2013,Girl,Roisin,10
2013,Girl,Rosa,15
2013,Girl,Rose,35
2013,Girl,Rosie,35
2013,Girl,Ruby,113
2013,Girl,Ruth,6
2013,Girl,Sadie,14
2013,Girl,Saerlaith,3
2013,Girl,Sally,7
2013,Girl,Samantha,9
2013,Girl,Saoirse,28
2013,Girl,Saorla,4
2013,Girl,Saorlaith,10
2013,Girl,Sara,19
2013,Girl,Sarah,84
2013,Girl,Sasha,4
2013,Girl,Savannah,9
2013,Girl,Scarlet,5
2013,Girl,Scarlett,63
2013,Girl,Seren,3
2013,Girl,Shania,3
2013,Girl,Shannon,13
2013,Girl,Shauna,4
2013,Girl,Shelby,3
2013,Girl,Sian,5
2013,Girl,Sienna,62
2013,Girl,Sinead,8
2013,Girl,Siofra,8
2013,Girl,Siun,4
2013,Girl,Skye,8
2013,Girl,Sofia,43
2013,Girl,Sofie,3
2013,Girl,Sophia,174
2013,Girl,Sophia-Grace,3
2013,Girl,Sophie,194
2013,Girl,Sorcha,12
2013,Girl,Stephanie,3
2013,Girl,Summer,32
2013,Girl,Susannah,3
2013,Girl,Sylvie,3
2013,Girl,Tabitha,3
2013,Girl,Tara,14
2013,Girl,Taylor,14
2013,Girl,Teagan,10
2013,Girl,Tegan,4
2013,Girl,Teresa,3
2013,Girl,Tess,9
2013,Girl,Tessa,3
2013,Girl,Thea,11
2013,Girl,Tia,11
2013,Girl,Tiana,5
2013,Girl,Tianna,4
2013,Girl,Tiarna,5
2013,Girl,Tierna,7
2013,Girl,Tiffany,3
2013,Girl,Tillie,5
2013,Girl,Tilly,20
2013,Girl,Tori,7
2013,Girl,Ugne,3
2013,Girl,Una,6
2013,Girl,Vanesa,6
2013,Girl,Vanessa,8
2013,Girl,Victoria,15
2013,Girl,Violet,4
2013,Girl,Whitney,3
2013,Girl,Willow,23
2013,Girl,Yasmin,6
2013,Girl,Zara,50
2013,Girl,Zarah,3
2013,Girl,Zoe,36
2013,Girl,Zoey,6
2013,Girl,Zofia,5
2013,Girl,Zuzanna,8
2014,Boy,Aaron,59
2014,Boy,Abel,3
2014,Boy,Adam,145
2014,Boy,Adas,4
2014,Boy,Adrian,3
2014,Boy,Ahmed,3
2014,Boy,Aidan,36
2014,Boy,Aiden,13
2014,Boy,Aj,4
2014,Boy,Ajay,3
2014,Boy,Alan,14
2014,Boy,Albert,3
2014,Boy,Aleksander,5
2014,Boy,Alex,70
2014,Boy,Alexander,92
2014,Boy,Alfie,120
2014,Boy,Alfred,3
2014,Boy,Andrew,34
2014,Boy,Angelo,4
2014,Boy,Angus,4
2014,Boy,Anthony,25
2014,Boy,Anton,6
2014,Boy,Antoni,10
2014,Boy,Antonio,3
2014,Boy,Aodhan,46
2014,Boy,Archie,55
2014,Boy,Arijus,3
2014,Boy,Arlo,6
2014,Boy,Aron,3
2014,Boy,Aronas,7
2014,Boy,Arthur,19
2014,Boy,Artur,3
2014,Boy,Ashton,6
2014,Boy,Austin,20
2014,Boy,Avery,3
2014,Boy,Bailey,9
2014,Boy,Barney,3
2014,Boy,Barra,7
2014,Boy,Barry,5
2014,Boy,Beau,3
2014,Boy,Ben,77
2014,Boy,Benjamin,56
2014,Boy,Bentley,8
2014,Boy,Bernard,5
2014,Boy,Billy,9
2014,Boy,Blaine,3
2014,Boy,Blake,36
2014,Boy,Bobby,46
2014,Boy,Borys,3
2014,Boy,Boston,3
2014,Boy,Braden,3
2014,Boy,Bradley,18
2014,Boy,Brandon,12
2014,Boy,Braxton,4
2014,Boy,Brendan,9
2014,Boy,Brian,16
2014,Boy,Brodie,16
2014,Boy,Brody,25
2014,Boy,Brogan,5
2014,Boy,Brooklyn,4
2014,Boy,Bryan,3
2014,Boy,Caden,9
2014,Boy,Caelan,7
2014,Boy,Cahir,12
2014,Boy,Caidan,4
2014,Boy,Caiden,31
2014,Boy,Cain,8
2014,Boy,Caleb,81
2014,Boy,Callan,11
2014,Boy,Callum,70
2014,Boy,Calum,13
2014,Boy,Calvin,17
2014,Boy,Cameron,24
2014,Boy,Caodhan,9
2014,Boy,Caoimhin,21
2014,Boy,Caolan,45
2014,Boy,Carson,16
2014,Boy,Carter,47
2014,Boy,Casey,6
2014,Boy,Casper,3
2014,Boy,Cathair,7
2014,Boy,Cathal,21
2014,Boy,Cathan,3
2014,Boy,Cathaoir,8
2014,Boy,Cayden,6
2014,Boy,Charles,21
2014,Boy,Charlie,224
2014,Boy,Che,4
2014,Boy,Christian,7
2014,Boy,Christopher,36
2014,Boy,Christy,4
2014,Boy,Cian,45
2014,Boy,Ciaran,23
2014,Boy,Cillian,63
2014,Boy,Clarke,3
2014,Boy,Cody,19
2014,Boy,Coen,4
2014,Boy,Cohen,15
2014,Boy,Coist,3
2014,Boy,Cole,21
2014,Boy,Colin,3
2014,Boy,Colm,6
2014,Boy,Colton,14
2014,Boy,Conal,6
2014,Boy,Conall,17
2014,Boy,Conan,28
2014,Boy,Conlan,3
2014,Boy,Conleth,3
2014,Boy,Conn,4
2014,Boy,Connla,4
2014,Boy,Connor,32
2014,Boy,Conor,119
2014,Boy,Conrad,3
2014,Boy,Cooper,14
2014,Boy,Coran,3
2014,Boy,Corey,38
2014,Boy,Cormac,39
2014,Boy,Cory,6
2014,Boy,Cruz,10
2014,Boy,Curtis,11
2014,Boy,Daibhin,3
2014,Boy,Daimhin,3
2014,Boy,Daire,42
2014,Boy,Daithi,31
2014,Boy,Damien,5
2014,Boy,Daniel,236
2014,Boy,Danielius,4
2014,Boy,Danny,39
2014,Boy,Dara,29
2014,Boy,Daragh,6
2014,Boy,Darragh,74
2014,Boy,Darryl,3
2014,Boy,David,50
2014,Boy,Davin,3
2014,Boy,Dawid,3
2014,Boy,Deaglan,6
2014,Boy,Dean,9
2014,Boy,Declan,8
2014,Boy,Dermot,4
2014,Boy,Devin,5
2014,Boy,Dexter,9
2014,Boy,Diarmuid,3
2014,Boy,Dillan,3
2014,Boy,Dillon,4
2014,Boy,Diyar,3
2014,Boy,Dominic,11
2014,Boy,Dominik,10
2014,Boy,Dominykas,4
2014,Boy,Donal,13
2014,Boy,Donnacha,17
2014,Boy,Donncha,9
2014,Boy,Donnchadh,5
2014,Boy,Dorian,3
2014,Boy,Dovydas,3
2014,Boy,Drew,4
2014,Boy,Dylan,97
2014,Boy,Eamon,5
2014,Boy,Eamonn,4
2014,Boy,Eddie,4
2014,Boy,Eden,4
2014,Boy,Edward,25
2014,Boy,Edwin,3
2014,Boy,Eli,24
2014,Boy,Elijah,38
2014,Boy,Elliot,6
2014,Boy,Elliott,12
2014,Boy,Ellis,5
2014,Boy,Emil,3
2014,Boy,Emilis,4
2014,Boy,Emmanuel,3
2014,Boy,Emmet,9
2014,Boy,Emmett,4
2014,Boy,Enda,12
2014,Boy,Enzo,4
2014,Boy,Eoghan,33
2014,Boy,Eoin,55
2014,Boy,Eric,11
2014,Boy,Ethan,153
2014,Boy,Euan,9
2014,Boy,Eunan,8
2014,Boy,Evan,22
2014,Boy,Ewan,8
2014,Boy,Ezra,7
2014,Boy,Fabian,5
2014,Boy,Faolan,6
2014,Boy,Felix,12
2014,Boy,Fergal,6
2014,Boy,Fergus,3
2014,Boy,Fiachra,8
2014,Boy,Filip,16
2014,Boy,Finbar,6
2014,Boy,Finlay,24
2014,Boy,Finley,10
2014,Boy,Finn,73
2014,Boy,Finnian,3
2014,Boy,Fintan,9
2014,Boy,Fionn,53
2014,Boy,Fionntan,4
2014,Boy,Flynn,17
2014,Boy,Francis,20
2014,Boy,Franciszek,3
2014,Boy,Frank,5
2014,Boy,Frankie,12
2014,Boy,Franklin,3
2014,Boy,Fraser,7
2014,Boy,Frazer,7
2014,Boy,Fred,3
2014,Boy,Freddie,34
2014,Boy,Freddy,6
2014,Boy,Frederick,4
2014,Boy,Gabriel,26
2014,Boy,Gareth,6
2014,Boy,Gary,4
2014,Boy,Gearoid,3
2014,Boy,George,43
2014,Boy,Gerard,13
2014,Boy,Gethin,3
2014,Boy,Gustas,4
2014,Boy,Harley,30
2014,Boy,Harper,3
2014,Boy,Harris,4
2014,Boy,Harrison,32
2014,Boy,Harry,193
2014,Boy,Harvey,27
2014,Boy,Hayden,6
2014,Boy,Henry,61
2014,Boy,Hudson,9
2014,Boy,Hugh,18
2014,Boy,Hugo,12
2014,Boy,Hunter,11
2014,Boy,Ian,3
2014,Boy,Idris,3
2014,Boy,Igor,4
2014,Boy,Isaac,83
2014,Boy,Issac,3
2014,Boy,Jace,6
2014,Boy,Jack,285
2014,Boy,Jackson,19
2014,Boy,Jacob,148
2014,Boy,Jaden,5
2014,Boy,Jai,3
2014,Boy,Jaiden,7
2014,Boy,Jake,139
2014,Boy,Jakob,6
2014,Boy,Jakub,22
2014,Boy,James,276
2014,Boy,Jamie,86
2014,Boy,Jan,8
2014,Boy,Jared,10
2014,Boy,Jarlath,8
2014,Boy,Jason,16
2014,Boy,Jasper,8
2014,Boy,Jax,6
2014,Boy,Jaxon,35
2014,Boy,Jaxson,12
2014,Boy,Jay,33
2014,Boy,Jayce,3
2014,Boy,Jayden,54
2014,Boy,Jensen,10
2014,Boy,Jenson,28
2014,Boy,Jesse,7
2014,Boy,Jett,3
2014,Boy,Jim,3
2014,Boy,Jimmy,3
2014,Boy,Joe,21
2014,Boy,Joel,47
2014,Boy,Joey,23
2014,Boy,John,56
2014,Boy,John-Paul,5
2014,Boy,Johnny,8
2014,Boy,Jonah,36
2014,Boy,Jonas,7
2014,Boy,Jonathan,17
2014,Boy,Jordan,11
2014,Boy,Joseph,100
2014,Boy,Josh,35
2014,Boy,Joshua,108
2014,Boy,Josiah,4
2014,Boy,Judah,3
2014,Boy,Jude,81
2014,Boy,Junior,10
2014,Boy,Kacper,12
2014,Boy,Kaden,5
2014,Boy,Kai,46
2014,Boy,Kaiden,25
2014,Boy,Kajus,3
2014,Boy,Kaleb,8
2014,Boy,Kallum,3
2014,Boy,Karl,3
2014,Boy,Karol,3
2014,Boy,Kayden,19
2014,Boy,Kealan,6
2014,Boy,Keaton,3
2014,Boy,Keegan,7
2014,Boy,Keelan,10
2014,Boy,Kenzie,3
2014,Boy,Kevin,16
2014,Boy,Kian,41
2014,Boy,Kieran,8
2014,Boy,Killian,8
2014,Boy,Kingsley,3
2014,Boy,Kobe,3
2014,Boy,Kobi,6
2014,Boy,Koby,6
2014,Boy,Kodi,3
2014,Boy,Kody,5
2014,Boy,Kolton,3
2014,Boy,Korey,5
2014,Boy,Kristian,3
2014,Boy,Kyan,3
2014,Boy,Kylan,4
2014,Boy,Kyle,41
2014,Boy,Kyron,5
2014,Boy,Laurence,4
2014,Boy,Lee,7
2014,Boy,Leighton,5
2014,Boy,Lennon,6
2014,Boy,Lennox,3
2014,Boy,Leo,92
2014,Boy,Leon,28
2014,Boy,Leonardo,3
2014,Boy,Levi,14
2014,Boy,Lewis,66
2014,Boy,Leyton,4
2014,Boy,Liam,52
2014,Boy,Lincoln,5
2014,Boy,Lochlainn,5
2014,Boy,Lochlan,5
2014,Boy,Logan,121
2014,Boy,Lorcan,44
2014,Boy,Lorenzo,3
2014,Boy,Louie,11
2014,Boy,Louis,17
2014,Boy,Luca,25
2014,Boy,Lucas,84
2014,Boy,Luka,5
2014,Boy,Lukas,14
2014,Boy,Luke,114
2014,Boy,Lyle,3
2014,Boy,Maitiu,3
2014,Boy,Maksymilian,4
2014,Boy,Malachi,5
2014,Boy,Malachy,8
2014,Boy,Marc,6
2014,Boy,Marcel,6
2014,Boy,Marcus,10
2014,Boy,Mark,30
2014,Boy,Markus,3
2014,Boy,Marley,3
2014,Boy,Marshall,4
2014,Boy,Martin,17
2014,Boy,Mason,121
2014,Boy,Matas,6
2014,Boy,Mateusz,4
2014,Boy,Matthew,146
2014,Boy,Max,90
2014,Boy,Maxwell,7
2014,Boy,Micah,18
2014,Boy,Miceal,4
2014,Boy,Michael,111
2014,Boy,Michal,3
2014,Boy,Micheal,13
2014,Boy,Mikey,5
2014,Boy,Mikolaj,3
2014,Boy,Miles,3
2014,Boy,Milo,6
2014,Boy,Morgan,9
2014,Boy,Murray,3
2014,Boy,Myles,14
2014,Boy,Nataniel,4
2014,Boy,Nathan,79
2014,Boy,Nathaniel,10
2014,Boy,Neil,3
2014,Boy,Niall,46
2014,Boy,Nicholas,6
2014,Boy,Nicolas,4
2014,Boy,Nikodem,3
2014,Boy,Nikolas,4
2014,Boy,Noah,190
2014,Boy,Noel,4
2014,Boy,Nojus,3
2014,Boy,Norman,3
2014,Boy,Odhran,42
2014,Boy,Odin,3
2014,Boy,Oisin,104
2014,Boy,Oliver,155
2014,Boy,Olivier,3
2014,Boy,Oliwier,4
2014,Boy,Ollie,69
2014,Boy,Olly,15
2014,Boy,Oran,18
2014,Boy,Orin,5
2014,Boy,Oscar,99
2014,Boy,Oskar,19
2014,Boy,Otis,3
2014,Boy,Owen,25
2014,Boy,Padraig,20
2014,Boy,Paidi,8
2014,Boy,Paraic,3
2014,Boy,Parker,9
2014,Boy,Patrick,72
2014,Boy,Patryk,4
2014,Boy,Paul,15
2014,Boy,Pauric,3
2014,Boy,Peadar,8
2014,Boy,Pearse,12
2014,Boy,Peter,35
2014,Boy,Philip,9
2014,Boy,Phoenix,5
2014,Boy,Piotr,3
2014,Boy,Preston,10
2014,Boy,Quinn,6
2014,Boy,Ralph,4
2014,Boy,Raphael,3
2014,Boy,Ray,3
2014,Boy,Raymond,4
2014,Boy,Rayyan,3
2014,Boy,Reece,27
2014,Boy,Regan,5
2014,Boy,Reilly,4
2014,Boy,Reuben,50
2014,Boy,Rhys,37
2014,Boy,Rian,16
2014,Boy,Richard,5
2014,Boy,Riley,85
2014,Boy,Rio,8
2014,Boy,Roan,3
2014,Boy,Robbie,28
2014,Boy,Robert,32
2014,Boy,Robin,13
2014,Boy,Rocco,8
2014,Boy,Rogan,4
2014,Boy,Rohan,3
2014,Boy,Roman,7
2014,Boy,Ronan,81
2014,Boy,Ronnie,3
2014,Boy,Rory,63
2014,Boy,Ross,11
2014,Boy,Rossa,7
2014,Boy,Rowan,15
2014,Boy,Ruadhan,3
2014,Boy,Ruairi,42
2014,Boy,Ruan,6
2014,Boy,Ruben,6
2014,Boy,Rudi,4
2014,Boy,Rudy,3
2014,Boy,Ryan,128
2014,Boy,Rylee,3
2014,Boy,Ryley,3
2014,Boy,Rylie,6
2014,Boy,Sam,45
2014,Boy,Samuel,69
2014,Boy,Santiago,3
2014,Boy,Saul,11
2014,Boy,Scott,23
2014,Boy,Seamus,14
2014,Boy,Sean,92
2014,Boy,Sebastian,23
2014,Boy,Senan,21
2014,Boy,Seth,30
2014,Boy,Shane,28
2014,Boy,Shaun,5
2014,Boy,Shay,21
2014,Boy,Shea,63
2014,Boy,Simon,3
2014,Boy,Sol,3
2014,Boy,Solomon,3
2014,Boy,Sonny,19
2014,Boy,Spencer,3
2014,Boy,Stanley,3
2014,Boy,Stefan,3
2014,Boy,Stephen,18
2014,Boy,Steven,7
2014,Boy,Stuart,4
2014,Boy,Szymon,10
2014,Boy,Tadhg,4
2014,Boy,Tajus,4
2014,Boy,Tate,4
2014,Boy,Taylor,5
2014,Boy,Ted,10
2014,Boy,Teddy,8
2014,Boy,Theo,48
2014,Boy,Theodore,13
2014,Boy,Thomas,147
2014,Boy,Tiarnan,14
2014,Boy,Tiernan,29
2014,Boy,Timothy,6
2014,Boy,Tobias,12
2014,Boy,Toby,22
2014,Boy,Tom,39
2014,Boy,Tomas,24
2014,Boy,Tommy,34
2014,Boy,Tony,3
2014,Boy,Travis,10
2014,Boy,Tristan,8
2014,Boy,Troy,14
2014,Boy,Tyler,32
2014,Boy,Ultan,3
2014,Boy,Victor,3
2014,Boy,Vincent,5
2014,Boy,Will,11
2014,Boy,William,65
2014,Boy,Woody,3
2014,Boy,Xavier,3
2014,Boy,Zac,19
2014,Boy,Zach,46
2014,Boy,Zachariah,3
2014,Boy,Zachary,32
2014,Boy,Zack,10
2014,Boy,Zak,11
2014,Boy,Zane,3
2014,Girl,Aaliyah,8
2014,Girl,Abaigh,3
2014,Girl,Abbey,3
2014,Girl,Abbie,44
2014,Girl,Abby,11
2014,Girl,Abi,5
2014,Girl,Abigail,49
2014,Girl,Adrianna,6
2014,Girl,Aideen,3
2014,Girl,Aimee,38
2014,Girl,Aine,29
2014,Girl,Aisling,9
2014,Girl,Alana,3
2014,Girl,Alanna,12
2014,Girl,Alannah,10
2014,Girl,Alaya,3
2014,Girl,Alba,7
2014,Girl,Aleksandra,7
2014,Girl,Alesha,9
2014,Girl,Alex,9
2014,Girl,Alexa,13
2014,Girl,Alexandra,17
2014,Girl,Alexis,13
2014,Girl,Alice,35
2014,Girl,Alicia,16
2014,Girl,Alicja,3
2014,Girl,Alisha,13
2014,Girl,Alivia,4
2014,Girl,Aliya,3
2014,Girl,Aliyah,3
2014,Girl,Allie,5
2014,Girl,Alysha,3
2014,Girl,Alyssa,7
2014,Girl,Amalia,3
2014,Girl,Amber,46
2014,Girl,Amelia,175
2014,Girl,Amelia-Rose,6
2014,Girl,Amelie,17
2014,Girl,Amie,3
2014,Girl,Amira,7
2014,Girl,Amy,58
2014,Girl,Amy-Rose,4
2014,Girl,Ana,8
2014,Girl,Anabelle,3
2014,Girl,Angel,5
2014,Girl,Angelina,3
2014,Girl,Anna,150
2014,Girl,Anna-Rose,3
2014,Girl,Annabel,16
2014,Girl,Annabelle,29
2014,Girl,Annalise,3
2014,Girl,Annie,73
2014,Girl,Antonia,3
2014,Girl,Antonina,3
2014,Girl,Anya,5
2014,Girl,Aoibh,11
2014,Girl,Aoibhe,18
2014,Girl,Aoibheann,28
2014,Girl,Aoibhin,11
2014,Girl,Aoibhinn,17
2014,Girl,Aoife,132
2014,Girl,Aoife-Rose,4
2014,Girl,April,8
2014,Girl,Arabella,6
2014,Girl,Aria,26
2014,Girl,Ariana,13
2014,Girl,Arianna,9
2014,Girl,Arya,5
2014,Girl,Asha,4
2014,Girl,Ashley,3
2014,Girl,Athena,3
2014,Girl,Aurora,4
2014,Girl,Austeja,5
2014,Girl,Autumn,5
2014,Girl,Ava,117
2014,Girl,Ava-Rose,6
2014,Girl,Avery,3
2014,Girl,Ayda,4
2014,Girl,Ayla,6
2014,Girl,Beatrice,3
2014,Girl,Beau,4
2014,Girl,Bella,47
2014,Girl,Bella-Rose,4
2014,Girl,Belle,6
2014,Girl,Beth,25
2014,Girl,Bethany,24
2014,Girl,Betty,4
2014,Girl,Billie,3
2014,Girl,Blaithin,5
2014,Girl,Blanka,3
2014,Girl,Blathnaid,3
2014,Girl,Bonnie,12
2014,Girl,Brea,3
2014,Girl,Brianna,3
2014,Girl,Bronagh,7
2014,Girl,Brooke,47
2014,Girl,Brooklyn,5
2014,Girl,Cadhla,20
2014,Girl,Caela,5
2014,Girl,Cait,3
2014,Girl,Caitlin,41
2014,Girl,Caitlyn,7
2014,Girl,Cali,3
2014,Girl,Callie,7
2014,Girl,Caoimhe,58
2014,Girl,Cara,87
2014,Girl,Caragh,13
2014,Girl,Carla,3
2014,Girl,Carly,11
2014,Girl,Carragh,4
2014,Girl,Casey,22
2014,Girl,Cassie,20
2014,Girl,Catherine,22
2014,Girl,Cerys,3
2014,Girl,Charley,8
2014,Girl,Charli,4
2014,Girl,Charlie,5
2014,Girl,Charlotte,73
2014,Girl,Chloe,94
2014,Girl,Christina,6
2014,Girl,Cianna,3
2014,Girl,Ciara,23
2014,Girl,Clara,38
2014,Girl,Claragh,3
2014,Girl,Clare,3
2014,Girl,Claudia,7
2014,Girl,Cliodhna,19
2014,Girl,Cliona,5
2014,Girl,Clodagh,33
2014,Girl,Colleen,5
2014,Girl,Connie,23
2014,Girl,Constance,3
2014,Girl,Cora,45
2014,Girl,Courtney,4
2014,Girl,Daisy,34
2014,Girl,Daisy-Mae,3
2014,Girl,Dakota,10
2014,Girl,Darcey,26
2014,Girl,Darci,4
2014,Girl,Darcie,25
2014,Girl,Darcy,36
2014,Girl,Daria,4
2014,Girl,Dearbhla,11
2014,Girl,Delilah,3
2014,Girl,Demi,4
2014,Girl,Eabha,26
2014,Girl,Eadaoin,6
2014,Girl,Ebony,7
2014,Girl,Eden,21
2014,Girl,Edie,6
2014,Girl,Edith,6
2014,Girl,Eibhlin,6
2014,Girl,Eilish,4
2014,Girl,Eimear,49
2014,Girl,Eimhear,5
2014,Girl,Eimile,4
2014,Girl,Eireann,12
2014,Girl,Eirinn,8
2014,Girl,Elayna,5
2014,Girl,Eleanor,5
2014,Girl,Elena,11
2014,Girl,Elija,3
2014,Girl,Elise,4
2014,Girl,Eliza,24
2014,Girl,Elizabeth,27
2014,Girl,Ella,172
2014,Girl,Ella-Rose,14
2014,Girl,Elle,4
2014,Girl,Ellen,38
2014,Girl,Ellie,109
2014,Girl,Ellie-Mae,8
2014,Girl,Ellie-May,4
2014,Girl,Ellie-Rose,5
2014,Girl,Eloise,11
2014,Girl,Elsa,12
2014,Girl,Elsie,20
2014,Girl,Elyse,3
2014,Girl,Ema,4
2014,Girl,Emelia,7
2014,Girl,Emer,6
2014,Girl,Emilee,4
2014,Girl,Emilia,23
2014,Girl,Emilie,13
2014,Girl,Emilija,9
2014,Girl,Emily,261
2014,Girl,Emily-Rose,9
2014,Girl,Emma,105
2014,Girl,Emme,6
2014,Girl,Emmeline,3
2014,Girl,Emmie,8
2014,Girl,Emmy,8
2014,Girl,Enya,10
2014,Girl,Erika,6
2014,Girl,Erin,98
2014,Girl,Esmae,3
2014,Girl,Esme,13
2014,Girl,Esther,9
2014,Girl,Eva,146
2014,Girl,Eve,36
2014,Girl,Evelyn,13
2014,Girl,Evie,91
2014,Girl,Ewa,3
2014,Girl,Fae,3
2014,Girl,Faith,57
2014,Girl,Farah,9
2014,Girl,Farrah,35
2014,Girl,Faye,35
2014,Girl,Felicity,6
2014,Girl,Fia,5
2014,Girl,Fiadh,31
2014,Girl,Fianna,13
2014,Girl,Fiona,4
2014,Girl,Florence,5
2014,Girl,Florie,3
2014,Girl,Francesca,7
2014,Girl,Frankie,5
2014,Girl,Freya,56
2014,Girl,Freyja,3
2014,Girl,Gabija,3
2014,Girl,Gabriela,5
2014,Girl,Gabriella,6
2014,Girl,Gabrielle,6
2014,Girl,Gemma,7
2014,Girl,Georgia,76
2014,Girl,Georgina,4
2014,Girl,Goda,4
2014,Girl,Grace,189
2014,Girl,Gracie,20
2014,Girl,Grainne,6
2014,Girl,Hailey,4
2014,Girl,Hailie,3
2014,Girl,Halle,4
2014,Girl,Hallie,7
2014,Girl,Hanna,13
2014,Girl,Hannah,117
2014,Girl,Harmony,3
2014,Girl,Harper,19
2014,Girl,Harriet,9
2014,Girl,Hayley,5
2014,Girl,Heidi,24
2014,Girl,Hollie,40
2014,Girl,Holly,82
2014,Girl,Honor,5
2014,Girl,Hope,12
2014,Girl,Ida,3
2014,Girl,Imogen,14
2014,Girl,India,5
2014,Girl,Indie,3
2014,Girl,Iona,4
2014,Girl,Iris,6
2014,Girl,Isabel,8
2014,Girl,Isabella,63
2014,Girl,Isabelle,7
2014,Girl,Isibeal,3
2014,Girl,Isla,123
2014,Girl,Isobel,10
2014,Girl,Isobella,4
2014,Girl,Ivy,9
2014,Girl,Izabella,6
2014,Girl,Jade,7
2014,Girl,Jane,7
2014,Girl,Jasmin,3
2014,Girl,Jasmine,24
2014,Girl,Jayla,3
2014,Girl,Jayne,3
2014,Girl,Jemima,3
2014,Girl,Jenna,5
2014,Girl,Jennifer,6
2014,Girl,Jenny,4
2014,Girl,Jessica,123
2014,Girl,Jessie,9
2014,Girl,Joanna,7
2014,Girl,Jodie,8
2014,Girl,Joni,5
2014,Girl,Jorja,9
2014,Girl,Josephine,3
2014,Girl,Josie,3
2014,Girl,Julia,23
2014,Girl,Kacey,5
2014,Girl,Kaci,6
2014,Girl,Kacie,10
2014,Girl,Kaila,4
2014,Girl,Kaitlin,4
2014,Girl,Kaitlyn,8
2014,Girl,Kaja,3
2014,Girl,Kara,10
2014,Girl,Karina,4
2014,Girl,Karla,4
2014,Girl,Karolina,4
2014,Girl,Kasey,7
2014,Girl,Kate,23
2014,Girl,Katelyn,9
2014,Girl,Katherine,13
2014,Girl,Kathleen,3
2014,Girl,Kathryn,8
2014,Girl,Katie,126
2014,Girl,Katie-Rose,3
2014,Girl,Katy,6
2014,Girl,Kayla,37
2014,Girl,Kayleigh,13
2014,Girl,Keeva,5
2014,Girl,Keira,4
2014,Girl,Kelly,4
2014,Girl,Kelsey,9
2014,Girl,Kelsie,6
2014,Girl,Kendall,6
2014,Girl,Kendra,4
2014,Girl,Khloe,9
2014,Girl,Kiana,3
2014,Girl,Klara,5
2014,Girl,Klaudia,4
2014,Girl,Kora,4
2014,Girl,Kornelia,3
2014,Girl,Kyla,9
2014,Girl,Kyra,6
2014,Girl,Lacey,24
2014,Girl,Lacie,6
2014,Girl,Laila,7
2014,Girl,Lainey,4
2014,Girl,Lana,15
2014,Girl,Lara,27
2014,Girl,Laura,24
2014,Girl,Lauren,30
2014,Girl,Layla,34
2014,Girl,Leah,92
2014,Girl,Leila,7
2014,Girl,Leilani,3
2014,Girl,Leja,3
2014,Girl,Lena,17
2014,Girl,Leona,4
2014,Girl,Lexi,40
2014,Girl,Lexie,15
2014,Girl,Libby,6
2014,Girl,Liepa,3
2014,Girl,Lila,5
2014,Girl,Lilah,5
2014,Girl,Lili,3
2014,Girl,Liliana,4
2014,Girl,Lilianna,4
2014,Girl,Lillie,14
2014,Girl,Lilly,21
2014,Girl,Lilly-Rose,4
2014,Girl,Lily,137
2014,Girl,Lily-Mae,9
2014,Girl,Lily-May,5
2014,Girl,Lily-Rose,6
2014,Girl,Lilyanna,3
2014,Girl,Lois,11
2014,Girl,Lola,34
2014,Girl,Lola-Rose,3
2014,Girl,Lori,6
2014,Girl,Lottie,11
2014,Girl,Louisa,5
2014,Girl,Louise,7
2014,Girl,Lucia,28
2014,Girl,Lucie,23
2014,Girl,Lucy,149
2014,Girl,Luka,3
2014,Girl,Luna,7
2014,Girl,Lydia,25
2014,Girl,Lyla,11
2014,Girl,Mabel,3
2014,Girl,Macey,9
2014,Girl,Maci,5
2014,Girl,Macie,10
2014,Girl,Macy,5
2014,Girl,Maddie,15
2014,Girl,Maddison,10
2014,Girl,Madeleine,5
2014,Girl,Madison,26
2014,Girl,Maebh,3
2014,Girl,Maeve,20
2014,Girl,Magdalena,3
2014,Girl,Maggie,11
2014,Girl,Maia,4
2014,Girl,Mairead,5
2014,Girl,Maisey,3
2014,Girl,Maisie,59
2014,Girl,Maisy,13
2014,Girl,Maja,13
2014,Girl,Margaret,4
2014,Girl,Maria,29
2014,Girl,Marianne,3
2014,Girl,Marie,3
2014,Girl,Marnie,4
2014,Girl,Martha,20
2014,Girl,Martyna,4
2014,Girl,Mary,19
2014,Girl,Mary-Jane,4
2014,Girl,Mary-Kate,3
2014,Girl,Matilda,12
2014,Girl,May,4
2014,Girl,Maya,15
2014,Girl,Meabh,30
2014,Girl,Meadow,3
2014,Girl,Meah,3
2014,Girl,Megan,42
2014,Girl,Melissa,7
2014,Girl,Melody,3
2014,Girl,Mia,101
2014,Girl,Mia-Rose,3
2014,Girl,Michaela,8
2014,Girl,Mila,16
2014,Girl,Milana,7
2014,Girl,Miley,8
2014,Girl,Millie,16
2014,Girl,Minnie,3
2014,Girl,Miriam,3
2014,Girl,Mollie,51
2014,Girl,Molly,103
2014,Girl,Morgan,5
2014,Girl,Moya,3
2014,Girl,Muireann,5
2014,Girl,Mya,34
2014,Girl,Myah,5
2014,Girl,Myia,3
2014,Girl,Myla,19
2014,Girl,Nadia,11
2014,Girl,Nadine,3
2014,Girl,Nancy,19
2014,Girl,Naomi,17
2014,Girl,Natalia,8
2014,Girl,Natalie,7
2014,Girl,Natasha,5
2014,Girl,Neasa,3
2014,Girl,Nevaeh,5
2014,Girl,Nia,4
2014,Girl,Niamh,103
2014,Girl,Nicola,5
2014,Girl,Nicole,27
2014,Girl,Nikola,7
2014,Girl,Nina,10
2014,Girl,Nora,4
2014,Girl,Norah,3
2014,Girl,Olive,5
2014,Girl,Olivia,152
2014,Girl,Olivia-Rose,3
2014,Girl,Oliwia,9
2014,Girl,Oonagh,4
2014,Girl,Orla,34
2014,Girl,Orlagh,4
2014,Girl,Orlaith,21
2014,Girl,Paige,25
2014,Girl,Paula,3
2014,Girl,Paulina,4
2014,Girl,Penelope,8
2014,Girl,Penny,23
2014,Girl,Phoebe,39
2014,Girl,Piper,3
2014,Girl,Pippa,17
2014,Girl,Pixie,3
2014,Girl,Poppy,81
2014,Girl,Priya,13
2014,Girl,Quinn,7
2014,Girl,Rachel,25
2014,Girl,Raina,3
2014,Girl,Raven,3
2014,Girl,Raya,4
2014,Girl,Rebecca,45
2014,Girl,Rebekah,22
2014,Girl,Reeva,4
2014,Girl,Regan,4
2014,Girl,Rhea,7
2014,Girl,Rhia,7
2014,Girl,Ria,6
2014,Girl,Riah,4
2014,Girl,Riona,6
2014,Girl,Robin,4
2014,Girl,Robyn,30
2014,Girl,Roise,14
2014,Girl,Roisin,10
2014,Girl,Roma,3
2014,Girl,Rosa,15
2014,Girl,Rose,41
2014,Girl,Rosie,26
2014,Girl,Ruby,103
2014,Girl,Sadhbh,5
2014,Girl,Sadie,18
2014,Girl,Saerlaith,4
2014,Girl,Samanta,3
2014,Girl,Samara,3
2014,Girl,Saoirse,23
2014,Girl,Saorla,3
2014,Girl,Saorlaith,16
2014,Girl,Sara,12
2014,Girl,Sarah,97
2014,Girl,Sarah-Jane,4
2014,Girl,Savannah,9
2014,Girl,Scarlett,82
2014,Girl,Seana,4
2014,Girl,Seren,5
2014,Girl,Serena,4
2014,Girl,Shania,3
2014,Girl,Shannon,10
2014,Girl,Shauna,4
2014,Girl,Siena,3
2014,Girl,Sienna,62
2014,Girl,Sinead,7
2014,Girl,Siofra,8
2014,Girl,Sionainn,3
2014,Girl,Skye,10
2014,Girl,Skyla,5
2014,Girl,Skylar,4
2014,Girl,Skyler,5
2014,Girl,Sofia,64
2014,Girl,Sophia,148
2014,Girl,Sophie,180
2014,Girl,Stella,4
2014,Girl,Stephanie,3
2014,Girl,Summer,21
2014,Girl,Susanna,6
2014,Girl,Tabitha,5
2014,Girl,Talia,4
2014,Girl,Tara,9
2014,Girl,Taylor,11
2014,Girl,Teagan,6
2014,Girl,Tegan,5
2014,Girl,Teja,3
2014,Girl,Tess,9
2014,Girl,Thea,23
2014,Girl,Tia,9
2014,Girl,Tiana,7
2014,Girl,Tianna,4
2014,Girl,Tiarna,4
2014,Girl,Tillie,5
2014,Girl,Tilly,24
2014,Girl,Toni,6
2014,Girl,Tori,3
2014,Girl,Una,3
2014,Girl,Valentina,8
2014,Girl,Vanesa,4
2014,Girl,Vanessa,6
2014,Girl,Victoria,23
2014,Girl,Violet,10
2014,Girl,Wiktoria,4
2014,Girl,Willow,33
2014,Girl,Yasmin,9
2014,Girl,Zara,50
2014,Girl,Zoe,33
2014,Girl,Zoey,4
2014,Girl,Zofia,3
2014,Girl,Zuzanna,10
2015,Boy,Aaron,56
2015,Boy,Abel,8
2015,Boy,Adam,124
2015,Boy,Addison,3
2015,Boy,Adrian,7
2015,Boy,Aidan,35
2015,Boy,Aiden,11
2015,Boy,Aironas,3
2015,Boy,Aj,5
2015,Boy,Alan,17
2015,Boy,Albie,4
2015,Boy,Alec,3
2015,Boy,Alex,59
2015,Boy,Alexander,63
2015,Boy,Alfie,132
2015,Boy,Ali,4
2015,Boy,Andre,3
2015,Boy,Andrew,40
2015,Boy,Angus,6
2015,Boy,Anthony,19
2015,Boy,Antoin,3
2015,Boy,Anton,4
2015,Boy,Antoni,5
2015,Boy,Aodan,3
2015,Boy,Aodhan,47
2015,Boy,Archie,58
2015,Boy,Arlo,10
2015,Boy,Arnas,3
2015,Boy,Arthur,35
2015,Boy,Ashton,8
2015,Boy,Aston,3
2015,Boy,Austin,16
2015,Boy,Bailey,18
2015,Boy,Barney,3
2015,Boy,Barra,4
2015,Boy,Barry,5
2015,Boy,Ben,76
2015,Boy,Benas,4
2015,Boy,Benjamin,57
2015,Boy,Bentley,7
2015,Boy,Bernard,3
2015,Boy,Bertie,3
2015,Boy,Billy,14
2015,Boy,Blake,38
2015,Boy,Bobby,55
2015,Boy,Bradley,9
2015,Boy,Braeden,5
2015,Boy,Brandon,4
2015,Boy,Braxton,3
2015,Boy,Brayden,4
2015,Boy,Brendan,8
2015,Boy,Brian,7
2015,Boy,Brodie,5
2015,Boy,Brody,26
2015,Boy,Brogan,7
2015,Boy,Brooklyn,7
2015,Boy,Bruno,3
2015,Boy,Bryan,6
2015,Boy,Cabhan,3
2015,Boy,Cadain,4
2015,Boy,Cadan,9
2015,Boy,Caden,7
2015,Boy,Caedan,3
2015,Boy,Cael,3
2015,Boy,Caelan,16
2015,Boy,Cahal,3
2015,Boy,Cahir,18
2015,Boy,Cai,3
2015,Boy,Caidan,3
2015,Boy,Caiden,28
2015,Boy,Cain,9
2015,Boy,Caleb,88
2015,Boy,Callan,6
2015,Boy,Callum,90
2015,Boy,Calum,23
2015,Boy,Calvin,16
2015,Boy,Cameron,22
2015,Boy,Caodhan,9
2015,Boy,Caoimhin,22
2015,Boy,Caolan,49
2015,Boy,Carl,3
2015,Boy,Carson,16
2015,Boy,Carter,45
2015,Boy,Casey,6
2015,Boy,Cathain,3
2015,Boy,Cathair,9
2015,Boy,Cathal,14
2015,Boy,Cathan,8
2015,Boy,Cathaoir,8
2015,Boy,Cayden,6
2015,Boy,Charles,22
2015,Boy,Charlie,213
2015,Boy,Che,8
2015,Boy,Christian,12
2015,Boy,Christopher,29
2015,Boy,Cian,49
2015,Boy,Ciaran,31
2015,Boy,Ciarnan,4
2015,Boy,Cillian,88
2015,Boy,Clark,3
2015,Boy,Codie,3
2015,Boy,Cody,32
2015,Boy,Coen,4
2015,Boy,Cohen,20
2015,Boy,Colby,5
2015,Boy,Cole,14
2015,Boy,Colm,5
2015,Boy,Colton,7
2015,Boy,Conal,17
2015,Boy,Conall,26
2015,Boy,Conan,50
2015,Boy,Conchur,4
2015,Boy,Conleth,4
2015,Boy,Conn,8
2015,Boy,Connla,5
2015,Boy,Connor,29
2015,Boy,Conor,115
2015,Boy,Conrad,5
2015,Boy,Cooper,24
2015,Boy,Corbyn,4
2015,Boy,Corey,27
2015,Boy,Corin,3
2015,Boy,Cormac,49
2015,Boy,Cory,3
2015,Boy,Craig,3
2015,Boy,Cristian,3
2015,Boy,Cruz,4
2015,Boy,Cuan,5
2015,Boy,Culann,4
2015,Boy,Curtis,10
2015,Boy,Daire,29
2015,Boy,Daithi,45
2015,Boy,Dalton,3
2015,Boy,Dan,7
2015,Boy,Daniel,188
2015,Boy,Danny,49
2015,Boy,Dara,30
2015,Boy,Daragh,9
2015,Boy,Darius,4
2015,Boy,Darragh,83
2015,Boy,Darren,6
2015,Boy,David,50
2015,Boy,Davin,4
2015,Boy,Dawid,4
2015,Boy,Dawson,11
2015,Boy,Dean,3
2015,Boy,Declan,8
2015,Boy,Dermot,4
2015,Boy,Desmond,4
2015,Boy,Dexter,7
2015,Boy,Diego,3
2015,Boy,Dillon,6
2015,Boy,Dominic,13
2015,Boy,Dominik,13
2015,Boy,Donal,12
2015,Boy,Donnacha,10
2015,Boy,Donncha,5
2015,Boy,Donnchadh,5
2015,Boy,Douglas,4
2015,Boy,Drew,6
2015,Boy,Dubhaltach,3
2015,Boy,Dylan,82
2015,Boy,Eden,3
2015,Boy,Eduard,4
2015,Boy,Edward,23
2015,Boy,Eli,32
2015,Boy,Elias,3
2015,Boy,Elijah,29
2015,Boy,Elliot,7
2015,Boy,Elliott,12
2015,Boy,Ellis,5
2015,Boy,Emmet,12
2015,Boy,Emmett,6
2015,Boy,Enda,14
2015,Boy,Enzo,4
2015,Boy,Eoghan,30
2015,Boy,Eoin,62
2015,Boy,Eric,7
2015,Boy,Erik,4
2015,Boy,Ethan,139
2015,Boy,Euan,4
2015,Boy,Eunan,3
2015,Boy,Evan,26
2015,Boy,Ewan,8
2015,Boy,Ezra,24
2015,Boy,Fabian,5
2015,Boy,Faolan,9
2015,Boy,Felix,6
2015,Boy,Fiachra,6
2015,Boy,Filip,12
2015,Boy,Finbar,4
2015,Boy,Finlay,14
2015,Boy,Finley,12
2015,Boy,Finn,74
2015,Boy,Fintan,6
2015,Boy,Fionn,68
2015,Boy,Fionnan,3
2015,Boy,Fionnbharr,4
2015,Boy,Fionntan,4
2015,Boy,Fletcher,4
2015,Boy,Flynn,18
2015,Boy,Francis,10
2015,Boy,Franciszek,3
2015,Boy,Frank,5
2015,Boy,Frankie,12
2015,Boy,Fraser,4
2015,Boy,Frazer,3
2015,Boy,Freddie,46
2015,Boy,Frederick,4
2015,Boy,Gabriel,18
2015,Boy,Gary,6
2015,Boy,George,58
2015,Boy,Gerard,11
2015,Boy,Guy,4
2015,Boy,Harley,25
2015,Boy,Harris,11
2015,Boy,Harrison,39
2015,Boy,Harry,166
2015,Boy,Harvey,29
2015,Boy,Hayden,10
2015,Boy,Heath,4
2015,Boy,Henry,50
2015,Boy,Hubert,4
2015,Boy,Hudson,7
2015,Boy,Hugh,19
2015,Boy,Hugo,8
2015,Boy,Hunter,13
2015,Boy,Ian,4
2015,Boy,Iarla,3
2015,Boy,Iarlaith,4
2015,Boy,Igor,4
2015,Boy,Isaac,72
2015,Boy,Isaiah,4
2015,Boy,Jace,8
2015,Boy,Jack,261
2015,Boy,Jackson,46
2015,Boy,Jacob,135
2015,Boy,Jaden,7
2015,Boy,Jai,4
2015,Boy,Jaiden,3
2015,Boy,Jake,141
2015,Boy,Jakub,14
2015,Boy,James,300
2015,Boy,Jamie,74
2015,Boy,Jan,7
2015,Boy,Jared,3
2015,Boy,Jason,19
2015,Boy,Jasper,3
2015,Boy,Jax,23
2015,Boy,Jaxon,47
2015,Boy,Jaxson,13
2015,Boy,Jaxx,4
2015,Boy,Jay,29
2015,Boy,Jayce,3
2015,Boy,Jayden,52
2015,Boy,Jayson,3
2015,Boy,Jed,3
2015,Boy,Jensen,10
2015,Boy,Jenson,19
2015,Boy,Jerome,4
2015,Boy,Jesse,8
2015,Boy,Jett,3
2015,Boy,Joe,33
2015,Boy,Joel,39
2015,Boy,Joey,11
2015,Boy,John,65
2015,Boy,John-James,8
2015,Boy,Johnny,11
2015,Boy,Jonah,51
2015,Boy,Jonas,4
2015,Boy,Jonathan,20
2015,Boy,Jordan,13
2015,Boy,Joseph,84
2015,Boy,Josh,33
2015,Boy,Joshua,110
2015,Boy,Josiah,4
2015,Boy,Jude,75
2015,Boy,Jun,3
2015,Boy,Junior,8
2015,Boy,Justin,4
2015,Boy,Justinas,4
2015,Boy,Kacper,12
2015,Boy,Kade,6
2015,Boy,Kaden,5
2015,Boy,Kai,45
2015,Boy,Kaiden,25
2015,Boy,Kain,4
2015,Boy,Kajus,4
2015,Boy,Kaleb,10
2015,Boy,Kane,6
2015,Boy,Karl,3
2015,Boy,Karson,3
2015,Boy,Karter,4
2015,Boy,Kason,3
2015,Boy,Kayden,19
2015,Boy,Keegan,6
2015,Boy,Keelan,9
2015,Boy,Kevin,20
2015,Boy,Kian,24
2015,Boy,Kieran,11
2015,Boy,Killian,13
2015,Boy,Koby,4
2015,Boy,Kodie,3
2015,Boy,Kody,6
2015,Boy,Kolton,3
2015,Boy,Kris,3
2015,Boy,Kylan,4
2015,Boy,Kyle,27
2015,Boy,Kyran,4
2015,Boy,Lachlan,4
2015,Boy,Laughlin,3
2015,Boy,Layton,3
2015,Boy,Lee,7
2015,Boy,Leighton,9
2015,Boy,Lennon,8
2015,Boy,Lennox,5
2015,Boy,Leo,86
2015,Boy,Leon,25
2015,Boy,Leonardo,3
2015,Boy,Levi,12
2015,Boy,Lewis,59
2015,Boy,Leyton,3
2015,Boy,Liam,58
2015,Boy,Lincoln,6
2015,Boy,Lochlainn,4
2015,Boy,Lochlan,4
2015,Boy,Lochlann,7
2015,Boy,Logan,93
2015,Boy,Loghan,3
2015,Boy,Lorcan,48
2015,Boy,Louie,19
2015,Boy,Louis,15
2015,Boy,Luan,3
2015,Boy,Luca,28
2015,Boy,Lucas,75
2015,Boy,Luka,7
2015,Boy,Lukas,8
2015,Boy,Luke,120
2015,Boy,Magnus,3
2015,Boy,Maksymilian,5
2015,Boy,Malachi,3
2015,Boy,Malachy,8
2015,Boy,Malcolm,3
2015,Boy,Marc,9
2015,Boy,Marcel,6
2015,Boy,Marcus,17
2015,Boy,Mark,29
2015,Boy,Markus,3
2015,Boy,Marshall,3
2015,Boy,Martin,12
2015,Boy,Mason,108
2015,Boy,Matas,3
2015,Boy,Matthew,168
2015,Boy,Max,93
2015,Boy,Micah,16
2015,Boy,Miceal,3
2015,Boy,Michael,117
2015,Boy,Michal,6
2015,Boy,Micheal,16
2015,Boy,Miles,8
2015,Boy,Milo,3
2015,Boy,Morgan,5
2015,Boy,Muhammad,5
2015,Boy,Myles,9
2015,Boy,Mylo,4
2015,Boy,Natan,4
2015,Boy,Nathan,59
2015,Boy,Nathaniel,9
2015,Boy,Neitas,3
2015,Boy,Niall,32
2015,Boy,Nicholas,11
2015,Boy,Nico,7
2015,Boy,Nikodem,4
2015,Boy,Noah,225
2015,Boy,Noel,4
2015,Boy,Odhran,60
2015,Boy,Odin,5
2015,Boy,Oisin,109
2015,Boy,Oliver,186
2015,Boy,Olivier,6
2015,Boy,Oliwier,4
2015,Boy,Ollie,88
2015,Boy,Olly,25
2015,Boy,Oran,19
2015,Boy,Oscar,73
2015,Boy,Oskar,8
2015,Boy,Owen,31
2015,Boy,Paddy,7
2015,Boy,Padraig,25
2015,Boy,Paidi,7
2015,Boy,Parker,18
2015,Boy,Patrick,85
2015,Boy,Patryk,4
2015,Boy,Paul,21
2015,Boy,Pauric,3
2015,Boy,Peadar,7
2015,Boy,Pearse,12
2015,Boy,Peter,37
2015,Boy,Philip,12
2015,Boy,Phoenix,3
2015,Boy,Pierce,3
2015,Boy,Preston,10
2015,Boy,Quinn,7
2015,Boy,Rafael,6
2015,Boy,Ralph,4
2015,Boy,Ray,3
2015,Boy,Reagan,4
2015,Boy,Reece,14
2015,Boy,Regan,4
2015,Boy,Reilly,3
2015,Boy,Reuben,65
2015,Boy,Rhys,29
2015,Boy,Rian,8
2015,Boy,Richard,7
2015,Boy,Richie,3
2015,Boy,Riley,56
2015,Boy,Rio,6
2015,Boy,Robbie,14
2015,Boy,Robert,28
2015,Boy,Robin,10
2015,Boy,Rocco,3
2015,Boy,Rogan,7
2015,Boy,Rohan,4
2015,Boy,Rokas,3
2015,Boy,Roman,4
2015,Boy,Ronan,74
2015,Boy,Ronin,3
2015,Boy,Rory,44
2015,Boy,Ross,14
2015,Boy,Rossa,14
2015,Boy,Rowan,13
2015,Boy,Ruadhan,5
2015,Boy,Ruairi,26
2015,Boy,Ruben,12
2015,Boy,Rudi,5
2015,Boy,Rudy,3
2015,Boy,Ryan,102
2015,Boy,Rylee,4
2015,Boy,Rylie,3
2015,Boy,Sam,29
2015,Boy,Sammy,3
2015,Boy,Samson,4
2015,Boy,Samuel,62
2015,Boy,Santiago,3
2015,Boy,Saul,8
2015,Boy,Scott,9
2015,Boy,Se,5
2015,Boy,Seamus,6
2015,Boy,Sean,73
2015,Boy,Sebastian,29
2015,Boy,Senan,15
2015,Boy,Seth,43
2015,Boy,Shane,22
2015,Boy,Shaun,3
2015,Boy,Shay,11
2015,Boy,Shea,78
2015,Boy,Simon,7
2015,Boy,Solomon,4
2015,Boy,Sonny,7
2015,Boy,Spencer,5
2015,Boy,Stanley,4
2015,Boy,Stefan,3
2015,Boy,Stephen,23
2015,Boy,Steven,7
2015,Boy,Stuart,5
2015,Boy,Tadhg,3
2015,Boy,Taylor,10
2015,Boy,Ted,5
2015,Boy,Teddy,13
2015,Boy,Terence,4
2015,Boy,Theo,58
2015,Boy,Theodor,3
2015,Boy,Theodore,10
2015,Boy,Thomas,157
2015,Boy,Tiarnan,11
2015,Boy,Tiernan,16
2015,Boy,Timothy,9
2015,Boy,Tobias,9
2015,Boy,Toby,22
2015,Boy,Tom,47
2015,Boy,Tomas,18
2015,Boy,Tommy,34
2015,Boy,Tony,8
2015,Boy,Travis,4
2015,Boy,Tristan,6
2015,Boy,Troy,7
2015,Boy,Ty,3
2015,Boy,Tyler,41
2015,Boy,Tymon,3
2015,Boy,Victor,4
2015,Boy,Vincent,7
2015,Boy,Wesley,3
2015,Boy,Will,12
2015,Boy,William,60
2015,Boy,Wojciech,3
2015,Boy,Wyatt,4
2015,Boy,Xander,5
2015,Boy,Zac,19
2015,Boy,Zach,34
2015,Boy,Zachariah,6
2015,Boy,Zachary,37
2015,Boy,Zack,15
2015,Boy,Zak,3
2015,Boy,Zander,3
2015,Boy,Zayn,3
2015,Girl,Aaliyah,10
2015,Girl,Abaigh,3
2015,Girl,Abbey,3
2015,Girl,Abbie,39
2015,Girl,Abi,8
2015,Girl,Abigail,73
2015,Girl,Ada,4
2015,Girl,Addison,3
2015,Girl,Adele,4
2015,Girl,Aibhlinn,3
2015,Girl,Aimee,37
2015,Girl,Aine,20
2015,Girl,Aisha,3
2015,Girl,Aisling,11
2015,Girl,Aislinn,4
2015,Girl,Alana,7
2015,Girl,Alanna,7
2015,Girl,Alannah,12
2015,Girl,Aleksandra,5
2015,Girl,Alesha,3
2015,Girl,Alex,10
2015,Girl,Alexa,13
2015,Girl,Alexandra,24
2015,Girl,Alexis,14
2015,Girl,Alice,38
2015,Girl,Alicia,11
2015,Girl,Alicja,10
2015,Girl,Alisha,6
2015,Girl,Alivia,7
2015,Girl,Allie,3
2015,Girl,Alyssa,14
2015,Girl,Amber,40
2015,Girl,Amelia,149
2015,Girl,Amelia-Lily,3
2015,Girl,Amelia-Rose,9
2015,Girl,Amelie,13
2015,Girl,Amira,6
2015,Girl,Amirah,4
2015,Girl,Amy,44
2015,Girl,Ana,7
2015,Girl,Anais,3
2015,Girl,Anastazja,3
2015,Girl,Angel,6
2015,Girl,Anna,152
2015,Girl,Anna-Mae,3
2015,Girl,Annabel,8
2015,Girl,Annabella,3
2015,Girl,Annabelle,31
2015,Girl,Annalise,5
2015,Girl,Anne,4
2015,Girl,Annie,81
2015,Girl,Antonia,3
2015,Girl,Antonina,5
2015,Girl,Aoibh,8
2015,Girl,Aoibhe,23
2015,Girl,Aoibheann,44
2015,Girl,Aoibhin,6
2015,Girl,Aoibhinn,19
2015,Girl,Aoife,147
2015,Girl,April,7
2015,Girl,Arabella,5
2015,Girl,Aria,42
2015,Girl,Ariah,5
2015,Girl,Ariana,8
2015,Girl,Arianna,12
2015,Girl,Arya,7
2015,Girl,Aubree,7
2015,Girl,Aurora,5
2015,Girl,Autumn,16
2015,Girl,Ava,141
2015,Girl,Ava-Grace,4
2015,Girl,Ava-Rose,7
2015,Girl,Avery,3
2015,Girl,Ayda,4
2015,Girl,Ayla,16
2015,Girl,Ayva,3
2015,Girl,Beatrice,5
2015,Girl,Bella,53
2015,Girl,Belle,3
2015,Girl,Bernadette,3
2015,Girl,Beth,31
2015,Girl,Bethany,24
2015,Girl,Blaithin,6
2015,Girl,Blathnaid,4
2015,Girl,Bobbi,4
2015,Girl,Bonnie,12
2015,Girl,Brianna,4
2015,Girl,Brona,3
2015,Girl,Bronagh,4
2015,Girl,Brooke,32
2015,Girl,Brooklyn,6
2015,Girl,Cadhla,18
2015,Girl,Cait,7
2015,Girl,Caitlin,57
2015,Girl,Caitlyn,4
2015,Girl,Callie,8
2015,Girl,Caoimhe,55
2015,Girl,Cara,104
2015,Girl,Caragh,7
2015,Girl,Carla,6
2015,Girl,Carly,7
2015,Girl,Caroline,4
2015,Girl,Carrie,4
2015,Girl,Casey,16
2015,Girl,Casey-Leigh,3
2015,Girl,Cassie,27
2015,Girl,Catherine,21
2015,Girl,Charley,6
2015,Girl,Charlie,8
2015,Girl,Charlotte,73
2015,Girl,Chloe,115
2015,Girl,Christina,3
2015,Girl,Ciara,24
2015,Girl,Claire,5
2015,Girl,Clara,62
2015,Girl,Clare,3
2015,Girl,Claudia,6
2015,Girl,Cliodhna,17
2015,Girl,Cliona,8
2015,Girl,Clodagh,45
2015,Girl,Connie,24
2015,Girl,Cora,36
2015,Girl,Corina,3
2015,Girl,Courtney,6
2015,Girl,Cuisle,3
2015,Girl,Daisy,38
2015,Girl,Dakota,12
2015,Girl,Dara,5
2015,Girl,Darcey,16
2015,Girl,Darci,5
2015,Girl,Darcie,21
2015,Girl,Darcy,37
2015,Girl,Dearbhla,10
2015,Girl,Deirbhile,3
2015,Girl,Demi,3
2015,Girl,Denise,3
2015,Girl,Devon,3
2015,Girl,Diana,5
2015,Girl,Eabha,31
2015,Girl,Eadaoin,4
2015,Girl,Ebony,6
2015,Girl,Eden,16
2015,Girl,Edith,8
2015,Girl,Effie,4
2015,Girl,Eibhleann,3
2015,Girl,Eibhlin,3
2015,Girl,Eileen,3
2015,Girl,Eilis,3
2015,Girl,Eimear,38
2015,Girl,Eimer,3
2015,Girl,Eimhear,3
2015,Girl,Eimile,4
2015,Girl,Eireann,18
2015,Girl,Eirinn,7
2015,Girl,Eleanor,10
2015,Girl,Elena,15
2015,Girl,Eliana,4
2015,Girl,Elija,3
2015,Girl,Elise,4
2015,Girl,Elisha,4
2015,Girl,Eliza,15
2015,Girl,Elizabeth,25
2015,Girl,Ella,197
2015,Girl,Ella-Jane,3
2015,Girl,Ella-May,4
2015,Girl,Ella-Rose,17
2015,Girl,Elle,6
2015,Girl,Ellen,28
2015,Girl,Ellie,114
2015,Girl,Ellie-Mae,10
2015,Girl,Ellie-May,8
2015,Girl,Ellie-Rose,4
2015,Girl,Ellis,4
2015,Girl,Eloise,5
2015,Girl,Elsa,9
2015,Girl,Elsie,15
2015,Girl,Ema,4
2015,Girl,Emelia,8
2015,Girl,Emelie,3
2015,Girl,Emer,12
2015,Girl,Emilia,18
2015,Girl,Emilie,17
2015,Girl,Emilija,3
2015,Girl,Emily,233
2015,Girl,Emily-Rose,6
2015,Girl,Emma,104
2015,Girl,Emme,3
2015,Girl,Emmie,8
2015,Girl,Emmy,3
2015,Girl,Enya,8
2015,Girl,Erica,7
2015,Girl,Erika,3
2015,Girl,Erin,87
2015,Girl,Eryn,4
2015,Girl,Esme,16
2015,Girl,Esmee,9
2015,Girl,Esther,4
2015,Girl,Etain,3
2015,Girl,Eva,132
2015,Girl,Eva-Rose,5
2015,Girl,Evanna,3
2015,Girl,Eve,29
2015,Girl,Evelina,3
2015,Girl,Evelyn,16
2015,Girl,Evie,82
2015,Girl,Faith,31
2015,Girl,Farah,9
2015,Girl,Farrah,27
2015,Girl,Faye,38
2015,Girl,Felicity,5
2015,Girl,Fia,6
2015,Girl,Fiadh,43
2015,Girl,Fianna,23
2015,Girl,Florence,16
2015,Girl,Francesca,7
2015,Girl,Frankie,9
2015,Girl,Freya,80
2015,Girl,Freyja,4
2015,Girl,Gabriela,7
2015,Girl,Gabriella,8
2015,Girl,Gabrielle,3
2015,Girl,Georgia,53
2015,Girl,Georgie,6
2015,Girl,Georgina,4
2015,Girl,Grace,192
2015,Girl,Gracie,31
2015,Girl,Grainne,8
2015,Girl,Hailey,6
2015,Girl,Hallie,3
2015,Girl,Hanna,6
2015,Girl,Hannah,98
2015,Girl,Harley,3
2015,Girl,Harper,35
2015,Girl,Harriet,16
2015,Girl,Hayley,8
2015,Girl,Hazel,4
2015,Girl,Heidi,41
2015,Girl,Helena,6
2015,Girl,Hollie,45
2015,Girl,Holly,58
2015,Girl,Hope,12
2015,Girl,Imogen,22
2015,Girl,Iona,6
2015,Girl,Isabel,6
2015,Girl,Isabella,78
2015,Girl,Isabelle,13
2015,Girl,Isla,121
2015,Girl,Isobel,10
2015,Girl,Isobella,4
2015,Girl,Ivy,20
2015,Girl,Izabella,4
2015,Girl,Jacinta,3
2015,Girl,Jade,5
2015,Girl,Jamie,3
2015,Girl,Jane,10
2015,Girl,Jasmin,3
2015,Girl,Jasmine,19
2015,Girl,Jazmine,3
2015,Girl,Jemima,4
2015,Girl,Jenna,6
2015,Girl,Jennifer,6
2015,Girl,Jenny,3
2015,Girl,Jersey,3
2015,Girl,Jessica,138
2015,Girl,Jessie,9
2015,Girl,Joanna,3
2015,Girl,Joanne,5
2015,Girl,Jodie,8
2015,Girl,Jorgia,3
2015,Girl,Jorja,10
2015,Girl,Josie,7
2015,Girl,Julia,26
2015,Girl,Juliet,4
2015,Girl,Juliette,5
2015,Girl,Juno,4
2015,Girl,Kacey,5
2015,Girl,Kaci,5
2015,Girl,Kacie,5
2015,Girl,Kacie-Leigh,3
2015,Girl,Kaia,3
2015,Girl,Kaitlin,5
2015,Girl,Kaitlyn,6
2015,Girl,Kara,9
2015,Girl,Karolina,3
2015,Girl,Kate,31
2015,Girl,Katelyn,6
2015,Girl,Katherine,9
2015,Girl,Kathleen,5
2015,Girl,Kathryn,5
2015,Girl,Katie,106
2015,Girl,Katie-Rose,3
2015,Girl,Kaya,4
2015,Girl,Kayla,25
2015,Girl,Kaylee,5
2015,Girl,Kayleigh,7
2015,Girl,Keela,3
2015,Girl,Keira,4
2015,Girl,Kelsey,3
2015,Girl,Kelsie,4
2015,Girl,Kerry,4
2015,Girl,Khaleesi,4
2015,Girl,Khloe,10
2015,Girl,Kiera,6
2015,Girl,Kirsten,3
2015,Girl,Klaudia,3
2015,Girl,Kristina,4
2015,Girl,Kyla,6
2015,Girl,Kyna,3
2015,Girl,Kyra,13
2015,Girl,Lacey,20
2015,Girl,Lacie,10
2015,Girl,Lana,19
2015,Girl,Laoise,6
2015,Girl,Lara,16
2015,Girl,Larissa,3
2015,Girl,Laura,18
2015,Girl,Lauren,40
2015,Girl,Layla,37
2015,Girl,Lea,5
2015,Girl,Leah,71
2015,Girl,Leigha,4
2015,Girl,Leila,3
2015,Girl,Leja,6
2015,Girl,Lena,16
2015,Girl,Lexi,33
2015,Girl,Lexi-Rose,3
2015,Girl,Lexie,12
2015,Girl,Leyla,5
2015,Girl,Libby,8
2015,Girl,Lila,6
2015,Girl,Lilah,5
2015,Girl,Liliana,10
2015,Girl,Lillie,17
2015,Girl,Lillie-Mae,3
2015,Girl,Lilly,18
2015,Girl,Lilly-Rose,3
2015,Girl,Lily,121
2015,Girl,Lily-Ann,3
2015,Girl,Lily-Mae,5
2015,Girl,Lily-May,3
2015,Girl,Lily-Rose,11
2015,Girl,Lois,5
2015,Girl,Lola,27
2015,Girl,Lori,6
2015,Girl,Lottie,14
2015,Girl,Louisa,5
2015,Girl,Louise,4
2015,Girl,Lucia,17
2015,Girl,Lucie,12
2015,Girl,Lucy,146
2015,Girl,Luna,3
2015,Girl,Lydia,23
2015,Girl,Lyla,14
2015,Girl,Macey,6
2015,Girl,Maci,8
2015,Girl,Macie,9
2015,Girl,Macy,5
2015,Girl,Maddie,7
2015,Girl,Maddison,13
2015,Girl,Madeleine,6
2015,Girl,Madeline,3
2015,Girl,Madison,24
2015,Girl,Maeve,17
2015,Girl,Maggie,9
2015,Girl,Maia,8
2015,Girl,Mairead,3
2015,Girl,Maisie,52
2015,Girl,Maisy,11
2015,Girl,Maja,15
2015,Girl,Margaret,5
2015,Girl,Maria,32
2015,Girl,Marie,3
2015,Girl,Marilyn,3
2015,Girl,Marley,4
2015,Girl,Martha,21
2015,Girl,Mary,20
2015,Girl,Mary-Kate,3
2015,Girl,Matilda,17
2015,Girl,May,3
2015,Girl,Maya,24
2015,Girl,Mayah,3
2015,Girl,Mea,5
2015,Girl,Meabh,36
2015,Girl,Meadow,3
2015,Girl,Meah,4
2015,Girl,Megan,40
2015,Girl,Meghan,4
2015,Girl,Melanie,4
2015,Girl,Melissa,6
2015,Girl,Mia,124
2015,Girl,Mia-Rose,4
2015,Girl,Michaela,8
2015,Girl,Mikayla,5
2015,Girl,Mila,22
2015,Girl,Milah,3
2015,Girl,Milana,4
2015,Girl,Miley,12
2015,Girl,Millie,12
2015,Girl,Minnie,4
2015,Girl,Mollie,46
2015,Girl,Molly,76
2015,Girl,Molly-Rose,3
2015,Girl,Moya,3
2015,Girl,Mya,38
2015,Girl,Myah,3
2015,Girl,Myla,18
2015,Girl,Mylie,4
2015,Girl,Nadia,6
2015,Girl,Nancy,14
2015,Girl,Naoimh,3
2015,Girl,Naoise,8
2015,Girl,Naomi,26
2015,Girl,Natalia,12
2015,Girl,Natalie,8
2015,Girl,Natasha,4
2015,Girl,Neala,3
2015,Girl,Neasa,3
2015,Girl,Nevaeh,9
2015,Girl,Nia,7
2015,Girl,Niamh,89
2015,Girl,Nicola,3
2015,Girl,Nicole,20
2015,Girl,Nikola,3
2015,Girl,Nina,15
2015,Girl,Nola,3
2015,Girl,Nora,6
2015,Girl,Nuala,3
2015,Girl,Nyla,3
2015,Girl,Olivia,153
2015,Girl,Olivia-Rose,3
2015,Girl,Oonagh,5
2015,Girl,Orla,27
2015,Girl,Orlagh,9
2015,Girl,Orlaith,28
2015,Girl,Paige,42
2015,Girl,Penelope,7
2015,Girl,Pennie,3
2015,Girl,Penny,18
2015,Girl,Peyton,3
2015,Girl,Phoebe,50
2015,Girl,Piper,5
2015,Girl,Pippa,20
2015,Girl,Pixie,3
2015,Girl,Polly,4
2015,Girl,Poppie,3
2015,Girl,Poppy,74
2015,Girl,Priya,10
2015,Girl,Pyper,4
2015,Girl,Quinn,8
2015,Girl,Rachael,6
2015,Girl,Rachel,33
2015,Girl,Raya,3
2015,Girl,Rebecca,41
2015,Girl,Rebeka,4
2015,Girl,Rebekah,15
2015,Girl,Reeva,9
2015,Girl,Regan,3
2015,Girl,Rhea,10
2015,Girl,Rhia,3
2015,Girl,Ria,3
2015,Girl,Riley,4
2015,Girl,Rioghnach,3
2015,Girl,Rionach,4
2015,Girl,Robyn,34
2015,Girl,Roise,20
2015,Girl,Roisin,12
2015,Girl,Romy,3
2015,Girl,Rosa,42
2015,Girl,Rose,39
2015,Girl,Rosie,34
2015,Girl,Rubi,3
2015,Girl,Ruby,86
2015,Girl,Ruth,6
2015,Girl,Sadhbh,6
2015,Girl,Sadie,22
2015,Girl,Saerlaith,5
2015,Girl,Sally,5
2015,Girl,Samantha,6
2015,Girl,Saoirse,29
2015,Girl,Saorlaith,11
2015,Girl,Sara,13
2015,Girl,Sarah,75
2015,Girl,Savannah,13
2015,Girl,Scarlet,4
2015,Girl,Scarlett,74
2015,Girl,Seren,5
2015,Girl,Serena,5
2015,Girl,Shania,3
2015,Girl,Shannon,12
2015,Girl,Shauna,3
2015,Girl,Sian,3
2015,Girl,Sienna,42
2015,Girl,Sinead,6
2015,Girl,Skye,19
2015,Girl,Skyla,3
2015,Girl,Skylar,5
2015,Girl,Skyler,6
2015,Girl,Sofia,51
2015,Girl,Sofie,4
2015,Girl,Sofija,4
2015,Girl,Sophia,135
2015,Girl,Sophie,179
2015,Girl,Sorcha,8
2015,Girl,Stella,7
2015,Girl,Stevie,3
2015,Girl,Summer,13
2015,Girl,Susanna,4
2015,Girl,Suzanne,3
2015,Girl,Tabitha,3
2015,Girl,Talia,3
2015,Girl,Tara,9
2015,Girl,Taylor,11
2015,Girl,Teagan,8
2015,Girl,Tegan,3
2015,Girl,Teja,3
2015,Girl,Tess,4
2015,Girl,Tessa,5
2015,Girl,Thea,19
2015,Girl,Tia,4
2015,Girl,Tiana,4
2015,Girl,Tierna,3
2015,Girl,Tiffany,3
2015,Girl,Tillie,6
2015,Girl,Tilly,19
2015,Girl,Tori,5
2015,Girl,Una,4
2015,Girl,Ursula,4
2015,Girl,Valentina,3
2015,Girl,Vanessa,5
2015,Girl,Victoria,17
2015,Girl,Vilte,4
2015,Girl,Violet,13
2015,Girl,Vivien,3
2015,Girl,Vivienne,5
2015,Girl,Weronika,3
2015,Girl,Wiktoria,6
2015,Girl,Willow,27
2015,Girl,Yasmin,5
2015,Girl,Zara,48
2015,Girl,Zara-Rose,4
2015,Girl,Zoe,31
2015,Girl,Zoey,3
2015,Girl,Zofia,4
2015,Girl,Zuzanna,11
2016,Boy,Aarav,3
2016,Boy,Aaron,61
2016,Boy,Abel,7
2016,Boy,Adam,108
2016,Boy,Adrian,8
2016,Boy,Aedan,6
2016,Boy,Ahmed,4
2016,Boy,Aidan,46
2016,Boy,Aiden,15
2016,Boy,Aj,4
2016,Boy,Alan,13
2016,Boy,Albie,5
2016,Boy,Alec,3
2016,Boy,Alex,50
2016,Boy,Alexander,68
2016,Boy,Alfie,139
2016,Boy,Alfred,4
2016,Boy,Andrew,17
2016,Boy,Angus,4
2016,Boy,Anthony,24
2016,Boy,Antoin,5
2016,Boy,Anton,4
2016,Boy,Antoni,5
2016,Boy,Antonio,5
2016,Boy,Aodhan,47
2016,Boy,Archer,4
2016,Boy,Archie,57
2016,Boy,Ardan,3
2016,Boy,Arlo,18
2016,Boy,Armandas,3
2016,Boy,Aron,3
2016,Boy,Aronas,3
2016,Boy,Arthur,56
2016,Boy,Ashton,10
2016,Boy,Austin,26
2016,Boy,Bailey,6
2016,Boy,Barra,10
2016,Boy,Barry,4
2016,Boy,Beau,8
2016,Boy,Ben,65
2016,Boy,Benas,7
2016,Boy,Benjamin,57
2016,Boy,Bentley,8
2016,Boy,Bernard,3
2016,Boy,Billy,8
2016,Boy,Bjorn,3
2016,Boy,Blair,3
2016,Boy,Blake,31
2016,Boy,Bobbie,4
2016,Boy,Bobby,43
2016,Boy,Bodhi,3
2016,Boy,Bowie,3
2016,Boy,Bradan,6
2016,Boy,Braden,3
2016,Boy,Bradley,15
2016,Boy,Brandon,5
2016,Boy,Brendan,7
2016,Boy,Brian,7
2016,Boy,Brodie,12
2016,Boy,Brody,32
2016,Boy,Brogan,7
2016,Boy,Brooklyn,5
2016,Boy,Cadain,4
2016,Boy,Cadan,4
2016,Boy,Caden,6
2016,Boy,Caedan,4
2016,Boy,Caelan,4
2016,Boy,Caelum,3
2016,Boy,Cahal,4
2016,Boy,Cahan,4
2016,Boy,Cahir,25
2016,Boy,Caiden,21
2016,Boy,Cain,5
2016,Boy,Caleb,92
2016,Boy,Callan,10
2016,Boy,Callum,74
2016,Boy,Calum,13
2016,Boy,Calvin,11
2016,Boy,Cameron,11
2016,Boy,Caodhan,5
2016,Boy,Caoilte,4
2016,Boy,Caoimhin,13
2016,Boy,Caolan,49
2016,Boy,Carson,17
2016,Boy,Carter,54
2016,Boy,Casey,10
2016,Boy,Cathair,5
2016,Boy,Cathal,18
2016,Boy,Cathan,5
2016,Boy,Cathaoir,6
2016,Boy,Cayden,13
2016,Boy,Charles,20
2016,Boy,Charlie,204
2016,Boy,Che,6
2016,Boy,Christian,11
2016,Boy,Christopher,25
2016,Boy,Cian,60
2016,Boy,Ciaran,29
2016,Boy,Cillian,79
2016,Boy,Clarke,4
2016,Boy,Coby,6
2016,Boy,Cody,27
2016,Boy,Coen,8
2016,Boy,Cohan,6
2016,Boy,Cohen,19
2016,Boy,Cole,21
2016,Boy,Colm,6
2016,Boy,Colton,10
2016,Boy,Conal,10
2016,Boy,Conall,22
2016,Boy,Conan,48
2016,Boy,Conlan,3
2016,Boy,Conleth,3
2016,Boy,Conn,7
2016,Boy,Connla,5
2016,Boy,Connor,29
2016,Boy,Conor,100
2016,Boy,Cooper,23
2016,Boy,Corey,33
2016,Boy,Cormac,38
2016,Boy,Cory,3
2016,Boy,Cruz,6
2016,Boy,Cuan,3
2016,Boy,Culann,3
2016,Boy,Curtis,8
2016,Boy,Daire,45
2016,Boy,Daithi,55
2016,Boy,Dale,4
2016,Boy,Daley,3
2016,Boy,Damian,5
2016,Boy,Damien,5
2016,Boy,Dan,4
2016,Boy,Danann,5
2016,Boy,Daniel,159
2016,Boy,Danny,33
2016,Boy,Dara,31
2016,Boy,Daragh,5
2016,Boy,Darragh,70
2016,Boy,Darren,5
2016,Boy,David,49
2016,Boy,Davin,8
2016,Boy,Dawson,9
2016,Boy,Deacon,3
2016,Boy,Declan,13
2016,Boy,Deividas,3
2016,Boy,Dennis,3
2016,Boy,Denver,4
2016,Boy,Dexter,6
2016,Boy,Dillon,8
2016,Boy,Domas,4
2016,Boy,Domhnall,3
2016,Boy,Dominic,11
2016,Boy,Dominik,8
2016,Boy,Dominiks,3
2016,Boy,Donal,5
2016,Boy,Donnacha,21
2016,Boy,Donncha,3
2016,Boy,Donnchadh,5
2016,Boy,Drew,6
2016,Boy,Dylan,76
2016,Boy,Eamon,4
2016,Boy,Eamonn,4
2016,Boy,Eanna,3
2016,Boy,Eddie,5
2016,Boy,Edward,23
2016,Boy,Eli,25
2016,Boy,Elias,6
2016,Boy,Elijah,39
2016,Boy,Elliot,9
2016,Boy,Elliott,12
2016,Boy,Ellis,8
2016,Boy,Emmet,9
2016,Boy,Emmett,7
2016,Boy,Enda,14
2016,Boy,Eoghan,28
2016,Boy,Eoin,51
2016,Boy,Eric,8
2016,Boy,Ernie,4
2016,Boy,Ethan,137
2016,Boy,Euan,9
2016,Boy,Eunan,4
2016,Boy,Evan,24
2016,Boy,Ewan,6
2016,Boy,Ezra,37
2016,Boy,Fabian,3
2016,Boy,Faolan,6
2016,Boy,Feilim,3
2016,Boy,Felix,5
2016,Boy,Fergus,3
2016,Boy,Fiachra,6
2016,Boy,Filip,14
2016,Boy,Finbar,4
2016,Boy,Finlay,30
2016,Boy,Finley,7
2016,Boy,Finn,84
2016,Boy,Finnian,4
2016,Boy,Fintan,13
2016,Boy,Fionn,60
2016,Boy,Fionnan,3
2016,Boy,Fionnbharr,3
2016,Boy,Fionntan,6
2016,Boy,Fletcher,5
2016,Boy,Flynn,11
2016,Boy,Francis,11
2016,Boy,Frank,8
2016,Boy,Frankie,14
2016,Boy,Fraser,5
2016,Boy,Freddie,58
2016,Boy,Freddy,6
2016,Boy,Frederick,3
2016,Boy,Fynn,3
2016,Boy,Gabriel,21
2016,Boy,Gareth,3
2016,Boy,Gary,6
2016,Boy,George,47
2016,Boy,Gerard,19
2016,Boy,Grayson,6
2016,Boy,Harley,20
2016,Boy,Harper,6
2016,Boy,Harris,4
2016,Boy,Harrison,34
2016,Boy,Harry,188
2016,Boy,Harvey,44
2016,Boy,Hayden,5
2016,Boy,Henry,53
2016,Boy,Hudson,7
2016,Boy,Hugh,15
2016,Boy,Hugo,11
2016,Boy,Hunter,10
2016,Boy,Iarla,4
2016,Boy,Igor,3
2016,Boy,Isaac,89
2016,Boy,Ivan,3
2016,Boy,Jace,7
2016,Boy,Jack,243
2016,Boy,Jackson,47
2016,Boy,Jacob,173
2016,Boy,Jaden,5
2016,Boy,Jaiden,3
2016,Boy,Jake,110
2016,Boy,Jakub,9
2016,Boy,James,254
2016,Boy,Jamie,74
2016,Boy,Jan,6
2016,Boy,Jarlath,6
2016,Boy,Jason,13
2016,Boy,Jasper,7
2016,Boy,Jax,21
2016,Boy,Jaxon,63
2016,Boy,Jaxson,13
2016,Boy,Jaxx,5
2016,Boy,Jay,32
2016,Boy,Jayce,4
2016,Boy,Jayden,39
2016,Boy,Jensen,6
2016,Boy,Jenson,25
2016,Boy,Jesse,20
2016,Boy,Jim,3
2016,Boy,Jimmy,5
2016,Boy,Joe,15
2016,Boy,Joel,33
2016,Boy,Joey,13
2016,Boy,John,64
2016,Boy,Johnny,8
2016,Boy,Jokubas,3
2016,Boy,Jonah,44
2016,Boy,Jonas,4
2016,Boy,Jonathan,17
2016,Boy,Jordan,17
2016,Boy,Joseph,91
2016,Boy,Josh,30
2016,Boy,Joshua,109
2016,Boy,Josiah,8
2016,Boy,Judah,7
2016,Boy,Jude,85
2016,Boy,Julian,3
2016,Boy,Junior,8
2016,Boy,Justin,3
2016,Boy,Kacper,6
2016,Boy,Kaelan,4
2016,Boy,Kai,39
2016,Boy,Kaidan,3
2016,Boy,Kaiden,23
2016,Boy,Kajetan,3
2016,Boy,Kajus,6
2016,Boy,Kaleb,7
2016,Boy,Kane,5
2016,Boy,Karl,3
2016,Boy,Karter,5
2016,Boy,Kasper,3
2016,Boy,Kayden,21
2016,Boy,Kayson,4
2016,Boy,Kealan,3
2016,Boy,Keegan,3
2016,Boy,Keelan,5
2016,Boy,Kenzie,3
2016,Boy,Kevin,9
2016,Boy,Kian,18
2016,Boy,Kieran,6
2016,Boy,Killian,9
2016,Boy,Kobi,3
2016,Boy,Kody,4
2016,Boy,Kolton,3
2016,Boy,Korey,3
2016,Boy,Kruz,4
2016,Boy,Kurtis,4
2016,Boy,Kyle,28
2016,Boy,Lachlan,3
2016,Boy,Lee,3
2016,Boy,Leighton,7
2016,Boy,Lennon,3
2016,Boy,Lennox,6
2016,Boy,Leo,123
2016,Boy,Leon,33
2016,Boy,Leonardo,4
2016,Boy,Levi,18
2016,Boy,Lewis,45
2016,Boy,Liam,41
2016,Boy,Lincoln,9
2016,Boy,Lochlain,3
2016,Boy,Lochlainn,8
2016,Boy,Lochlan,14
2016,Boy,Lochlann,7
2016,Boy,Logan,86
2016,Boy,Loghan,3
2016,Boy,Lorcan,40
2016,Boy,Louie,16
2016,Boy,Louis,21
2016,Boy,Luca,29
2016,Boy,Lucas,75
2016,Boy,Luka,3
2016,Boy,Lukas,11
2016,Boy,Luke,121
2016,Boy,Maddox,4
2016,Boy,Maison,3
2016,Boy,Maksymilian,5
2016,Boy,Malachi,7
2016,Boy,Malachy,14
2016,Boy,Marc,7
2016,Boy,Marcel,6
2016,Boy,Marcus,9
2016,Boy,Mark,22
2016,Boy,Markus,4
2016,Boy,Marley,4
2016,Boy,Marshall,5
2016,Boy,Martin,15
2016,Boy,Mason,100
2016,Boy,Matas,3
2016,Boy,Matei,4
2016,Boy,Matthew,142
2016,Boy,Max,73
2016,Boy,Maximilian,3
2016,Boy,Maxwell,4
2016,Boy,Mckenzie,3
2016,Boy,Micah,23
2016,Boy,Miceal,4
2016,Boy,Michael,75
2016,Boy,Michal,6
2016,Boy,Micheal,9
2016,Boy,Mike,3
2016,Boy,Mikey,3
2016,Boy,Mikolaj,8
2016,Boy,Miles,4
2016,Boy,Milo,6
2016,Boy,Mohamed,3
2016,Boy,Mohammed,3
2016,Boy,Morgan,5
2016,Boy,Muhammad,7
2016,Boy,Myles,11
2016,Boy,Mylo,3
2016,Boy,Naoise,4
2016,Boy,Natan,7
2016,Boy,Nataniel,3
2016,Boy,Nathan,47
2016,Boy,Nathanael,3
2016,Boy,Nathaniel,9
2016,Boy,Ned,3
2016,Boy,Niall,33
2016,Boy,Nicholas,6
2016,Boy,Nicolas,4
2016,Boy,Nikodem,3
2016,Boy,Noah,201
2016,Boy,Noel,4
2016,Boy,Nojus,4
2016,Boy,Odhran,69
2016,Boy,Odin,7
2016,Boy,Oisin,113
2016,Boy,Oliver,207
2016,Boy,Olivier,3
2016,Boy,Oliwier,5
2016,Boy,Ollie,108
2016,Boy,Olly,16
2016,Boy,Omer,4
2016,Boy,Oran,10
2016,Boy,Orin,4
2016,Boy,Oscar,81
2016,Boy,Oskar,6
2016,Boy,Owen,17
2016,Boy,Paddy,4
2016,Boy,Padraic,3
2016,Boy,Padraig,27
2016,Boy,Paidi,7
2016,Boy,Parker,19
2016,Boy,Patrick,86
2016,Boy,Patryk,5
2016,Boy,Paudi,4
2016,Boy,Paudie,4
2016,Boy,Paul,16
2016,Boy,Pauric,5
2016,Boy,Peadar,6
2016,Boy,Pearse,15
2016,Boy,Peter,28
2016,Boy,Philip,4
2016,Boy,Phoenix,7
2016,Boy,Pierce,4
2016,Boy,Piotr,3
2016,Boy,Preston,6
2016,Boy,Quinn,7
2016,Boy,Ralph,3
2016,Boy,Raphael,3
2016,Boy,Reagan,4
2016,Boy,Reece,20
2016,Boy,Regan,5
2016,Boy,Reggie,4
2016,Boy,Remy,6
2016,Boy,Reuben,62
2016,Boy,Rex,3
2016,Boy,Rhys,29
2016,Boy,Riain,3
2016,Boy,Rian,15
2016,Boy,Riley,49
2016,Boy,Rio,4
2016,Boy,Roan,3
2016,Boy,Robbie,16
2016,Boy,Robert,35
2016,Boy,Robin,7
2016,Boy,Rocco,7
2016,Boy,Rogan,7
2016,Boy,Rohan,4
2016,Boy,Roman,4
2016,Boy,Ronan,91
2016,Boy,Ronnie,3
2016,Boy,Rory,47
2016,Boy,Ross,9
2016,Boy,Rossa,10
2016,Boy,Rowan,11
2016,Boy,Ruadhan,9
2016,Boy,Ruaidhri,3
2016,Boy,Ruairi,38
2016,Boy,Ruan,3
2016,Boy,Ruben,11
2016,Boy,Rudi,3
2016,Boy,Rudy,4
2016,Boy,Ryan,72
2016,Boy,Sam,43
2016,Boy,Sammy,3
2016,Boy,Samuel,58
2016,Boy,Saul,8
2016,Boy,Scott,12
2016,Boy,Se,7
2016,Boy,Seamus,9
2016,Boy,Sean,76
2016,Boy,Sebastian,28
2016,Boy,Senan,22
2016,Boy,Seosamh,3
2016,Boy,Seth,35
2016,Boy,Shane,27
2016,Boy,Shay,15
2016,Boy,Shea,56
2016,Boy,Sonny,6
2016,Boy,Spencer,12
2016,Boy,Stefan,5
2016,Boy,Stephen,12
2016,Boy,Steven,6
2016,Boy,Tadhg,8
2016,Boy,Tajus,3
2016,Boy,Taylor,5
2016,Boy,Teddy,27
2016,Boy,Theo,67
2016,Boy,Theodore,15
2016,Boy,Thomas,117
2016,Boy,Tiarnan,18
2016,Boy,Tiernan,21
2016,Boy,Timothy,9
2016,Boy,Tobias,9
2016,Boy,Toby,26
2016,Boy,Tom,69
2016,Boy,Tomas,21
2016,Boy,Tommy,40
2016,Boy,Tony,4
2016,Boy,Travis,11
2016,Boy,Tristan,13
2016,Boy,Troy,8
2016,Boy,Turlough,4
2016,Boy,Tyler,27
2016,Boy,Ultan,3
2016,Boy,Victor,3
2016,Boy,Viktor,3
2016,Boy,Vincent,6
2016,Boy,Wiktor,3
2016,Boy,Will,20
2016,Boy,William,70
2016,Boy,Wilson,4
2016,Boy,Wyatt,3
2016,Boy,Xander,8
2016,Boy,Zac,27
2016,Boy,Zach,36
2016,Boy,Zachariah,3
2016,Boy,Zachary,25
2016,Boy,Zack,17
2016,Boy,Zak,7
2016,Boy,Zakaria,3
2016,Girl,Aaliyah,13
2016,Girl,Abaigh,3
2016,Girl,Abbey,4
2016,Girl,Abbie,43
2016,Girl,Abbie-Rose,3
2016,Girl,Abby,3
2016,Girl,Abi,4
2016,Girl,Abigail,51
2016,Girl,Ada,16
2016,Girl,Addison,8
2016,Girl,Adrianna,4
2016,Girl,Agnes,4
2016,Girl,Aibhlinn,4
2016,Girl,Aida,4
2016,Girl,Ailbe,3
2016,Girl,Ailbhe,6
2016,Girl,Aimee,28
2016,Girl,Aine,24
2016,Girl,Aisling,6
2016,Girl,Aislinn,4
2016,Girl,Alana,12
2016,Girl,Alanna,9
2016,Girl,Alannah,7
2016,Girl,Alba,3
2016,Girl,Aleah,6
2016,Girl,Aleksandra,8
2016,Girl,Alesha,5
2016,Girl,Alex,8
2016,Girl,Alexa,11
2016,Girl,Alexandra,18
2016,Girl,Alexandria,5
2016,Girl,Alexia,4
2016,Girl,Alexis,13
2016,Girl,Alia,3
2016,Girl,Alice,51
2016,Girl,Alicia,7
2016,Girl,Alicja,10
2016,Girl,Alisa,4
2016,Girl,Alisha,7
2016,Girl,Alivia,5
2016,Girl,Aliyah,5
2016,Girl,Allie,3
2016,Girl,Alyssa,16
2016,Girl,Amanda,3
2016,Girl,Amara,4
2016,Girl,Amber,36
2016,Girl,Amber-Rose,3
2016,Girl,Amelia,150
2016,Girl,Amelia-Lily,4
2016,Girl,Amelia-Rose,6
2016,Girl,Amelie,6
2016,Girl,Amira,5
2016,Girl,Amirah,5
2016,Girl,Amy,39
2016,Girl,Ana,6
2016,Girl,Anais,4
2016,Girl,Anastasia,4
2016,Girl,Anaya,3
2016,Girl,Angel,5
2016,Girl,Angelina,3
2016,Girl,Anna,164
2016,Girl,Annabel,7
2016,Girl,Annabelle,20
2016,Girl,Annalise,4
2016,Girl,Annie,68
2016,Girl,Antonia,4
2016,Girl,Anya,3
2016,Girl,Aoibh,6
2016,Girl,Aoibhe,23
2016,Girl,Aoibheann,40
2016,Girl,Aoibhin,3
2016,Girl,Aoibhinn,11
2016,Girl,Aoife,128
2016,Girl,April,8
2016,Girl,Arabella,9
2016,Girl,Aria,55
2016,Girl,Ariah,4
2016,Girl,Ariana,16
2016,Girl,Arianna,16
2016,Girl,Ariella,5
2016,Girl,Ariya,5
2016,Girl,Arya,8
2016,Girl,Ashleigh,3
2016,Girl,Athena,3
2016,Girl,Aubree,3
2016,Girl,Aurelia,3
2016,Girl,Aurora,7
2016,Girl,Autumn,12
2016,Girl,Ava,136
2016,Girl,Ava-Grace,4
2016,Girl,Ava-Rose,4
2016,Girl,Aviana,3
2016,Girl,Ayla,16
2016,Girl,Beatrice,3
2016,Girl,Bella,53
2016,Girl,Beth,31
2016,Girl,Bethany,28
2016,Girl,Bianca,3
2016,Girl,Blaithin,8
2016,Girl,Blake,5
2016,Girl,Blathnaid,6
2016,Girl,Bobbi,4
2016,Girl,Bonnie,18
2016,Girl,Bree,3
2016,Girl,Bria,3
2016,Girl,Brianna,4
2016,Girl,Bridget,4
2016,Girl,Bronagh,4
2016,Girl,Brooke,31
2016,Girl,Brooklynn,3
2016,Girl,Cadhla,16
2016,Girl,Caila,3
2016,Girl,Cait,5
2016,Girl,Caitlin,32
2016,Girl,Caitriona,3
2016,Girl,Cali,4
2016,Girl,Calla,3
2016,Girl,Callie,11
2016,Girl,Caoimhe,55
2016,Girl,Cara,91
2016,Girl,Caragh,9
2016,Girl,Carla,8
2016,Girl,Carly,9
2016,Girl,Carmen,3
2016,Girl,Carragh,3
2016,Girl,Carrie,3
2016,Girl,Casey,17
2016,Girl,Cassia,3
2016,Girl,Cassidy,3
2016,Girl,Cassie,32
2016,Girl,Cate,3
2016,Girl,Catherine,15
2016,Girl,Ceala,4
2016,Girl,Cerys,9
2016,Girl,Charlee,3
2016,Girl,Charley,7
2016,Girl,Charlie,4
2016,Girl,Charlotte,123
2016,Girl,Chloe,92
2016,Girl,Christina,4
2016,Girl,Christine,3
2016,Girl,Ciara,12
2016,Girl,Claire,3
2016,Girl,Clara,45
2016,Girl,Clare,3
2016,Girl,Claudia,6
2016,Girl,Cleo,5
2016,Girl,Cliodhna,12
2016,Girl,Cliona,7
2016,Girl,Clodagh,45
2016,Girl,Cobhlaith,5
2016,Girl,Colleen,7
2016,Girl,Connie,24
2016,Girl,Constance,4
2016,Girl,Cora,42
2016,Girl,Courtney,6
2016,Girl,Crystal,3
2016,Girl,Cuisle,3
2016,Girl,Daisy,39
2016,Girl,Dakota,9
2016,Girl,Dani,5
2016,Girl,Darcey,22
2016,Girl,Darci,3
2016,Girl,Darcie,28
2016,Girl,Darcy,39
2016,Girl,Dearbhla,5
2016,Girl,Delilah,3
2016,Girl,Diana,4
2016,Girl,Dolly,3
2016,Girl,Eabha,39
2016,Girl,Eadaoin,3
2016,Girl,Eden,21
2016,Girl,Edie,12
2016,Girl,Edith,9
2016,Girl,Egle,3
2016,Girl,Eibhlin,4
2016,Girl,Eilidh,6
2016,Girl,Eilis,4
2016,Girl,Eilish,3
2016,Girl,Eimear,33
2016,Girl,Eimhear,5
2016,Girl,Eire,3
2016,Girl,Eireann,12
2016,Girl,Eirinn,7
2016,Girl,Eleanor,8
2016,Girl,Elena,10
2016,Girl,Eliana,5
2016,Girl,Eliza,22
2016,Girl,Elizabeth,17
2016,Girl,Ella,142
2016,Girl,Ella-Rose,15
2016,Girl,Elle,4
2016,Girl,Ellen,26
2016,Girl,Ellie,102
2016,Girl,Ellie-Mae,5
2016,Girl,Ellie-May,7
2016,Girl,Ellie-Rose,4
2016,Girl,Eloise,11
2016,Girl,Elsie,40
2016,Girl,Emelie,3
2016,Girl,Emer,8
2016,Girl,Emilee,3
2016,Girl,Emilia,24
2016,Girl,Emilie,14
2016,Girl,Emily,237
2016,Girl,Emma,83
2016,Girl,Emma-Jane,3
2016,Girl,Emmie,12
2016,Girl,Enya,12
2016,Girl,Erika,3
2016,Girl,Erin,97
2016,Girl,Erinn,3
2016,Girl,Esme,19
2016,Girl,Esmee,7
2016,Girl,Eva,117
2016,Girl,Evangeline,4
2016,Girl,Eve,34
2016,Girl,Evelyn,17
2016,Girl,Evie,101
2016,Girl,Faith,45
2016,Girl,Farah,4
2016,Girl,Farrah,30
2016,Girl,Faye,36
2016,Girl,Fia,4
2016,Girl,Fiadh,67
2016,Girl,Fianna,24
2016,Girl,Florence,13
2016,Girl,Frances,3
2016,Girl,Francesca,6
2016,Girl,Freya,65
2016,Girl,Freya-Rose,4
2016,Girl,Gabriela,9
2016,Girl,Gabriella,12
2016,Girl,Gabrielle,6
2016,Girl,Gemma,4
2016,Girl,Georgia,79
2016,Girl,Georgie,12
2016,Girl,Georgina,3
2016,Girl,Goda,3
2016,Girl,Grace,198
2016,Girl,Gracie,29
2016,Girl,Grainne,9
2016,Girl,Hailey,4
2016,Girl,Hallie,7
2016,Girl,Hanna,17
2016,Girl,Hannah,84
2016,Girl,Harley,9
2016,Girl,Harlie,3
2016,Girl,Harlow,4
2016,Girl,Harper,41
2016,Girl,Harriet,14
2016,Girl,Hayden,3
2016,Girl,Hayley,5
2016,Girl,Heidi,39
2016,Girl,Hollie,49
2016,Girl,Holly,51
2016,Girl,Hope,14
2016,Girl,Ida,3
2016,Girl,Imogen,23
2016,Girl,India,3
2016,Girl,Iona,8
2016,Girl,Iris,5
2016,Girl,Isabel,4
2016,Girl,Isabella,56
2016,Girl,Isabelle,18
2016,Girl,Isla,124
2016,Girl,Isla-Rose,5
2016,Girl,Isobel,6
2016,Girl,Isobella,3
2016,Girl,Ivie,3
2016,Girl,Ivy,30
2016,Girl,Izabela,3
2016,Girl,Izabella,5
2016,Girl,Izzy,4
2016,Girl,Jade,7
2016,Girl,Jane,4
2016,Girl,Jasmine,16
2016,Girl,Jenna,5
2016,Girl,Jennifer,4
2016,Girl,Jersey,3
2016,Girl,Jessica,120
2016,Girl,Jessie,6
2016,Girl,Joanna,6
2016,Girl,Jodie,4
2016,Girl,Jorgia,4
2016,Girl,Jorgie,6
2016,Girl,Jorja,8
2016,Girl,Josephine,4
2016,Girl,Julia,16
2016,Girl,Juliette,3
2016,Girl,Kaci,3
2016,Girl,Kacie,8
2016,Girl,Kaitlyn,8
2016,Girl,Kali,3
2016,Girl,Kara,11
2016,Girl,Karis,3
2016,Girl,Kate,28
2016,Girl,Katelyn,5
2016,Girl,Katherine,4
2016,Girl,Kathleen,4
2016,Girl,Kathryn,4
2016,Girl,Katie,97
2016,Girl,Katie-Rose,3
2016,Girl,Kayla,27
2016,Girl,Kayleigh,7
2016,Girl,Keeva,8
2016,Girl,Kelsey,4
2016,Girl,Kendall,4
2016,Girl,Kenzie,4
2016,Girl,Khloe,11
2016,Girl,Kianna,4
2016,Girl,Kiara,4
2016,Girl,Kiera,4
2016,Girl,Kimberley,3
2016,Girl,Kira,3
2016,Girl,Kitty,3
2016,Girl,Kora,3
2016,Girl,Kyla,10
2016,Girl,Kyra,6
2016,Girl,Lacey,18
2016,Girl,Lacie,5
2016,Girl,Lainey,4
2016,Girl,Lana,4
2016,Girl,Laoise,3
2016,Girl,Lara,23
2016,Girl,Laura,28
2016,Girl,Lauren,20
2016,Girl,Layla,37
2016,Girl,Leah,61
2016,Girl,Leela,4
2016,Girl,Leia,3
2016,Girl,Leila,4
2016,Girl,Leja,7
2016,Girl,Lena,14
2016,Girl,Leona,3
2016,Girl,Lexi,17
2016,Girl,Lexie,5
2016,Girl,Libby,4
2016,Girl,Lila,10
2016,Girl,Lilah,4
2016,Girl,Lile,3
2016,Girl,Liliana,9
2016,Girl,Lillie,15
2016,Girl,Lilly,21
2016,Girl,Lily,151
2016,Girl,Lily-Mai,3
2016,Girl,Lily-May,4
2016,Girl,Lily-Rose,13
2016,Girl,Lois,7
2016,Girl,Lola,36
2016,Girl,Lori,4
2016,Girl,Lottie,34
2016,Girl,Louisa,13
2016,Girl,Louise,4
2016,Girl,Lucia,22
2016,Girl,Lucie,12
2016,Girl,Lucy,107
2016,Girl,Luna,11
2016,Girl,Lydia,24
2016,Girl,Lyla,16
2016,Girl,Macey,3
2016,Girl,Maci,10
2016,Girl,Macie,12
2016,Girl,Macy,4
2016,Girl,Maddie,9
2016,Girl,Maddison,12
2016,Girl,Madison,16
2016,Girl,Mae,4
2016,Girl,Maebh,4
2016,Girl,Maeve,16
2016,Girl,Maggie,16
2016,Girl,Maia,6
2016,Girl,Maisey,3
2016,Girl,Maisie,73
2016,Girl,Maisy,11
2016,Girl,Maja,16
2016,Girl,Mallaidh,3
2016,Girl,Marcie,3
2016,Girl,Margaret,8
2016,Girl,Maria,31
2016,Girl,Mariah,3
2016,Girl,Marianna,4
2016,Girl,Marlee,4
2016,Girl,Marley,3
2016,Girl,Martha,27
2016,Girl,Martyna,4
2016,Girl,Mary,22
2016,Girl,Mary-Kate,5
2016,Girl,Matilda,18
2016,Girl,May,6
2016,Girl,Maya,29
2016,Girl,Meabh,31
2016,Girl,Meah,3
2016,Girl,Megan,25
2016,Girl,Meghan,5
2016,Girl,Melanie,5
2016,Girl,Melisa,4
2016,Girl,Melissa,8
2016,Girl,Mena,3
2016,Girl,Meredith,4
2016,Girl,Mia,93
2016,Girl,Miah,3
2016,Girl,Mila,23
2016,Girl,Milana,3
2016,Girl,Miley,8
2016,Girl,Milita,3
2016,Girl,Millie,14
2016,Girl,Minnie,7
2016,Girl,Miya,5
2016,Girl,Mollai,3
2016,Girl,Mollie,37
2016,Girl,Molly,80
2016,Girl,Morgan,8
2016,Girl,Muireann,7
2016,Girl,Mya,33
2016,Girl,Myla,17
2016,Girl,Nadia,9
2016,Girl,Nainsi,3
2016,Girl,Nancy,15
2016,Girl,Naoise,7
2016,Girl,Naomi,17
2016,Girl,Natalia,7
2016,Girl,Natalie,3
2016,Girl,Neala,5
2016,Girl,Nellie,3
2016,Girl,Nevaeh,13
2016,Girl,Neve,6
2016,Girl,Nia,3
2016,Girl,Niamh,83
2016,Girl,Nicola,5
2016,Girl,Nicole,10
2016,Girl,Nikola,4
2016,Girl,Nina,14
2016,Girl,Nola,5
2016,Girl,Nora,12
2016,Girl,Norah,4
2016,Girl,Nova,3
2016,Girl,Nyah,3
2016,Girl,Olive,3
2016,Girl,Olivia,191
2016,Girl,Oliwia,8
2016,Girl,Oonagh,5
2016,Girl,Orla,15
2016,Girl,Orlagh,10
2016,Girl,Orlaith,22
2016,Girl,Orna,3
2016,Girl,Paige,24
2016,Girl,Paisley,4
2016,Girl,Patricia,3
2016,Girl,Paula,3
2016,Girl,Pearl,3
2016,Girl,Peggy,3
2016,Girl,Penelope,17
2016,Girl,Penny,29
2016,Girl,Peyton,5
2016,Girl,Philippa,3
2016,Girl,Phoebe,48
2016,Girl,Piper,9
2016,Girl,Pippa,13
2016,Girl,Pola,4
2016,Girl,Polly,3
2016,Girl,Poppie,4
2016,Girl,Poppy,50
2016,Girl,Priya,13
2016,Girl,Quinn,11
2016,Girl,Rachael,4
2016,Girl,Rachel,22
2016,Girl,Radha,4
2016,Girl,Raina,5
2016,Girl,Raya,3
2016,Girl,Rebecca,39
2016,Girl,Rebekah,11
2016,Girl,Reeva,6
2016,Girl,Rhea,9
2016,Girl,Rhia,3
2016,Girl,Ria,8
2016,Girl,Rihanna,3
2016,Girl,Riley,9
2016,Girl,Rioghnach,10
2016,Girl,Riona,7
2016,Girl,Rionach,6
2016,Girl,Rionagh,4
2016,Girl,Rita,3
2016,Girl,Robin,3
2016,Girl,Robyn,29
2016,Girl,Roise,15
2016,Girl,Roisin,6
2016,Girl,Roma,3
2016,Girl,Rosa,25
2016,Girl,Rosalie,3
2016,Girl,Rosanna,3
2016,Girl,Rose,57
2016,Girl,Rosie,37
2016,Girl,Rubie,3
2016,Girl,Ruby,80
2016,Girl,Ruth,4
2016,Girl,Sadhbh,3
2016,Girl,Sadie,32
2016,Girl,Saerlaith,5
2016,Girl,Saffron,3
2016,Girl,Samanta,4
2016,Girl,Samantha,5
2016,Girl,Saoirse,42
2016,Girl,Saorlaith,18
2016,Girl,Sara,15
2016,Girl,Sarah,69
2016,Girl,Savanna,3
2016,Girl,Savannah,11
2016,Girl,Scarlet,5
2016,Girl,Scarlett,77
2016,Girl,Seren,4
2016,Girl,Shannon,13
2016,Girl,Shauna,3
2016,Girl,Sienna,38
2016,Girl,Sierra,3
2016,Girl,Sinead,7
2016,Girl,Siofra,6
2016,Girl,Skye,14
2016,Girl,Skyla,6
2016,Girl,Skylar,5
2016,Girl,Skyler,3
2016,Girl,Sofia,45
2016,Girl,Sofija,4
2016,Girl,Sophia,135
2016,Girl,Sophie,155
2016,Girl,Sorcha,7
2016,Girl,Stella,5
2016,Girl,Stephanie,6
2016,Girl,Summer,8
2016,Girl,Susannah,5
2016,Girl,Tabitha,4
2016,Girl,Tara,9
2016,Girl,Taylor,8
2016,Girl,Teagan,9
2016,Girl,Tess,10
2016,Girl,Tessa,4
2016,Girl,Thea,54
2016,Girl,Tia,6
2016,Girl,Tiana,5
2016,Girl,Tianna,6
2016,Girl,Tierna,3
2016,Girl,Tillie,5
2016,Girl,Tilly,15
2016,Girl,Tori,3
2016,Girl,Una,7
2016,Girl,Urte,3
2016,Girl,Valentina,5
2016,Girl,Vanessa,5
2016,Girl,Victoria,16
2016,Girl,Vilte,6
2016,Girl,Violet,11
2016,Girl,Vivien,3
2016,Girl,Weronika,3
2016,Girl,Willow,35
2016,Girl,Yara,3
2016,Girl,Yasmin,4
2016,Girl,Zara,55
2016,Girl,Zoe,48
2016,Girl,Zoey,5
2016,Girl,Zofia,7
2016,Girl,Zuzanna,12
2017,Boy,Aaron,38
2017,Boy,Abel,13
2017,Boy,Adam,104
2017,Boy,Adrian,7
2017,Boy,Aedan,4
2017,Boy,Aidan,45
2017,Boy,Aiden,7
2017,Boy,Ailbe,6
2017,Boy,Ajay,3
2017,Boy,Alan,12
2017,Boy,Albie,6
2017,Boy,Alec,5
2017,Boy,Aleksander,7
2017,Boy,Alex,52
2017,Boy,Alexander,74
2017,Boy,Alfie,106
2017,Boy,Alfred,5
2017,Boy,Ali,3
2017,Boy,Amir,4
2017,Boy,Andrew,25
2017,Boy,Angelo,3
2017,Boy,Angus,6
2017,Boy,Anthony,11
2017,Boy,Anton,4
2017,Boy,Antoni,8
2017,Boy,Aodhan,35
2017,Boy,Archer,4
2017,Boy,Archie,73
2017,Boy,Arlo,31
2017,Boy,Aron,6
2017,Boy,Aronas,4
2017,Boy,Arthur,66
2017,Boy,Ashton,6
2017,Boy,Augustas,3
2017,Boy,Austin,21
2017,Boy,Avery,3
2017,Boy,Axel,6
2017,Boy,Axl,3
2017,Boy,Ayden,4
2017,Boy,Bailey,8
2017,Boy,Barra,10
2017,Boy,Beau,6
2017,Boy,Ben,69
2017,Boy,Benjamin,51
2017,Boy,Bentley,4
2017,Boy,Bernard,3
2017,Boy,Billy,6
2017,Boy,Blair,3
2017,Boy,Blake,26
2017,Boy,Bobby,50
2017,Boy,Bodhi,6
2017,Boy,Bradley,9
2017,Boy,Braiden,3
2017,Boy,Brandon,6
2017,Boy,Braxton,4
2017,Boy,Brayden,5
2017,Boy,Brendan,6
2017,Boy,Brian,14
2017,Boy,Brodie,11
2017,Boy,Brody,30
2017,Boy,Brogan,7
2017,Boy,Brooklyn,6
2017,Boy,Cadain,12
2017,Boy,Cadan,3
2017,Boy,Cade,4
2017,Boy,Caden,10
2017,Boy,Caelan,8
2017,Boy,Cahair,3
2017,Boy,Cahan,4
2017,Boy,Cahir,20
2017,Boy,Caidan,3
2017,Boy,Caiden,19
2017,Boy,Cain,3
2017,Boy,Cal,4
2017,Boy,Caleb,92
2017,Boy,Callen,4
2017,Boy,Callum,41
2017,Boy,Calum,10
2017,Boy,Calvin,8
2017,Boy,Cameron,11
2017,Boy,Caodhan,9
2017,Boy,Caoimhin,26
2017,Boy,Caolan,38
2017,Boy,Carlos,3
2017,Boy,Carson,8
2017,Boy,Carter,56
2017,Boy,Casey,10
2017,Boy,Cathair,3
2017,Boy,Cathal,20
2017,Boy,Cathan,4
2017,Boy,Cayden,8
2017,Boy,Charles,22
2017,Boy,Charlie,185
2017,Boy,Che,5
2017,Boy,Christian,10
2017,Boy,Christopher,19
2017,Boy,Cian,36
2017,Boy,Cianan,4
2017,Boy,Ciaran,18
2017,Boy,Cillian,109
2017,Boy,Cillin,3
2017,Boy,Clay,3
2017,Boy,Clayton,4
2017,Boy,Coby,6
2017,Boy,Cody,22
2017,Boy,Coen,12
2017,Boy,Cohen,27
2017,Boy,Colby,3
2017,Boy,Cole,29
2017,Boy,Colin,4
2017,Boy,Colm,3
2017,Boy,Colton,8
2017,Boy,Conal,8
2017,Boy,Conall,20
2017,Boy,Conan,47
2017,Boy,Conlan,3
2017,Boy,Conlaoch,3
2017,Boy,Conleth,8
2017,Boy,Conn,4
2017,Boy,Connla,4
2017,Boy,Connor,32
2017,Boy,Conor,122
2017,Boy,Conrad,5
2017,Boy,Cooper,23
2017,Boy,Coran,3
2017,Boy,Corbyn,3
2017,Boy,Corey,20
2017,Boy,Cormac,28
2017,Boy,Cruz,5
2017,Boy,Cuan,5
2017,Boy,Culann,3
2017,Boy,Curtis,6
2017,Boy,Daire,53
2017,Boy,Daithi,58
2017,Boy,Dalton,6
2017,Boy,Damian,3
2017,Boy,Dan,7
2017,Boy,Daniel,147
2017,Boy,Danielius,3
2017,Boy,Danny,32
2017,Boy,Dara,27
2017,Boy,Daragh,4
2017,Boy,Darragh,66
2017,Boy,David,48
2017,Boy,Davin,5
2017,Boy,Dawid,3
2017,Boy,Dawson,11
2017,Boy,Declan,14
2017,Boy,Denis,5
2017,Boy,Dennis,3
2017,Boy,Dermot,3
2017,Boy,Dexter,7
2017,Boy,Diarmuid,5
2017,Boy,Diego,3
2017,Boy,Dillon,8
2017,Boy,Dominic,6
2017,Boy,Dominik,5
2017,Boy,Donal,7
2017,Boy,Donnacha,8
2017,Boy,Donncha,3
2017,Boy,Donnchadh,4
2017,Boy,Drew,4
2017,Boy,Dylan,56
2017,Boy,Eamon,3
2017,Boy,Eamonn,4
2017,Boy,Eddie,9
2017,Boy,Eduard,3
2017,Boy,Edward,20
2017,Boy,Eli,49
2017,Boy,Elias,5
2017,Boy,Elijah,37
2017,Boy,Elliot,17
2017,Boy,Elliott,18
2017,Boy,Ellis,10
2017,Boy,Emmet,6
2017,Boy,Emmett,7
2017,Boy,Enda,15
2017,Boy,Enzo,6
2017,Boy,Eoghan,37
2017,Boy,Eoin,58
2017,Boy,Eric,6
2017,Boy,Erik,5
2017,Boy,Ethan,123
2017,Boy,Evan,15
2017,Boy,Ewan,7
2017,Boy,Ezekiel,6
2017,Boy,Ezra,39
2017,Boy,Fabian,5
2017,Boy,Faolan,5
2017,Boy,Felix,10
2017,Boy,Fiachra,14
2017,Boy,Filip,7
2017,Boy,Finbar,4
2017,Boy,Finlay,13
2017,Boy,Finley,20
2017,Boy,Finn,82
2017,Boy,Finnian,3
2017,Boy,Finnley,3
2017,Boy,Fintan,14
2017,Boy,Fionn,56
2017,Boy,Fionnan,3
2017,Boy,Fionntan,3
2017,Boy,Fletcher,5
2017,Boy,Flynn,9
2017,Boy,Francis,7
2017,Boy,Franciszek,5
2017,Boy,Frank,8
2017,Boy,Frankie,18
2017,Boy,Freddie,64
2017,Boy,Freddy,5
2017,Boy,Frederick,8
2017,Boy,Gabriel,18
2017,Boy,Gary,3
2017,Boy,Gavin,5
2017,Boy,George,52
2017,Boy,Gerard,15
2017,Boy,Gerry,4
2017,Boy,Grayson,7
2017,Boy,Harley,33
2017,Boy,Harper,3
2017,Boy,Harris,6
2017,Boy,Harrison,37
2017,Boy,Harry,169
2017,Boy,Harvey,21
2017,Boy,Hayden,6
2017,Boy,Heath,5
2017,Boy,Henry,43
2017,Boy,Hudson,9
2017,Boy,Hugh,4
2017,Boy,Hugo,18
2017,Boy,Hunter,29
2017,Boy,Iarlaith,8
2017,Boy,Isaac,85
2017,Boy,Isaiah,5
2017,Boy,Ivan,4
2017,Boy,Jace,9
2017,Boy,Jack,226
2017,Boy,Jackson,29
2017,Boy,Jacob,180
2017,Boy,Jaden,4
2017,Boy,Jaiden,4
2017,Boy,Jake,77
2017,Boy,Jakub,18
2017,Boy,James,243
2017,Boy,Jamie,75
2017,Boy,Jan,5
2017,Boy,Jarlath,6
2017,Boy,Jason,7
2017,Boy,Jasper,7
2017,Boy,Jax,23
2017,Boy,Jaxon,51
2017,Boy,Jaxson,12
2017,Boy,Jaxx,4
2017,Boy,Jay,23
2017,Boy,Jayden,45
2017,Boy,Jensen,19
2017,Boy,Jenson,21
2017,Boy,Jeremiah,3
2017,Boy,Jesse,20
2017,Boy,Jim,4
2017,Boy,Jimmy,8
2017,Boy,Joe,34
2017,Boy,Joel,48
2017,Boy,Joey,7
2017,Boy,John,73
2017,Boy,Johnny,6
2017,Boy,Jonah,53
2017,Boy,Jonas,7
2017,Boy,Jonathan,11
2017,Boy,Jordan,14
2017,Boy,Joseph,65
2017,Boy,Josh,22
2017,Boy,Joshua,91
2017,Boy,Judah,11
2017,Boy,Jude,89
2017,Boy,Julian,4
2017,Boy,Junior,7
2017,Boy,Kacper,10
2017,Boy,Kaden,3
2017,Boy,Kai,25
2017,Boy,Kaiden,18
2017,Boy,Kaiser,3
2017,Boy,Kaleb,9
2017,Boy,Kane,4
2017,Boy,Karl,3
2017,Boy,Karter,3
2017,Boy,Kayden,19
2017,Boy,Kayson,5
2017,Boy,Kealan,7
2017,Boy,Keegan,6
2017,Boy,Keelan,4
2017,Boy,Keon,4
2017,Boy,Kevin,10
2017,Boy,Kiaan,3
2017,Boy,Kian,12
2017,Boy,Kieran,7
2017,Boy,Killian,17
2017,Boy,Klay,3
2017,Boy,Koa,3
2017,Boy,Kobi,6
2017,Boy,Kohen,3
2017,Boy,Krzysztof,3
2017,Boy,Kye,3
2017,Boy,Kyle,19
2017,Boy,Larson,3
2017,Boy,Lawson,3
2017,Boy,Layton,3
2017,Boy,Lee,3
2017,Boy,Leighton,7
2017,Boy,Lennon,3
2017,Boy,Lennox,3
2017,Boy,Lenny,4
2017,Boy,Leo,123
2017,Boy,Leon,23
2017,Boy,Leonardo,6
2017,Boy,Levi,17
2017,Boy,Lewis,34
2017,Boy,Liam,46
2017,Boy,Lincoln,10
2017,Boy,Lochlainn,9
2017,Boy,Lochlan,5
2017,Boy,Lochlann,11
2017,Boy,Logan,125
2017,Boy,Lorcan,47
2017,Boy,Lorenzo,6
2017,Boy,Louie,18
2017,Boy,Louis,17
2017,Boy,Luan,4
2017,Boy,Luca,26
2017,Boy,Lucas,66
2017,Boy,Luis,7
2017,Boy,Luka,3
2017,Boy,Lukas,12
2017,Boy,Luke,81
2017,Boy,Maddox,4
2017,Boy,Mairtin,3
2017,Boy,Maksymilian,4
2017,Boy,Malachi,4
2017,Boy,Malachy,9
2017,Boy,Malik,3
2017,Boy,Manus,5
2017,Boy,Marcel,7
2017,Boy,Marco,4
2017,Boy,Marcus,9
2017,Boy,Mark,25
2017,Boy,Marley,3
2017,Boy,Marshall,5
2017,Boy,Martin,17
2017,Boy,Mason,98
2017,Boy,Matt,3
2017,Boy,Matthew,123
2017,Boy,Max,69
2017,Boy,Maximus,3
2017,Boy,Maxwell,4
2017,Boy,Micah,18
2017,Boy,Miceal,4
2017,Boy,Michael,98
2017,Boy,Michal,3
2017,Boy,Micheal,13
2017,Boy,Mikolaj,5
2017,Boy,Miles,4
2017,Boy,Milo,6
2017,Boy,Muhammad,5
2017,Boy,Myles,8
2017,Boy,Natan,3
2017,Boy,Nate,3
2017,Boy,Nathan,40
2017,Boy,Nathaniel,10
2017,Boy,Neil,4
2017,Boy,Niall,24
2017,Boy,Nicholas,9
2017,Boy,Noah,189
2017,Boy,Noel,5
2017,Boy,Nojus,3
2017,Boy,Odhran,64
2017,Boy,Odin,5
2017,Boy,Oisin,108
2017,Boy,Olaf,4
2017,Boy,Oliver,143
2017,Boy,Olivier,4
2017,Boy,Oliwier,6
2017,Boy,Ollie,78
2017,Boy,Olly,14
2017,Boy,Oran,12
2017,Boy,Oscar,71
2017,Boy,Oskar,5
2017,Boy,Owen,17
2017,Boy,Padraig,28
2017,Boy,Paidi,8
2017,Boy,Parker,24
2017,Boy,Pat,3
2017,Boy,Patrick,73
2017,Boy,Paudie,3
2017,Boy,Paul,14
2017,Boy,Pauric,4
2017,Boy,Peadar,13
2017,Boy,Pearse,20
2017,Boy,Peter,19
2017,Boy,Phelim,3
2017,Boy,Philip,4
2017,Boy,Phoenix,5
2017,Boy,Pierce,3
2017,Boy,Piotr,3
2017,Boy,Preston,7
2017,Boy,Quinn,6
2017,Boy,Rafael,5
2017,Boy,Ralph,5
2017,Boy,Reece,15
2017,Boy,Reggie,6
2017,Boy,Reid,3
2017,Boy,Reilly,3
2017,Boy,Remy,3
2017,Boy,Reuben,68
2017,Boy,Rey,3
2017,Boy,Rhys,14
2017,Boy,Rian,8
2017,Boy,Richard,6
2017,Boy,Riley,46
2017,Boy,Rio,6
2017,Boy,River,5
2017,Boy,Roan,5
2017,Boy,Robbie,27
2017,Boy,Robert,15
2017,Boy,Robin,3
2017,Boy,Rocco,7
2017,Boy,Rogan,3
2017,Boy,Rohan,7
2017,Boy,Rokas,3
2017,Boy,Ronan,74
2017,Boy,Ronnie,6
2017,Boy,Rory,70
2017,Boy,Ross,6
2017,Boy,Rossa,17
2017,Boy,Rowan,26
2017,Boy,Ruadhan,10
2017,Boy,Ruairi,41
2017,Boy,Ruan,7
2017,Boy,Ruari,4
2017,Boy,Ruben,5
2017,Boy,Rudi,6
2017,Boy,Rudy,6
2017,Boy,Ryan,72
2017,Boy,Rylee,3
2017,Boy,Sam,39
2017,Boy,Samuel,50
2017,Boy,Santiago,3
2017,Boy,Saul,12
2017,Boy,Scott,8
2017,Boy,Se,3
2017,Boy,Seamus,9
2017,Boy,Sean,69
2017,Boy,Sebastian,22
2017,Boy,Senan,30
2017,Boy,Seth,29
2017,Boy,Shane,11
2017,Boy,Shaun,5
2017,Boy,Shay,19
2017,Boy,Shea,60
2017,Boy,Simon,3
2017,Boy,Sonnie,3
2017,Boy,Sonny,18
2017,Boy,Spencer,9
2017,Boy,Stanley,7
2017,Boy,Stefan,5
2017,Boy,Stephen,13
2017,Boy,Steven,4
2017,Boy,Szymon,5
2017,Boy,Tadhg,8
2017,Boy,Tate,3
2017,Boy,Taylor,7
2017,Boy,Ted,4
2017,Boy,Teddy,17
2017,Boy,Theo,62
2017,Boy,Theodore,27
2017,Boy,Thomas,158
2017,Boy,Tiarnan,15
2017,Boy,Tiernan,38
2017,Boy,Timothy,9
2017,Boy,Tobias,4
2017,Boy,Toby,33
2017,Boy,Tom,49
2017,Boy,Tomas,13
2017,Boy,Tommy,30
2017,Boy,Torin,5
2017,Boy,Travis,8
2017,Boy,Tristan,9
2017,Boy,Troy,5
2017,Boy,Tyler,29
2017,Boy,Tymoteusz,3
2017,Boy,Victor,5
2017,Boy,Will,6
2017,Boy,William,58
2017,Boy,Wyatt,5
2017,Boy,Xander,3
2017,Boy,Zac,24
2017,Boy,Zach,27
2017,Boy,Zachary,22
2017,Boy,Zack,13
2017,Boy,Zak,7
2017,Boy,Zayn,5
2017,Girl,Aaliyah,15
2017,Girl,Abbey,3
2017,Girl,Abbie,31
2017,Girl,Abby,9
2017,Girl,Abi,3
2017,Girl,Abigail,45
2017,Girl,Ada,10
2017,Girl,Adah,4
2017,Girl,Addison,7
2017,Girl,Aela,5
2017,Girl,Aibhlinn,3
2017,Girl,Aideen,3
2017,Girl,Aila,3
2017,Girl,Ailbhe,3
2017,Girl,Aimee,24
2017,Girl,Aine,22
2017,Girl,Aisha,4
2017,Girl,Aisling,5
2017,Girl,Aislinn,4
2017,Girl,Alana,10
2017,Girl,Alanna,11
2017,Girl,Alannah,13
2017,Girl,Alba,4
2017,Girl,Aleigha,3
2017,Girl,Alesha,8
2017,Girl,Alessia,4
2017,Girl,Alex,5
2017,Girl,Alexa,18
2017,Girl,Alexandra,16
2017,Girl,Alexis,17
2017,Girl,Alia,4
2017,Girl,Alice,51
2017,Girl,Alicia,11
2017,Girl,Alicja,5
2017,Girl,Alisa,4
2017,Girl,Alisha,5
2017,Girl,Alivia,5
2017,Girl,Aliyah,5
2017,Girl,Allie,5
2017,Girl,Alyssa,11
2017,Girl,Amanda,4
2017,Girl,Amara,3
2017,Girl,Amarah,3
2017,Girl,Amber,36
2017,Girl,Amber-Rose,3
2017,Girl,Amelia,127
2017,Girl,Amelia-Rose,10
2017,Girl,Amelie,6
2017,Girl,Amira,8
2017,Girl,Amirah,5
2017,Girl,Amy,27
2017,Girl,Ana,9
2017,Girl,Anastasia,3
2017,Girl,Andrea,4
2017,Girl,Angel,4
2017,Girl,Angelina,3
2017,Girl,Anna,142
2017,Girl,Annabel,4
2017,Girl,Annabella,3
2017,Girl,Annabelle,22
2017,Girl,Annie,86
2017,Girl,Aoibh,5
2017,Girl,Aoibhe,22
2017,Girl,Aoibheann,30
2017,Girl,Aoibhin,4
2017,Girl,Aoibhinn,11
2017,Girl,Aoife,110
2017,Girl,April,6
2017,Girl,Arabella,5
2017,Girl,Aria,65
2017,Girl,Ariah,3
2017,Girl,Ariana,10
2017,Girl,Arianna,14
2017,Girl,Ariella,4
2017,Girl,Arya,12
2017,Girl,Aryia,3
2017,Girl,Ashley,3
2017,Girl,Ashlynn,3
2017,Girl,Aubree,5
2017,Girl,Aubrey,3
2017,Girl,Aurora,15
2017,Girl,Autumn,19
2017,Girl,Ava,112
2017,Girl,Ava-Rose,3
2017,Girl,Aya,3
2017,Girl,Ayda,9
2017,Girl,Ayla,7
2017,Girl,Beatrix,6
2017,Girl,Beatriz,3
2017,Girl,Bebhinn,3
2017,Girl,Beibhinn,3
2017,Girl,Bella,40
2017,Girl,Bella-Rose,4
2017,Girl,Beth,22
2017,Girl,Bethany,18
2017,Girl,Blaithin,7
2017,Girl,Blake,4
2017,Girl,Blathnaid,9
2017,Girl,Bobbi,3
2017,Girl,Bonnie,20
2017,Girl,Bria,6
2017,Girl,Brianna,4
2017,Girl,Bridget,5
2017,Girl,Bronagh,7
2017,Girl,Brooke,14
2017,Girl,Brooklyn,3
2017,Girl,Cadhla,16
2017,Girl,Caila,3
2017,Girl,Caileigh,3
2017,Girl,Cait,5
2017,Girl,Caitlin,36
2017,Girl,Cali,3
2017,Girl,Callie,10
2017,Girl,Caoimhe,37
2017,Girl,Cara,90
2017,Girl,Caragh,18
2017,Girl,Carla,5
2017,Girl,Carly,5
2017,Girl,Carragh,3
2017,Girl,Carys,3
2017,Girl,Casey,16
2017,Girl,Cassie,28
2017,Girl,Catherine,13
2017,Girl,Ceala,3
2017,Girl,Cerys,5
2017,Girl,Charis,3
2017,Girl,Charlie,4
2017,Girl,Charlotte,124
2017,Girl,Chloe,76
2017,Girl,Ciara,13
2017,Girl,Claire,3
2017,Girl,Clara,64
2017,Girl,Claragh,5
2017,Girl,Claudia,5
2017,Girl,Cleo,4
2017,Girl,Cliodhna,14
2017,Girl,Cliona,10
2017,Girl,Clodagh,43
2017,Girl,Connie,35
2017,Girl,Constance,3
2017,Girl,Cora,40
2017,Girl,Coragh,3
2017,Girl,Courtney,3
2017,Girl,Cristina,3
2017,Girl,Cuisle,3
2017,Girl,Cushla,3
2017,Girl,Daire,3
2017,Girl,Daisy,40
2017,Girl,Dakota,4
2017,Girl,Danielle,3
2017,Girl,Danni,3
2017,Girl,Darcey,8
2017,Girl,Darci,5
2017,Girl,Darcie,22
2017,Girl,Darcy,31
2017,Girl,Daria,3
2017,Girl,Darla,4
2017,Girl,Dearbhaile,5
2017,Girl,Dearbhla,8
2017,Girl,Delilah,4
2017,Girl,Demi,3
2017,Girl,Diana,4
2017,Girl,Eabha,40
2017,Girl,Eadaoin,6
2017,Girl,Eden,23
2017,Girl,Edie,7
2017,Girl,Edith,6
2017,Girl,Eibhlin,7
2017,Girl,Eilis,7
2017,Girl,Eimear,38
2017,Girl,Eimile,5
2017,Girl,Eireann,13
2017,Girl,Eirinn,5
2017,Girl,Elaina,3
2017,Girl,Eleanor,8
2017,Girl,Elena,19
2017,Girl,Eliana,5
2017,Girl,Elise,6
2017,Girl,Eliza,14
2017,Girl,Elizabeth,21
2017,Girl,Ella,128
2017,Girl,Ella-Mae,3
2017,Girl,Ella-Rose,10
2017,Girl,Elle,6
2017,Girl,Ellen,22
2017,Girl,Ellie,87
2017,Girl,Ellie-Mae,5
2017,Girl,Ellie-Rose,3
2017,Girl,Elodie,3
2017,Girl,Eloise,14
2017,Girl,Elora,3
2017,Girl,Elsa,3
2017,Girl,Elsie,28
2017,Girl,Emelia,10
2017,Girl,Emer,7
2017,Girl,Emilia,29
2017,Girl,Emilie,14
2017,Girl,Emily,216
2017,Girl,Emma,87
2017,Girl,Emmie,5
2017,Girl,Emmy,4
2017,Girl,Enya,8
2017,Girl,Erica,4
2017,Girl,Erika,4
2017,Girl,Erin,96
2017,Girl,Erin-Rose,4
2017,Girl,Esmae,7
2017,Girl,Esme,24
2017,Girl,Esmee,6
2017,Girl,Esther,4
2017,Girl,Eva,91
2017,Girl,Eve,26
2017,Girl,Evelyn,15
2017,Girl,Evie,114
2017,Girl,Faith,37
2017,Girl,Farah,8
2017,Girl,Farrah,24
2017,Girl,Faye,41
2017,Girl,Fia,6
2017,Girl,Fiadh,64
2017,Girl,Fianna,19
2017,Girl,Fiona,3
2017,Girl,Fionnuala,3
2017,Girl,Florence,13
2017,Girl,Frances,3
2017,Girl,Francesca,7
2017,Girl,Frankie,4
2017,Girl,Freya,82
2017,Girl,Gabriela,4
2017,Girl,Gabriele,5
2017,Girl,Gabriella,4
2017,Girl,Gabrielle,3
2017,Girl,Georgia,53
2017,Girl,Georgia-Mae,3
2017,Girl,Georgie,8
2017,Girl,Gia,3
2017,Girl,Grace,202
2017,Girl,Gracie,32
2017,Girl,Gracie-Mae,3
2017,Girl,Grainne,6
2017,Girl,Hailey,4
2017,Girl,Halle,5
2017,Girl,Hallie,11
2017,Girl,Hanna,12
2017,Girl,Hannah,93
2017,Girl,Harlee,5
2017,Girl,Harleigh,4
2017,Girl,Harley,10
2017,Girl,Harper,41
2017,Girl,Harriet,19
2017,Girl,Hayley,10
2017,Girl,Heidi,38
2017,Girl,Helena,3
2017,Girl,Hollie,39
2017,Girl,Holly,53
2017,Girl,Hope,7
2017,Girl,Ide,3
2017,Girl,Imogen,14
2017,Girl,Indie,8
2017,Girl,Iona,5
2017,Girl,Iris,4
2017,Girl,Isabel,8
2017,Girl,Isabella,56
2017,Girl,Isabelle,13
2017,Girl,Isla,153
2017,Girl,Isla-Rose,6
2017,Girl,Ivana,3
2017,Girl,Ivy,37
2017,Girl,Izabella,4
2017,Girl,Jade,5
2017,Girl,Jane,3
2017,Girl,Jasmine,17
2017,Girl,Jemima,3
2017,Girl,Jenna,6
2017,Girl,Jenny,4
2017,Girl,Jessica,84
2017,Girl,Jessie,17
2017,Girl,Jodi,4
2017,Girl,Joni,3
2017,Girl,Jorgie,8
2017,Girl,Jorja,6
2017,Girl,Josephine,4
2017,Girl,Joy,8
2017,Girl,Julia,17
2017,Girl,Juliet,4
2017,Girl,Kacie,3
2017,Girl,Kady,3
2017,Girl,Kaia,5
2017,Girl,Kaila,3
2017,Girl,Kaitlyn,7
2017,Girl,Kaiya,3
2017,Girl,Kaja,3
2017,Girl,Kaley,3
2017,Girl,Kara,12
2017,Girl,Kate,19
2017,Girl,Katelyn,8
2017,Girl,Katherine,4
2017,Girl,Kathryn,6
2017,Girl,Katie,109
2017,Girl,Katie-Rose,5
2017,Girl,Kaya,4
2017,Girl,Kayla,16
2017,Girl,Kaylee,5
2017,Girl,Kayleigh,4
2017,Girl,Keeley,5
2017,Girl,Keeva,7
2017,Girl,Keira,6
2017,Girl,Kelsie,5
2017,Girl,Keziah,6
2017,Girl,Khaleesi,4
2017,Girl,Khloe,9
2017,Girl,Kiana,3
2017,Girl,Kiara,5
2017,Girl,Kira,3
2017,Girl,Kora,3
2017,Girl,Kyla,11
2017,Girl,Kyra,4
2017,Girl,Lacey,21
2017,Girl,Laila,4
2017,Girl,Lailah,5
2017,Girl,Lainey,3
2017,Girl,Lana,15
2017,Girl,Laney,4
2017,Girl,Lanna,3
2017,Girl,Lara,24
2017,Girl,Laura,8
2017,Girl,Lauren,23
2017,Girl,Layla,36
2017,Girl,Layla-Rose,3
2017,Girl,Leah,46
2017,Girl,Leela,4
2017,Girl,Leia,4
2017,Girl,Leigha,3
2017,Girl,Leila,4
2017,Girl,Lena,17
2017,Girl,Lexi,17
2017,Girl,Lexie,5
2017,Girl,Lia,3
2017,Girl,Liana,3
2017,Girl,Libby,9
2017,Girl,Lila,8
2017,Girl,Lilah,11
2017,Girl,Lile,3
2017,Girl,Lilia,4
2017,Girl,Liliana,5
2017,Girl,Lilianna,4
2017,Girl,Lillie,11
2017,Girl,Lilly,21
2017,Girl,Lily,117
2017,Girl,Lily-May,5
2017,Girl,Lily-Rose,8
2017,Girl,Lilyanna,4
2017,Girl,Livia,3
2017,Girl,Lois,7
2017,Girl,Lola,21
2017,Girl,Lottie,21
2017,Girl,Louisa,6
2017,Girl,Louise,5
2017,Girl,Lucia,19
2017,Girl,Lucie,7
2017,Girl,Lucy,108
2017,Girl,Luna,9
2017,Girl,Lydia,20
2017,Girl,Lyla,18
2017,Girl,Mabel,3
2017,Girl,Maci,3
2017,Girl,Macie,4
2017,Girl,Macy,7
2017,Girl,Maddie,5
2017,Girl,Maddison,14
2017,Girl,Madeleine,3
2017,Girl,Madison,30
2017,Girl,Maebh,3
2017,Girl,Maeve,14
2017,Girl,Maggie,16
2017,Girl,Maia,7
2017,Girl,Mairead,3
2017,Girl,Maisey,4
2017,Girl,Maisie,55
2017,Girl,Maisy,5
2017,Girl,Maja,13
2017,Girl,Mallaidh,5
2017,Girl,Margaret,5
2017,Girl,Margot,3
2017,Girl,Maria,32
2017,Girl,Marie,5
2017,Girl,Marley,3
2017,Girl,Marnie,4
2017,Girl,Martha,21
2017,Girl,Mary,19
2017,Girl,Mary-Kate,6
2017,Girl,Maryam,3
2017,Girl,Matilda,24
2017,Girl,May,4
2017,Girl,Maya,23
2017,Girl,Meabh,47
2017,Girl,Meadhbh,4
2017,Girl,Meadow,5
2017,Girl,Meah,4
2017,Girl,Megan,24
2017,Girl,Meghan,10
2017,Girl,Melissa,4
2017,Girl,Meredith,3
2017,Girl,Mia,66
2017,Girl,Michaela,5
2017,Girl,Migle,3
2017,Girl,Mila,19
2017,Girl,Milana,4
2017,Girl,Miley,6
2017,Girl,Millie,13
2017,Girl,Minnie,6
2017,Girl,Mischa,3
2017,Girl,Miya,3
2017,Girl,Mollai,3
2017,Girl,Mollie,42
2017,Girl,Molly,72
2017,Girl,Monroe,3
2017,Girl,Morgan,3
2017,Girl,Muireann,8
2017,Girl,Mya,39
2017,Girl,Myah,3
2017,Girl,Myia,3
2017,Girl,Myla,21
2017,Girl,Nadia,9
2017,Girl,Nancy,22
2017,Girl,Naoise,8
2017,Girl,Naomi,12
2017,Girl,Natalia,6
2017,Girl,Natalie,3
2017,Girl,Natasha,4
2017,Girl,Nevaeh,16
2017,Girl,Neve,4
2017,Girl,Nia,6
2017,Girl,Niamh,94
2017,Girl,Nicole,5
2017,Girl,Nikola,3
2017,Girl,Nina,17
2017,Girl,Nora,10
2017,Girl,Norah,8
2017,Girl,Nuala,3
2017,Girl,Nyla,5
2017,Girl,Nylah,3
2017,Girl,Olive,6
2017,Girl,Olivia,179
2017,Girl,Olivia-Grace,3
2017,Girl,Olivia-Rose,6
2017,Girl,Oliwia,5
2017,Girl,Orla,20
2017,Girl,Orlagh,3
2017,Girl,Orlaith,24
2017,Girl,Paige,23
2017,Girl,Parker,3
2017,Girl,Patricia,3
2017,Girl,Paula,3
2017,Girl,Paulina,3
2017,Girl,Payton,4
2017,Girl,Pearl,3
2017,Girl,Penelope,17
2017,Girl,Pennie,4
2017,Girl,Penny,30
2017,Girl,Perrie,4
2017,Girl,Peyton,7
2017,Girl,Phoebe,47
2017,Girl,Phoenix,6
2017,Girl,Piper,7
2017,Girl,Pippa,21
2017,Girl,Pixie,4
2017,Girl,Pola,3
2017,Girl,Polly,9
2017,Girl,Poppie,5
2017,Girl,Poppy,50
2017,Girl,Portia,4
2017,Girl,Priya,6
2017,Girl,Pyper,4
2017,Girl,Quinn,11
2017,Girl,Rachael,3
2017,Girl,Rachel,24
2017,Girl,Radha,8
2017,Girl,Rae,3
2017,Girl,Rebeca,4
2017,Girl,Rebecca,30
2017,Girl,Rebekah,11
2017,Girl,Reeva,6
2017,Girl,Reina,3
2017,Girl,Renae,4
2017,Girl,Rhea,8
2017,Girl,Ria,8
2017,Girl,Riley,12
2017,Girl,Rioghnach,7
2017,Girl,Riona,8
2017,Girl,Rionach,10
2017,Girl,Rionagh,3
2017,Girl,River,3
2017,Girl,Robyn,30
2017,Girl,Roise,25
2017,Girl,Roisin,10
2017,Girl,Rosa,30
2017,Girl,Rose,47
2017,Girl,Rosie,33
2017,Girl,Rowan,5
2017,Girl,Rua,5
2017,Girl,Ruby,81
2017,Girl,Sadie,26
2017,Girl,Saerlaith,3
2017,Girl,Samantha,7
2017,Girl,Sandra,3
2017,Girl,Saoirse,31
2017,Girl,Saorla,7
2017,Girl,Saorlaith,13
2017,Girl,Sapphire,6
2017,Girl,Sara,10
2017,Girl,Sarah,64
2017,Girl,Sasha,3
2017,Girl,Savanna,3
2017,Girl,Savannah,20
2017,Girl,Scarlett,55
2017,Girl,Seana,3
2017,Girl,Selena,3
2017,Girl,Seren,3
2017,Girl,Shania,6
2017,Girl,Shannon,10
2017,Girl,Shauna,3
2017,Girl,Shona,4
2017,Girl,Sian,3
2017,Girl,Sienna,42
2017,Girl,Sierra,4
2017,Girl,Sinead,3
2017,Girl,Siofra,7
2017,Girl,Skye,8
2017,Girl,Skylar,4
2017,Girl,Skyler,3
2017,Girl,Sofia,43
2017,Girl,Sophia,121
2017,Girl,Sophia-Rose,4
2017,Girl,Sophie,132
2017,Girl,Sorcha,5
2017,Girl,Stella,6
2017,Girl,Stephanie,3
2017,Girl,Summer,12
2017,Girl,Susan,3
2017,Girl,Tabitha,4
2017,Girl,Talia,3
2017,Girl,Tara,7
2017,Girl,Taylor,6
2017,Girl,Teagan,4
2017,Girl,Teodora,3
2017,Girl,Tess,5
2017,Girl,Thea,44
2017,Girl,Therese,3
2017,Girl,Tia,4
2017,Girl,Tiana,3
2017,Girl,Tianna,3
2017,Girl,Tierna,3
2017,Girl,Tillie,5
2017,Girl,Tilly,14
2017,Girl,Toni,3
2017,Girl,Trea,3
2017,Girl,Verity,3
2017,Girl,Victoria,17
2017,Girl,Vilte,3
2017,Girl,Violet,16
2017,Girl,Wiktoria,3
2017,Girl,Willow,52
2017,Girl,Winnie,3
2017,Girl,Winter,3
2017,Girl,Yara,4
2017,Girl,Yasmin,5
2017,Girl,Zaira,3
2017,Girl,Zara,53
2017,Girl,Zoe,30
2017,Girl,Zoey,6
2017,Girl,Zofia,3
2017,Girl,Zosia,3
2017,Girl,Zuzanna,13
2018,Boy,Aaron,32
2018,Boy,Abel,12
2018,Boy,Abraham,3
2018,Boy,Adam,85
2018,Boy,Addison,4
2018,Boy,Adrian,4
2018,Boy,Aedan,3
2018,Boy,Ahmed,3
2018,Boy,Aidan,35
2018,Boy,Aiden,8
2018,Boy,Ailbe,3
2018,Boy,Aj,3
2018,Boy,Alan,7
2018,Boy,Albert,6
2018,Boy,Albie,3
2018,Boy,Aleks,3
2018,Boy,Aleksander,6
2018,Boy,Alex,51
2018,Boy,Alexander,82
2018,Boy,Alfie,116
2018,Boy,Alfred,6
2018,Boy,Ali,5
2018,Boy,Amir,4
2018,Boy,Andrew,17
2018,Boy,Angus,3
2018,Boy,Anthony,20
2018,Boy,Antoin,3
2018,Boy,Antoni,3
2018,Boy,Antonio,3
2018,Boy,Aodhan,46
2018,Boy,Archer,6
2018,Boy,Archie,73
2018,Boy,Ardan,3
2018,Boy,Arlo,20
2018,Boy,Aron,5
2018,Boy,Aronas,3
2018,Boy,Arthur,90
2018,Boy,Asher,9
2018,Boy,Austin,15
2018,Boy,Avery,5
2018,Boy,Axel,8
2018,Boy,Bailey,7
2018,Boy,Barra,12
2018,Boy,Barry,4
2018,Boy,Beau,6
2018,Boy,Ben,49
2018,Boy,Benjamin,44
2018,Boy,Bennett,3
2018,Boy,Benny,3
2018,Boy,Bentley,4
2018,Boy,Bernard,3
2018,Boy,Billy,10
2018,Boy,Blaine,3
2018,Boy,Blake,20
2018,Boy,Bobby,36
2018,Boy,Bodhi,6
2018,Boy,Bradan,4
2018,Boy,Bradley,7
2018,Boy,Braiden,6
2018,Boy,Brandon,9
2018,Boy,Brayden,9
2018,Boy,Brendan,12
2018,Boy,Brian,6
2018,Boy,Brodie,27
2018,Boy,Brody,39
2018,Boy,Brogan,10
2018,Boy,Brooklyn,4
2018,Boy,Cadain,7
2018,Boy,Cadan,6
2018,Boy,Caden,5
2018,Boy,Caelan,9
2018,Boy,Cahan,5
2018,Boy,Cahir,20
2018,Boy,Caiden,16
2018,Boy,Cain,7
2018,Boy,Calaeb,4
2018,Boy,Caleb,78
2018,Boy,Callan,5
2018,Boy,Callum,48
2018,Boy,Calum,7
2018,Boy,Calvin,7
2018,Boy,Cameron,16
2018,Boy,Canice,3
2018,Boy,Caodhan,8
2018,Boy,Caoimhin,15
2018,Boy,Caolan,31
2018,Boy,Carlos,3
2018,Boy,Carson,15
2018,Boy,Carter,50
2018,Boy,Casey,9
2018,Boy,Cathair,6
2018,Boy,Cathal,10
2018,Boy,Cathaoir,6
2018,Boy,Charles,17
2018,Boy,Charlie,191
2018,Boy,Chase,3
2018,Boy,Che,10
2018,Boy,Chester,4
2018,Boy,Christian,7
2018,Boy,Christopher,19
2018,Boy,Cian,40
2018,Boy,Cianan,7
2018,Boy,Ciaran,17
2018,Boy,Cillian,117
2018,Boy,Cj,3
2018,Boy,Clark,3
2018,Boy,Clarke,4
2018,Boy,Coby,5
2018,Boy,Cody,16
2018,Boy,Coen,7
2018,Boy,Cohan,3
2018,Boy,Cohen,28
2018,Boy,Cole,17
2018,Boy,Colin,3
2018,Boy,Colm,5
2018,Boy,Colton,7
2018,Boy,Conal,5
2018,Boy,Conall,16
2018,Boy,Conan,52
2018,Boy,Conlan,4
2018,Boy,Conlaoch,3
2018,Boy,Conleth,9
2018,Boy,Conn,9
2018,Boy,Connaire,3
2018,Boy,Connla,5
2018,Boy,Connor,18
2018,Boy,Conor,93
2018,Boy,Conrad,3
2018,Boy,Cooper,17
2018,Boy,Corey,25
2018,Boy,Cormac,28
2018,Boy,Cruz,3
2018,Boy,Cuan,5
2018,Boy,Curtis,6
2018,Boy,Dabhan,3
2018,Boy,Daire,68
2018,Boy,Daithi,63
2018,Boy,Dalton,3
2018,Boy,Damian,6
2018,Boy,Dan,5
2018,Boy,Daniel,154
2018,Boy,Danny,27
2018,Boy,Dara,30
2018,Boy,Daragh,7
2018,Boy,Darragh,59
2018,Boy,Darren,8
2018,Boy,Daryl,5
2018,Boy,David,44
2018,Boy,Dawid,3
2018,Boy,Dawson,4
2018,Boy,Deaglan,3
2018,Boy,Dean,3
2018,Boy,Declan,5
2018,Boy,Denis,5
2018,Boy,Dexter,3
2018,Boy,Diarmuid,6
2018,Boy,Dillon,9
2018,Boy,Domas,3
2018,Boy,Dominic,13
2018,Boy,Dominik,6
2018,Boy,Donal,5
2018,Boy,Donnacha,16
2018,Boy,Donncha,4
2018,Boy,Dualta,4
2018,Boy,Dylan,66
2018,Boy,Eamon,3
2018,Boy,Eamonn,4
2018,Boy,Eanna,4
2018,Boy,Eben,3
2018,Boy,Eddie,5
2018,Boy,Eden,7
2018,Boy,Edward,18
2018,Boy,Eli,37
2018,Boy,Elias,5
2018,Boy,Elijah,40
2018,Boy,Elliot,13
2018,Boy,Elliott,22
2018,Boy,Ellis,8
2018,Boy,Emmett,8
2018,Boy,Enda,4
2018,Boy,Enzo,3
2018,Boy,Eoghan,19
2018,Boy,Eoin,54
2018,Boy,Eric,12
2018,Boy,Ethan,106
2018,Boy,Euan,5
2018,Boy,Evan,11
2018,Boy,Ewan,3
2018,Boy,Ezekiel,3
2018,Boy,Ezra,42
2018,Boy,Fabian,5
2018,Boy,Faolan,6
2018,Boy,Fearghal,3
2018,Boy,Felix,14
2018,Boy,Fiachra,15
2018,Boy,Filip,9
2018,Boy,Finbar,3
2018,Boy,Finlay,9
2018,Boy,Finley,15
2018,Boy,Finn,100
2018,Boy,Finnian,5
2018,Boy,Fintan,11
2018,Boy,Fionan,3
2018,Boy,Fionn,50
2018,Boy,Fionnan,4
2018,Boy,Fionnbarr,3
2018,Boy,Fionntan,3
2018,Boy,Fletcher,3
2018,Boy,Flynn,10
2018,Boy,Francis,9
2018,Boy,Frank,4
2018,Boy,Frankie,27
2018,Boy,Freddie,72
2018,Boy,Freddy,6
2018,Boy,Frederick,14
2018,Boy,Fredrick,5
2018,Boy,Gabriel,23
2018,Boy,Gabrielius,3
2018,Boy,Gavin,5
2018,Boy,George,59
2018,Boy,Gerard,13
2018,Boy,Grayson,11
2018,Boy,Harley,14
2018,Boy,Harrison,34
2018,Boy,Harry,150
2018,Boy,Harvey,22
2018,Boy,Hayden,6
2018,Boy,Henry,53
2018,Boy,Hudson,22
2018,Boy,Hugh,9
2018,Boy,Hugo,16
2018,Boy,Hunter,41
2018,Boy,Ianis,3
2018,Boy,Iarla,6
2018,Boy,Igor,4
2018,Boy,Isaac,72
2018,Boy,Isaiah,4
2018,Boy,Ivan,6
2018,Boy,Jace,8
2018,Boy,Jack,201
2018,Boy,Jackson,22
2018,Boy,Jacob,154
2018,Boy,Jai,3
2018,Boy,Jake,76
2018,Boy,Jakub,8
2018,Boy,James,217
2018,Boy,Jameson,3
2018,Boy,Jamie,60
2018,Boy,Jan,6
2018,Boy,Jarlath,4
2018,Boy,Jason,18
2018,Boy,Jasper,5
2018,Boy,Jax,25
2018,Boy,Jaxen,3
2018,Boy,Jaxon,49
2018,Boy,Jaxson,5
2018,Boy,Jay,19
2018,Boy,Jayden,32
2018,Boy,Jaylen,3
2018,Boy,Jayson,4
2018,Boy,Jensen,7
2018,Boy,Jenson,20
2018,Boy,Jesse,17
2018,Boy,Jim,3
2018,Boy,Jimmy,3
2018,Boy,Joe,15
2018,Boy,Joel,36
2018,Boy,Joey,17
2018,Boy,John,50
2018,Boy,Johnny,8
2018,Boy,Jonah,42
2018,Boy,Jonas,9
2018,Boy,Jonathan,7
2018,Boy,Jordan,11
2018,Boy,Joseph,81
2018,Boy,Josh,18
2018,Boy,Joshua,103
2018,Boy,Josiah,3
2018,Boy,Judah,8
2018,Boy,Jude,85
2018,Boy,Junior,5
2018,Boy,Kacper,4
2018,Boy,Kade,6
2018,Boy,Kaden,3
2018,Boy,Kai,28
2018,Boy,Kaiden,19
2018,Boy,Kajus,7
2018,Boy,Kaleb,8
2018,Boy,Kane,8
2018,Boy,Karl,3
2018,Boy,Karter,4
2018,Boy,Kayden,17
2018,Boy,Keagan,3
2018,Boy,Keegan,12
2018,Boy,Keelan,3
2018,Boy,Kevin,15
2018,Boy,Kian,8
2018,Boy,Kieran,5
2018,Boy,Kilian,3
2018,Boy,Killian,9
2018,Boy,Koa,4
2018,Boy,Kobi,4
2018,Boy,Kobie,3
2018,Boy,Koby,3
2018,Boy,Kodi,3
2018,Boy,Kody,4
2018,Boy,Kruz,3
2018,Boy,Krystian,3
2018,Boy,Krzysztof,3
2018,Boy,Kye,3
2018,Boy,Kyle,13
2018,Boy,Kylian,4
2018,Boy,Kyran,4
2018,Boy,Kyron,3
2018,Boy,Larry,5
2018,Boy,Lawson,8
2018,Boy,Layton,3
2018,Boy,Lee,5
2018,Boy,Lennon,5
2018,Boy,Lenny,3
2018,Boy,Leo,137
2018,Boy,Leon,24
2018,Boy,Leonardo,5
2018,Boy,Levi,20
2018,Boy,Lewis,30
2018,Boy,Liam,52
2018,Boy,Lincoln,9
2018,Boy,Lochlainn,4
2018,Boy,Lochlan,11
2018,Boy,Lochlann,13
2018,Boy,Logan,118
2018,Boy,Lorcan,53
2018,Boy,Louie,14
2018,Boy,Louis,18
2018,Boy,Luan,7
2018,Boy,Luca,46
2018,Boy,Lucas,69
2018,Boy,Lughan,6
2018,Boy,Luis,5
2018,Boy,Luka,6
2018,Boy,Lukas,10
2018,Boy,Luke,72
2018,Boy,Maddox,5
2018,Boy,Malachi,7
2018,Boy,Malachy,7
2018,Boy,Marc,3
2018,Boy,Marcel,8
2018,Boy,Marco,5
2018,Boy,Marcus,16
2018,Boy,Mark,13
2018,Boy,Marley,4
2018,Boy,Martin,13
2018,Boy,Mason,83
2018,Boy,Matas,3
2018,Boy,Mateo,4
2018,Boy,Matthew,119
2018,Boy,Mattie,7
2018,Boy,Maverick,5
2018,Boy,Max,72
2018,Boy,Maximilian,4
2018,Boy,Maximus,7
2018,Boy,Micah,15
2018,Boy,Miceal,4
2018,Boy,Michael,77
2018,Boy,Michal,4
2018,Boy,Micheal,13
2018,Boy,Mikolaj,3
2018,Boy,Miles,5
2018,Boy,Milo,5
2018,Boy,Mohammed,7
2018,Boy,Muhammad,5
2018,Boy,Myles,12
2018,Boy,Natan,5
2018,Boy,Nataniel,3
2018,Boy,Nathan,35
2018,Boy,Nathaniel,6
2018,Boy,Neo,3
2018,Boy,Niall,35
2018,Boy,Nicholas,6
2018,Boy,Nicolas,4
2018,Boy,Noah,217
2018,Boy,Noel,7
2018,Boy,Oakley,3
2018,Boy,Odhran,63
2018,Boy,Odin,9
2018,Boy,Oisin,111
2018,Boy,Oliver,151
2018,Boy,Oliwier,7
2018,Boy,Ollie,76
2018,Boy,Olly,14
2018,Boy,Oran,10
2018,Boy,Orin,3
2018,Boy,Oscar,65
2018,Boy,Oskar,5
2018,Boy,Otis,3
2018,Boy,Owen,19
2018,Boy,Padraig,31
2018,Boy,Paidi,10
2018,Boy,Paraic,4
2018,Boy,Parker,21
2018,Boy,Patrick,70
2018,Boy,Paudie,3
2018,Boy,Paul,16
2018,Boy,Pauric,8
2018,Boy,Peadar,16
2018,Boy,Pearse,14
2018,Boy,Peter,22
2018,Boy,Philip,3
2018,Boy,Preston,6
2018,Boy,Quinn,3
2018,Boy,Ralph,7
2018,Boy,Raphael,4
2018,Boy,Ray,4
2018,Boy,Rayan,4
2018,Boy,Reagan,4
2018,Boy,Reece,11
2018,Boy,Reggie,6
2018,Boy,Remy,5
2018,Boy,Reuben,65
2018,Boy,Rex,4
2018,Boy,Rhys,11
2018,Boy,Rian,10
2018,Boy,Richard,3
2018,Boy,Riley,40
2018,Boy,Rio,12
2018,Boy,Robbie,15
2018,Boy,Robert,31
2018,Boy,Robin,9
2018,Boy,Rocco,8
2018,Boy,Rogan,8
2018,Boy,Rohan,3
2018,Boy,Roman,6
2018,Boy,Ronan,86
2018,Boy,Ronnie,5
2018,Boy,Rory,54
2018,Boy,Ross,6
2018,Boy,Rossa,17
2018,Boy,Rowan,13
2018,Boy,Ruadhan,6
2018,Boy,Ruaidhri,3
2018,Boy,Ruairi,32
2018,Boy,Ruben,9
2018,Boy,Rudi,4
2018,Boy,Rudy,5
2018,Boy,Ryan,70
2018,Boy,Sam,27
2018,Boy,Samuel,44
2018,Boy,Saul,10
2018,Boy,Scott,8
2018,Boy,Se,6
2018,Boy,Seaghan,3
2018,Boy,Seamus,12
2018,Boy,Sean,63
2018,Boy,Sebastian,26
2018,Boy,Senan,26
2018,Boy,Seth,30
2018,Boy,Shane,18
2018,Boy,Shay,14
2018,Boy,Shea,61
2018,Boy,Silas,4
2018,Boy,Simon,3
2018,Boy,Solomon,3
2018,Boy,Sonny,16
2018,Boy,Spencer,4
2018,Boy,Stanley,3
2018,Boy,Stefan,9
2018,Boy,Stephen,7
2018,Boy,Steven,4
2018,Boy,Szymon,3
2018,Boy,Tadhg,20
2018,Boy,Taylor,7
2018,Boy,Ted,6
2018,Boy,Teddy,26
2018,Boy,Teo,3
2018,Boy,Terence,3
2018,Boy,Theo,100
2018,Boy,Theodore,17
2018,Boy,Thom,3
2018,Boy,Thomas,142
2018,Boy,Tiarnan,19
2018,Boy,Tiernan,25
2018,Boy,Timothy,6
2018,Boy,Tobias,8
2018,Boy,Toby,22
2018,Boy,Tom,55
2018,Boy,Tomas,25
2018,Boy,Tommy,51
2018,Boy,Tony,4
2018,Boy,Torin,3
2018,Boy,Travis,6
2018,Boy,Tristan,11
2018,Boy,Turlough,5
2018,Boy,Tyler,28
2018,Boy,Tymon,4
2018,Boy,Ultan,3
2018,Boy,Victor,4
2018,Boy,Vincent,6
2018,Boy,Vinnie,5
2018,Boy,Wiktor,3
2018,Boy,Will,15
2018,Boy,William,50
2018,Boy,Wyatt,11
2018,Boy,Xander,8
2018,Boy,Zac,19
2018,Boy,Zach,36
2018,Boy,Zachary,25
2018,Boy,Zack,10
2018,Boy,Zak,7
2018,Boy,Zayn,4
2018,Boy,Zeke,3
2018,Boy,Zion,5
2018,Girl,Aaliyah,10
2018,Girl,Aaria,3
2018,Girl,Abbie,19
2018,Girl,Abby,3
2018,Girl,Abigail,46
2018,Girl,Ada,27
2018,Girl,Addison,5
2018,Girl,Adriana,3
2018,Girl,Aela,4
2018,Girl,Aibhlinn,6
2018,Girl,Aida,6
2018,Girl,Aideen,3
2018,Girl,Ailbhe,4
2018,Girl,Aileen,3
2018,Girl,Aimee,17
2018,Girl,Aine,28
2018,Girl,Aisha,4
2018,Girl,Aisling,7
2018,Girl,Alana,12
2018,Girl,Alanna,8
2018,Girl,Alannah,14
2018,Girl,Alaya,4
2018,Girl,Alessia,3
2018,Girl,Alex,7
2018,Girl,Alexa,10
2018,Girl,Alexandra,24
2018,Girl,Alexia,3
2018,Girl,Alexis,4
2018,Girl,Alice,59
2018,Girl,Alicia,10
2018,Girl,Alicja,4
2018,Girl,Alina,3
2018,Girl,Alisha,5
2018,Girl,Aliyah,5
2018,Girl,Alyssa,7
2018,Girl,Amaya,6
2018,Girl,Amber,36
2018,Girl,Ameera,3
2018,Girl,Amelia,140
2018,Girl,Amelia-Rose,11
2018,Girl,Amelie,7
2018,Girl,Amelija,4
2018,Girl,Amira,11
2018,Girl,Amy,29
2018,Girl,Ana,12
2018,Girl,Anais,4
2018,Girl,Anastasia,5
2018,Girl,Angela,4
2018,Girl,Anna,128
2018,Girl,Annabel,5
2018,Girl,Annabelle,26
2018,Girl,Annalise,3
2018,Girl,Annie,82
2018,Girl,Antonia,6
2018,Girl,Aoibh,6
2018,Girl,Aoibhe,15
2018,Girl,Aoibheann,23
2018,Girl,Aoibhin,7
2018,Girl,Aoibhinn,9
2018,Girl,Aoife,118
2018,Girl,April,10
2018,Girl,Arabella,4
2018,Girl,Aria,70
2018,Girl,Ariah,7
2018,Girl,Ariana,20
2018,Girl,Arianna,18
2018,Girl,Arielle,3
2018,Girl,Ariya,3
2018,Girl,Ariyah,3
2018,Girl,Arya,10
2018,Girl,Aryia,3
2018,Girl,Athena,3
2018,Girl,Aubree,5
2018,Girl,Aurora,10
2018,Girl,Autumn,12
2018,Girl,Ava,106
2018,Girl,Ava-Rose,5
2018,Girl,Avaya,3
2018,Girl,Avery,7
2018,Girl,Ayda,18
2018,Girl,Ayla,14
2018,Girl,Beibhinn,4
2018,Girl,Bella,22
2018,Girl,Belle,11
2018,Girl,Beth,20
2018,Girl,Bethany,24
2018,Girl,Betsy,3
2018,Girl,Bianka,3
2018,Girl,Billie,3
2018,Girl,Blaithin,7
2018,Girl,Blake,5
2018,Girl,Blathnaid,6
2018,Girl,Bonnie,14
2018,Girl,Brenna,3
2018,Girl,Bria,3
2018,Girl,Briana,3
2018,Girl,Brianna,7
2018,Girl,Bridget,4
2018,Girl,Brogan,4
2018,Girl,Bronagh,5
2018,Girl,Brooke,12
2018,Girl,Cadhla,17
2018,Girl,Caela,4
2018,Girl,Cailin,3
2018,Girl,Cait,5
2018,Girl,Caitlin,30
2018,Girl,Caitlyn,3
2018,Girl,Cali,4
2018,Girl,Callie,14
2018,Girl,Cally,3
2018,Girl,Caoimhe,51
2018,Girl,Cara,73
2018,Girl,Caragh,17
2018,Girl,Carla,5
2018,Girl,Carly,8
2018,Girl,Casey,7
2018,Girl,Cassie,28
2018,Girl,Catherine,11
2018,Girl,Ceala,7
2018,Girl,Charley,7
2018,Girl,Charlie,3
2018,Girl,Charlotte,108
2018,Girl,Chloe,66
2018,Girl,Christina,3
2018,Girl,Christine,3
2018,Girl,Ciara,13
2018,Girl,Clara,61
2018,Girl,Claragh,5
2018,Girl,Claudia,4
2018,Girl,Cleo,4
2018,Girl,Cliodhna,18
2018,Girl,Cloda,3
2018,Girl,Clodagh,48
2018,Girl,Connie,39
2018,Girl,Cora,37
2018,Girl,Daisy,44
2018,Girl,Daisy-May,3
2018,Girl,Dakota,7
2018,Girl,Daniella,3
2018,Girl,Danielle,4
2018,Girl,Dara,3
2018,Girl,Darcey,14
2018,Girl,Darci,4
2018,Girl,Darcie,24
2018,Girl,Darcy,28
2018,Girl,Daria,3
2018,Girl,Dearbhla,7
2018,Girl,Demi,4
2018,Girl,Diana,4
2018,Girl,Dorothy,3
2018,Girl,Eabha,44
2018,Girl,Ebony,5
2018,Girl,Eden,25
2018,Girl,Edie,5
2018,Girl,Edith,17
2018,Girl,Eibhleann,3
2018,Girl,Eibhlin,4
2018,Girl,Eilidh,7
2018,Girl,Eilis,6
2018,Girl,Eimear,41
2018,Girl,Eire,3
2018,Girl,Eireann,21
2018,Girl,Eirinn,11
2018,Girl,Eleanor,8
2018,Girl,Elena,18
2018,Girl,Eliana,4
2018,Girl,Elisa,4
2018,Girl,Elise,9
2018,Girl,Eliza,21
2018,Girl,Elizabeth,24
2018,Girl,Ella,151
2018,Girl,Ella-Grace,5
2018,Girl,Ella-Rose,14
2018,Girl,Elle,5
2018,Girl,Ellen,15
2018,Girl,Ellie,77
2018,Girl,Ellie-Mae,3
2018,Girl,Ellie-May,5
2018,Girl,Ellie-Rose,4
2018,Girl,Elodie,4
2018,Girl,Eloise,14
2018,Girl,Elora,3
2018,Girl,Elsie,36
2018,Girl,Ema,6
2018,Girl,Emer,6
2018,Girl,Emilia,28
2018,Girl,Emilie,9
2018,Girl,Emily,203
2018,Girl,Emily-Jane,3
2018,Girl,Emma,74
2018,Girl,Emme,6
2018,Girl,Emmeline,4
2018,Girl,Emmie,9
2018,Girl,Enya,7
2018,Girl,Erica,6
2018,Girl,Erin,95
2018,Girl,Esmae,3
2018,Girl,Esme,16
2018,Girl,Esmee,3
2018,Girl,Esther,4
2018,Girl,Etain,3
2018,Girl,Eva,95
2018,Girl,Eve,30
2018,Girl,Evelyn,18
2018,Girl,Evie,101
2018,Girl,Fainche,3
2018,Girl,Faith,37
2018,Girl,Farah,10
2018,Girl,Farrah,29
2018,Girl,Fatima,3
2018,Girl,Faye,39
2018,Girl,Felicity,8
2018,Girl,Fiadh,89
2018,Girl,Fianna,27
2018,Girl,Fionnuala,3
2018,Girl,Florence,11
2018,Girl,Francesca,6
2018,Girl,Frankie,8
2018,Girl,Freya,76
2018,Girl,Freyja,5
2018,Girl,Gabija,3
2018,Girl,Gabriela,9
2018,Girl,Gabriella,5
2018,Girl,Georgia,59
2018,Girl,Georgie,12
2018,Girl,Grace,221
2018,Girl,Gracie,29
2018,Girl,Grainne,4
2018,Girl,Hailey,9
2018,Girl,Hailie,3
2018,Girl,Halle,8
2018,Girl,Hallie,20
2018,Girl,Hanna,7
2018,Girl,Hannah,86
2018,Girl,Harley,7
2018,Girl,Harper,46
2018,Girl,Harper-Rose,3
2018,Girl,Harpur,3
2018,Girl,Harriet,15
2018,Girl,Hayley,8
2018,Girl,Hazel,7
2018,Girl,Heidi,33
2018,Girl,Helena,4
2018,Girl,Hollie,29
2018,Girl,Holly,63
2018,Girl,Hope,13
2018,Girl,Huda,3
2018,Girl,Ida,6
2018,Girl,Ide,3
2018,Girl,Imogen,16
2018,Girl,Indi,4
2018,Girl,India,4
2018,Girl,Indie,8
2018,Girl,Iona,7
2018,Girl,Iris,6
2018,Girl,Isabella,63
2018,Girl,Isabelle,14
2018,Girl,Isla,135
2018,Girl,Isla-Mae,4
2018,Girl,Isla-Rose,3
2018,Girl,Isobel,4
2018,Girl,Ivy,45
2018,Girl,Izabella,5
2018,Girl,Izzy,8
2018,Girl,Jade,3
2018,Girl,Jasmine,24
2018,Girl,Jayla,3
2018,Girl,Jenna,9
2018,Girl,Jennifer,4
2018,Girl,Jess,3
2018,Girl,Jessica,95
2018,Girl,Jessie,11
2018,Girl,Joanna,6
2018,Girl,Jodi,3
2018,Girl,Jodie,3
2018,Girl,Jorgie,6
2018,Girl,Jorja,6
2018,Girl,Josie,5
2018,Girl,Joy,3
2018,Girl,Julia,27
2018,Girl,Juliet,4
2018,Girl,Juno,5
2018,Girl,Kaci,5
2018,Girl,Kacie,5
2018,Girl,Kaia,7
2018,Girl,Kaitlyn,6
2018,Girl,Kaja,3
2018,Girl,Kali,4
2018,Girl,Kara,9
2018,Girl,Kate,24
2018,Girl,Katelyn,4
2018,Girl,Katherine,10
2018,Girl,Kathleen,6
2018,Girl,Kathryn,3
2018,Girl,Katie,86
2018,Girl,Katie-Rose,4
2018,Girl,Katy,4
2018,Girl,Kayla,19
2018,Girl,Kaylee,3
2018,Girl,Kayleigh,10
2018,Girl,Keela,4
2018,Girl,Keeva,3
2018,Girl,Keira,4
2018,Girl,Kendall,3
2018,Girl,Kenzie,4
2018,Girl,Khaleesi,4
2018,Girl,Khloe,7
2018,Girl,Kitty,3
2018,Girl,Kornelia,6
2018,Girl,Krystal,3
2018,Girl,Kyla,3
2018,Girl,Kyra,7
2018,Girl,Lacey,23
2018,Girl,Lacie,5
2018,Girl,Laila,6
2018,Girl,Lana,13
2018,Girl,Laoise,8
2018,Girl,Lara,32
2018,Girl,Laura,11
2018,Girl,Lauren,14
2018,Girl,Layla,30
2018,Girl,Leah,43
2018,Girl,Leia,3
2018,Girl,Leila,8
2018,Girl,Leja,5
2018,Girl,Lena,12
2018,Girl,Leona,5
2018,Girl,Lettie,3
2018,Girl,Lexi,12
2018,Girl,Lexie,11
2018,Girl,Libby,7
2018,Girl,Liepa,4
2018,Girl,Lila,7
2018,Girl,Lilah,7
2018,Girl,Lilia,4
2018,Girl,Liliana,8
2018,Girl,Lillian,4
2018,Girl,Lillie,7
2018,Girl,Lilly,11
2018,Girl,Lily,125
2018,Girl,Lily-Mae,4
2018,Girl,Lily-Rose,6
2018,Girl,Lois,6
2018,Girl,Lola,28
2018,Girl,Lola-Rose,3
2018,Girl,Lori,5
2018,Girl,Lottie,33
2018,Girl,Louisa,5
2018,Girl,Lucia,20
2018,Girl,Lucie,11
2018,Girl,Lucy,124
2018,Girl,Luisne,3
2018,Girl,Luna,18
2018,Girl,Lydia,15
2018,Girl,Lyla,19
2018,Girl,Mabel,6
2018,Girl,Macey,3
2018,Girl,Maci,4
2018,Girl,Macie,7
2018,Girl,Macy,6
2018,Girl,Maddie,7
2018,Girl,Maddison,8
2018,Girl,Madeleine,3
2018,Girl,Madeline,3
2018,Girl,Madison,14
2018,Girl,Mae,4
2018,Girl,Maebh,4
2018,Girl,Maeve,9
2018,Girl,Maggie,18
2018,Girl,Maia,3
2018,Girl,Mairead,4
2018,Girl,Maisie,57
2018,Girl,Maja,7
2018,Girl,Mallaidh,3
2018,Girl,Mara,4
2018,Girl,Margaret,3
2018,Girl,Margo,3
2018,Girl,Margot,5
2018,Girl,Maria,32
2018,Girl,Marnie,3
2018,Girl,Martha,15
2018,Girl,Mary,10
2018,Girl,Mary-Kate,5
2018,Girl,Matilda,21
2018,Girl,Matylda,4
2018,Girl,Maya,26
2018,Girl,Mayla,3
2018,Girl,Meabh,47
2018,Girl,Meadbh,4
2018,Girl,Meadow,3
2018,Girl,Megan,18
2018,Girl,Meghan,8
2018,Girl,Melanie,4
2018,Girl,Melisa,3
2018,Girl,Melissa,4
2018,Girl,Meredith,3
2018,Girl,Mia,83
2018,Girl,Mila,33
2018,Girl,Milah,3
2018,Girl,Milana,3
2018,Girl,Milania,3
2018,Girl,Miley,10
2018,Girl,Millie,14
2018,Girl,Minnie,3
2018,Girl,Mira,3
2018,Girl,Miriam,4
2018,Girl,Miya,4
2018,Girl,Mollie,34
2018,Girl,Molly,63
2018,Girl,Morgan,4
2018,Girl,Muireann,6
2018,Girl,Mya,26
2018,Girl,Myah,5
2018,Girl,Myla,35
2018,Girl,Mylah,5
2018,Girl,Nadia,3
2018,Girl,Nainsi,3
2018,Girl,Nancy,6
2018,Girl,Naoise,6
2018,Girl,Naomi,11
2018,Girl,Natalia,6
2018,Girl,Natalie,7
2018,Girl,Neala,6
2018,Girl,Nela,3
2018,Girl,Nell,4
2018,Girl,Nevaeh,21
2018,Girl,Niamh,92
2018,Girl,Nicole,11
2018,Girl,Nina,24
2018,Girl,Nora,14
2018,Girl,Norah,6
2018,Girl,Nova,7
2018,Girl,Olive,6
2018,Girl,Olivia,178
2018,Girl,Olivia-Rose,3
2018,Girl,Oliwia,3
2018,Girl,Oonagh,3
2018,Girl,Orla,22
2018,Girl,Orlagh,5
2018,Girl,Orlaith,21
2018,Girl,Paige,20
2018,Girl,Paisley,3
2018,Girl,Patricia,3
2018,Girl,Penelope,15
2018,Girl,Penny,25
2018,Girl,Peyton,3
2018,Girl,Philippa,3
2018,Girl,Phoebe,44
2018,Girl,Piper,6
2018,Girl,Pippa,29
2018,Girl,Pola,4
2018,Girl,Polly,5
2018,Girl,Poppy,46
2018,Girl,Priya,14
2018,Girl,Pyper,8
2018,Girl,Quinn,13
2018,Girl,Rachel,20
2018,Girl,Radha,3
2018,Girl,Rae,4
2018,Girl,Raina,6
2018,Girl,Raya,5
2018,Girl,Rayna,5
2018,Girl,Reagan,4
2018,Girl,Rebecca,28
2018,Girl,Rebekah,11
2018,Girl,Reeva,8
2018,Girl,Reina,5
2018,Girl,Remi,3
2018,Girl,Renae,4
2018,Girl,Rhea,13
2018,Girl,Rhia,3
2018,Girl,Ria,10
2018,Girl,Riadh,5
2018,Girl,Riah,4
2018,Girl,Riley,11
2018,Girl,Rioghnach,6
2018,Girl,Riona,5
2018,Girl,Rionach,10
2018,Girl,Rionagh,4
2018,Girl,Robyn,29
2018,Girl,Roise,23
2018,Girl,Roisin,7
2018,Girl,Roma,3
2018,Girl,Rosa,37
2018,Girl,Rosanna,6
2018,Girl,Rose,35
2018,Girl,Rosie,64
2018,Girl,Rowan,3
2018,Girl,Ruby,71
2018,Girl,Runa,3
2018,Girl,Ruth,3
2018,Girl,Sadhbh,3
2018,Girl,Sadie,36
2018,Girl,Saerlaith,5
2018,Girl,Saffron,3
2018,Girl,Sally,3
2018,Girl,Samanta,3
2018,Girl,Samantha,5
2018,Girl,Saoirse,46
2018,Girl,Saorla,7
2018,Girl,Saorlaith,23
2018,Girl,Sara,14
2018,Girl,Sarah,42
2018,Girl,Sasha,5
2018,Girl,Savanna,3
2018,Girl,Savannah,25
2018,Girl,Scarlet,4
2018,Girl,Scarlett,42
2018,Girl,Scarlett-Rose,3
2018,Girl,Seren,3
2018,Girl,Serena,5
2018,Girl,Shannon,6
2018,Girl,Shauna,4
2018,Girl,Shona,3
2018,Girl,Sienna,34
2018,Girl,Simona,3
2018,Girl,Sinead,6
2018,Girl,Siofra,7
2018,Girl,Skye,9
2018,Girl,Skylar,12
2018,Girl,Sofia,56
2018,Girl,Sophia,117
2018,Girl,Sophie,155
2018,Girl,Sorcha,8
2018,Girl,Stella,5
2018,Girl,Stephanie,3
2018,Girl,Summer,20
2018,Girl,Susanna,3
2018,Girl,Tabitha,4
2018,Girl,Talia,8
2018,Girl,Tamara,3
2018,Girl,Tara,11
2018,Girl,Taylor,5
2018,Girl,Teagan,3
2018,Girl,Tegan,4
2018,Girl,Tess,8
2018,Girl,Tessa,6
2018,Girl,Thea,34
2018,Girl,Theresa,3
2018,Girl,Thomasina,3
2018,Girl,Tiana,4
2018,Girl,Tierna,3
2018,Girl,Tiffany,3
2018,Girl,Tillie,3
2018,Girl,Tilly,19
2018,Girl,Tova,3
2018,Girl,Tyla,3
2018,Girl,Una,5
2018,Girl,Vanessa,4
2018,Girl,Victoria,17
2018,Girl,Vienna,3
2018,Girl,Vilte,3
2018,Girl,Violet,14
2018,Girl,Willow,66
2018,Girl,Winnie,3
2018,Girl,Wren,6
2018,Girl,Wynter,3
2018,Girl,Zara,62
2018,Girl,Zoe,36
2018,Girl,Zoey,5
2018,Girl,Zuzanna,8
2019,Boy,Aaron,41
2019,Boy,Abel,9
2019,Boy,Adam,78
2019,Boy,Aidan,35
2019,Boy,Aiden,8
2019,Boy,Aj,4
2019,Boy,Ajay,3
2019,Boy,Alan,9
2019,Boy,Albert,4
2019,Boy,Albie,13
2019,Boy,Alby,3
2019,Boy,Aleksander,5
2019,Boy,Alex,52
2019,Boy,Alexander,74
2019,Boy,Alfie,117
2019,Boy,Alfred,5
2019,Boy,Ali,5
2019,Boy,Alistair,4
2019,Boy,Andrew,22
2019,Boy,Andy,3
2019,Boy,Angus,4
2019,Boy,Anthony,15
2019,Boy,Anton,5
2019,Boy,Antoni,11
2019,Boy,Antonio,3
2019,Boy,Aodh,3
2019,Boy,Aodhan,47
2019,Boy,Archer,4
2019,Boy,Archie,76
2019,Boy,Arlo,45
2019,Boy,Aron,3
2019,Boy,Aronas,6
2019,Boy,Arthur,91
2019,Boy,Artur,3
2019,Boy,Asher,5
2019,Boy,Ashton,6
2019,Boy,Austin,22
2019,Boy,Avery,9
2019,Boy,Axel,5
2019,Boy,Ayden,3
2019,Boy,Bailey,5
2019,Boy,Barney,3
2019,Boy,Barra,5
2019,Boy,Beau,7
2019,Boy,Ben,51
2019,Boy,Benas,3
2019,Boy,Benjamin,52
2019,Boy,Bentley,6
2019,Boy,Bertie,4
2019,Boy,Billy,11
2019,Boy,Blaine,3
2019,Boy,Blake,36
2019,Boy,Bobbie,3
2019,Boy,Bobby,47
2019,Boy,Bodhi,8
2019,Boy,Boris,3
2019,Boy,Bradan,3
2019,Boy,Bradley,7
2019,Boy,Braiden,4
2019,Boy,Brandon,3
2019,Boy,Brayden,6
2019,Boy,Brendan,11
2019,Boy,Brodie,18
2019,Boy,Brody,23
2019,Boy,Brogan,5
2019,Boy,Brooklyn,6
2019,Boy,Bryson,3
2019,Boy,Cadain,6
2019,Boy,Cadan,10
2019,Boy,Caden,9
2019,Boy,Caelan,7
2019,Boy,Cahan,6
2019,Boy,Cahir,23
2019,Boy,Caiden,22
2019,Boy,Cain,5
2019,Boy,Calaeb,6
2019,Boy,Caleb,67
2019,Boy,Callum,35
2019,Boy,Calum,4
2019,Boy,Calvin,6
2019,Boy,Cameron,11
2019,Boy,Caodhan,6
2019,Boy,Caoimhin,26
2019,Boy,Caolan,30
2019,Boy,Carson,20
2019,Boy,Carter,51
2019,Boy,Casey,5
2019,Boy,Cathair,11
2019,Boy,Cathal,12
2019,Boy,Cathaoir,9
2019,Boy,Cayden,6
2019,Boy,Charles,18
2019,Boy,Charlie,170
2019,Boy,Che,14
2019,Boy,Chester,5
2019,Boy,Chris,3
2019,Boy,Christian,9
2019,Boy,Christopher,26
2019,Boy,Cian,51
2019,Boy,Cianan,5
2019,Boy,Ciaran,20
2019,Boy,Cillian,104
2019,Boy,Clay,4
2019,Boy,Coby,3
2019,Boy,Cody,33
2019,Boy,Coen,11
2019,Boy,Cohan,4
2019,Boy,Cohen,24
2019,Boy,Cole,10
2019,Boy,Colton,8
2019,Boy,Conal,6
2019,Boy,Conall,9
2019,Boy,Conan,54
2019,Boy,Conlan,8
2019,Boy,Conlaoch,3
2019,Boy,Conleth,10
2019,Boy,Conn,9
2019,Boy,Connla,6
2019,Boy,Connor,15
2019,Boy,Conor,84
2019,Boy,Cooper,17
2019,Boy,Corey,21
2019,Boy,Corin,4
2019,Boy,Cormac,32
2019,Boy,Cruz,6
2019,Boy,Cruze,3
2019,Boy,Cuan,3
2019,Boy,Culainn,3
2019,Boy,Culann,6
2019,Boy,Curtis,5
2019,Boy,Daire,50
2019,Boy,Daithi,65
2019,Boy,Dalton,3
2019,Boy,Damian,5
2019,Boy,Damien,3
2019,Boy,Dan,4
2019,Boy,Danann,5
2019,Boy,Daniel,135
2019,Boy,Danny,41
2019,Boy,Dara,31
2019,Boy,Darius,3
2019,Boy,Darragh,73
2019,Boy,Darren,6
2019,Boy,David,42
2019,Boy,Davin,4
2019,Boy,Dawson,12
2019,Boy,Declan,10
2019,Boy,Denis,3
2019,Boy,Dennis,3
2019,Boy,Dexter,5
2019,Boy,Diarmuid,3
2019,Boy,Dilanas,3
2019,Boy,Dillon,7
2019,Boy,Domhnall,4
2019,Boy,Dominic,15
2019,Boy,Dominik,6
2019,Boy,Donal,8
2019,Boy,Donall,3
2019,Boy,Donnacha,17
2019,Boy,Donncha,5
2019,Boy,Donnchadh,5
2019,Boy,Douglas,3
2019,Boy,Dylan,56
2019,Boy,Eamon,5
2019,Boy,Eamonn,4
2019,Boy,Eanna,3
2019,Boy,Edan,3
2019,Boy,Eddie,4
2019,Boy,Edward,25
2019,Boy,Eli,43
2019,Boy,Elias,6
2019,Boy,Elijah,52
2019,Boy,Elliot,14
2019,Boy,Elliott,22
2019,Boy,Ellis,15
2019,Boy,Emmet,7
2019,Boy,Emmett,5
2019,Boy,Enda,11
2019,Boy,Enzo,5
2019,Boy,Eoghan,19
2019,Boy,Eoin,61
2019,Boy,Eric,6
2019,Boy,Ethan,100
2019,Boy,Euan,4
2019,Boy,Eugene,3
2019,Boy,Eunan,7
2019,Boy,Evan,17
2019,Boy,Ezekiel,3
2019,Boy,Ezra,46
2019,Boy,Fabian,3
2019,Boy,Faolan,5
2019,Boy,Felix,6
2019,Boy,Fiachra,16
2019,Boy,Filip,12
2019,Boy,Finbarr,6
2019,Boy,Finian,3
2019,Boy,Finlay,9
2019,Boy,Finley,20
2019,Boy,Finn,114
2019,Boy,Finnley,3
2019,Boy,Fintan,7
2019,Boy,Fionn,58
2019,Boy,Fionnan,3
2019,Boy,Fionntan,6
2019,Boy,Fletcher,5
2019,Boy,Flynn,10
2019,Boy,Fox,3
2019,Boy,Francis,13
2019,Boy,Franciszek,3
2019,Boy,Frank,12
2019,Boy,Frankie,22
2019,Boy,Franklin,3
2019,Boy,Fraser,3
2019,Boy,Freddie,77
2019,Boy,Freddy,4
2019,Boy,Frederick,6
2019,Boy,Fredrick,3
2019,Boy,Fynn,3
2019,Boy,Gabriel,30
2019,Boy,George,75
2019,Boy,Georgie,6
2019,Boy,Gerard,7
2019,Boy,Grayson,10
2019,Boy,Harley,11
2019,Boy,Harris,5
2019,Boy,Harrison,43
2019,Boy,Harry,156
2019,Boy,Harvey,14
2019,Boy,Hayden,7
2019,Boy,Henry,42
2019,Boy,Herkus,4
2019,Boy,Hudson,18
2019,Boy,Hugh,17
2019,Boy,Hugo,14
2019,Boy,Hunter,46
2019,Boy,Ian,3
2019,Boy,Iarla,3
2019,Boy,Iarlaith,7
2019,Boy,Isaac,79
2019,Boy,Isaiah,5
2019,Boy,Jace,10
2019,Boy,Jack,229
2019,Boy,Jackson,30
2019,Boy,Jacob,145
2019,Boy,Jaden,5
2019,Boy,Jake,53
2019,Boy,Jakub,6
2019,Boy,James,231
2019,Boy,Jamie,48
2019,Boy,Jan,5
2019,Boy,Jared,3
2019,Boy,Jarlath,3
2019,Boy,Jase,3
2019,Boy,Jason,10
2019,Boy,Jasper,8
2019,Boy,Jax,19
2019,Boy,Jaxon,67
2019,Boy,Jaxson,11
2019,Boy,Jaxx,5
2019,Boy,Jay,18
2019,Boy,Jayce,7
2019,Boy,Jayden,25
2019,Boy,Jensen,20
2019,Boy,Jenson,15
2019,Boy,Jesse,14
2019,Boy,Jimmy,4
2019,Boy,Joe,18
2019,Boy,Joel,19
2019,Boy,Joey,15
2019,Boy,John,46
2019,Boy,John-James,3
2019,Boy,John-Paul,3
2019,Boy,Johnny,10
2019,Boy,Jonah,54
2019,Boy,Jonathan,16
2019,Boy,Jordan,13
2019,Boy,Joseph,64
2019,Boy,Josh,17
2019,Boy,Joshua,96
2019,Boy,Josiah,5
2019,Boy,Judah,12
2019,Boy,Jude,66
2019,Boy,Kacper,5
2019,Boy,Kai,25
2019,Boy,Kaiden,17
2019,Boy,Kajus,6
2019,Boy,Kaleb,5
2019,Boy,Kallum,3
2019,Boy,Kane,3
2019,Boy,Karson,3
2019,Boy,Karter,4
2019,Boy,Kason,4
2019,Boy,Kayden,12
2019,Boy,Kayson,3
2019,Boy,Keegan,12
2019,Boy,Keelan,4
2019,Boy,Keir,3
2019,Boy,Kenzo,3
2019,Boy,Kevin,12
2019,Boy,Kian,5
2019,Boy,Kieran,5
2019,Boy,Killian,14
2019,Boy,Kit,3
2019,Boy,Koa,4
2019,Boy,Kobe,3
2019,Boy,Kobi,7
2019,Boy,Kobie,3
2019,Boy,Koden,3
2019,Boy,Kruz,4
2019,Boy,Kyle,11
2019,Boy,Lawson,6
2019,Boy,Leighton,4
2019,Boy,Lennon,5
2019,Boy,Lennox,3
2019,Boy,Leo,114
2019,Boy,Leon,26
2019,Boy,Leonard,3
2019,Boy,Leonardo,4
2019,Boy,Levi,18
2019,Boy,Lewis,21
2019,Boy,Liam,48
2019,Boy,Lincoln,7
2019,Boy,Lochlainn,7
2019,Boy,Lochlan,3
2019,Boy,Lochlann,8
2019,Boy,Logan,70
2019,Boy,Lorcan,62
2019,Boy,Louie,19
2019,Boy,Louis,33
2019,Boy,Luan,6
2019,Boy,Luca,35
2019,Boy,Lucas,69
2019,Boy,Luka,4
2019,Boy,Lukas,8
2019,Boy,Luke,50
2019,Boy,Lyle,3
2019,Boy,Maddox,3
2019,Boy,Magnus,4
2019,Boy,Malachi,8
2019,Boy,Malachy,9
2019,Boy,Malakai,4
2019,Boy,Marc,3
2019,Boy,Marcel,3
2019,Boy,Marcus,8
2019,Boy,Mark,12
2019,Boy,Martin,14
2019,Boy,Mason,78
2019,Boy,Matas,4
2019,Boy,Mateo,4
2019,Boy,Mathew,3
2019,Boy,Matteo,5
2019,Boy,Matthew,100
2019,Boy,Maverick,3
2019,Boy,Max,65
2019,Boy,Maximus,6
2019,Boy,Micah,15
2019,Boy,Michael,75
2019,Boy,Micheal,15
2019,Boy,Miles,4
2019,Boy,Milo,9
2019,Boy,Mohamed,3
2019,Boy,Morgan,3
2019,Boy,Muhammad,6
2019,Boy,Muhammed,3
2019,Boy,Myles,21
2019,Boy,Naoise,3
2019,Boy,Natan,5
2019,Boy,Nathan,27
2019,Boy,Nathaniel,11
2019,Boy,Niall,33
2019,Boy,Nicholas,9
2019,Boy,Nico,4
2019,Boy,Nicolas,4
2019,Boy,Nikodem,6
2019,Boy,Noah,197
2019,Boy,Noel,5
2019,Boy,Oakley,5
2019,Boy,Odhran,66
2019,Boy,Odin,5
2019,Boy,Oisin,104
2019,Boy,Oliver,148
2019,Boy,Olivier,4
2019,Boy,Ollie,84
2019,Boy,Olly,8
2019,Boy,Omar,6
2019,Boy,Oran,16
2019,Boy,Orin,3
2019,Boy,Oscar,66
2019,Boy,Oskar,7
2019,Boy,Otis,3
2019,Boy,Owen,18
2019,Boy,Padraig,33
2019,Boy,Paidi,10
2019,Boy,Parker,20
2019,Boy,Patrick,60
2019,Boy,Patryk,4
2019,Boy,Paudi,4
2019,Boy,Paudie,4
2019,Boy,Paul,10
2019,Boy,Pauric,5
2019,Boy,Peadar,10
2019,Boy,Pearse,10
2019,Boy,Percy,3
2019,Boy,Peter,22
2019,Boy,Philip,4
2019,Boy,Phoenix,4
2019,Boy,Piaras,3
2019,Boy,Preston,7
2019,Boy,Quinn,11
2019,Boy,Rafael,5
2019,Boy,Ralphie,3
2019,Boy,Raphael,4
2019,Boy,Ray,3
2019,Boy,Rayan,4
2019,Boy,Raymond,3
2019,Boy,Reece,13
2019,Boy,Regan,6
2019,Boy,Reggie,13
2019,Boy,Reid,3
2019,Boy,Remi,4
2019,Boy,Remy,4
2019,Boy,Reuben,56
2019,Boy,Rex,4
2019,Boy,Rhys,14
2019,Boy,Rian,19
2019,Boy,Richard,4
2019,Boy,Riley,42
2019,Boy,Rio,7
2019,Boy,Roan,3
2019,Boy,Robbie,21
2019,Boy,Robert,24
2019,Boy,Robin,3
2019,Boy,Rocco,4
2019,Boy,Rodrigo,4
2019,Boy,Rohan,6
2019,Boy,Rojus,3
2019,Boy,Roman,5
2019,Boy,Ronan,85
2019,Boy,Ronnie,7
2019,Boy,Rory,72
2019,Boy,Ross,6
2019,Boy,Rossa,16
2019,Boy,Rowan,20
2019,Boy,Ruadhan,12
2019,Boy,Ruairi,42
2019,Boy,Ruan,5
2019,Boy,Ruben,10
2019,Boy,Rudi,5
2019,Boy,Rudy,3
2019,Boy,Ryan,62
2019,Boy,Sam,32
2019,Boy,Samuel,42
2019,Boy,Saul,7
2019,Boy,Scott,4
2019,Boy,Se,9
2019,Boy,Seamus,9
2019,Boy,Sean,61
2019,Boy,Seanan,5
2019,Boy,Sebastian,26
2019,Boy,Senan,23
2019,Boy,Seth,41
2019,Boy,Shane,12
2019,Boy,Shay,14
2019,Boy,Shea,57
2019,Boy,Simeon,3
2019,Boy,Simon,3
2019,Boy,Sol,3
2019,Boy,Sonny,16
2019,Boy,Spencer,15
2019,Boy,Stanley,5
2019,Boy,Stefan,4
2019,Boy,Stephen,9
2019,Boy,Szymon,3
2019,Boy,Tadhg,12
2019,Boy,Tate,4
2019,Boy,Taylor,5
2019,Boy,Ted,9
2019,Boy,Teddie,3
2019,Boy,Teddy,29
2019,Boy,Theo,111
2019,Boy,Theodore,38
2019,Boy,Thomas,140
2019,Boy,Tiarnan,17
2019,Boy,Tiernan,23
2019,Boy,Timothy,10
2019,Boy,Tobias,10
2019,Boy,Toby,18
2019,Boy,Tom,47
2019,Boy,Tomas,21
2019,Boy,Tommy,71
2019,Boy,Tony,5
2019,Boy,Torin,5
2019,Boy,Tristan,10
2019,Boy,Troy,3
2019,Boy,Turlough,5
2019,Boy,Tyler,16
2019,Boy,Tymon,3
2019,Boy,Tyson,3
2019,Boy,Ultan,6
2019,Boy,Vincent,8
2019,Boy,Vinnie,3
2019,Boy,Wiktor,3
2019,Boy,Will,7
2019,Boy,William,55
2019,Boy,Wojciech,3
2019,Boy,Wyatt,6
2019,Boy,Xander,16
2019,Boy,Yusuf,5
2019,Boy,Zac,13
2019,Boy,Zach,34
2019,Boy,Zachary,27
2019,Boy,Zack,13
2019,Boy,Zak,6
2019,Boy,Zayn,5
2019,Boy,Zion,4
2019,Girl,Aaliyah,9
2019,Girl,Abaigh,3
2019,Girl,Abbie,18
2019,Girl,Abigail,32
2019,Girl,Ada,34
2019,Girl,Addison,6
2019,Girl,Aida,7
2019,Girl,Aideen,3
2019,Girl,Ailbhe,6
2019,Girl,Ailsa,4
2019,Girl,Aimee,14
2019,Girl,Aine,21
2019,Girl,Aisling,3
2019,Girl,Alaina,4
2019,Girl,Alana,7
2019,Girl,Alanna,6
2019,Girl,Alannah,9
2019,Girl,Alara,4
2019,Girl,Alaya,6
2019,Girl,Alayah,5
2019,Girl,Alayna,3
2019,Girl,Alba,6
2019,Girl,Alessia,6
2019,Girl,Alex,6
2019,Girl,Alexandra,16
2019,Girl,Alexis,3
2019,Girl,Alia,3
2019,Girl,Alice,59
2019,Girl,Alicja,8
2019,Girl,Alina,5
2019,Girl,Alisa,3
2019,Girl,Allie,5
2019,Girl,Alyssa,4
2019,Girl,Amara,3
2019,Girl,Amaya,4
2019,Girl,Amber,32
2019,Girl,Amelia,124
2019,Girl,Amelia-Rose,9
2019,Girl,Amelie,5
2019,Girl,Amira,13
2019,Girl,Amirah,4
2019,Girl,Amy,25
2019,Girl,Anais,3
2019,Girl,Anastasia,6
2019,Girl,Anastazja,3
2019,Girl,Aniyah,3
2019,Girl,Anna,134
2019,Girl,Annabelle,14
2019,Girl,Annie,88
2019,Girl,Annie-Mae,3
2019,Girl,Annie-Rose,3
2019,Girl,Antonia,3
2019,Girl,Aodha,6
2019,Girl,Aoibh,10
2019,Girl,Aoibhe,13
2019,Girl,Aoibheann,15
2019,Girl,Aoibhin,3
2019,Girl,Aoibhinn,8
2019,Girl,Aoife,111
2019,Girl,April,7
2019,Girl,Arabella,11
2019,Girl,Araya,4
2019,Girl,Aria,57
2019,Girl,Ariah,5
2019,Girl,Ariana,11
2019,Girl,Arianna,3
2019,Girl,Ariya,5
2019,Girl,Arya,10
2019,Girl,Aubree,6
2019,Girl,Aurelia,3
2019,Girl,Aurora,12
2019,Girl,Austeja,5
2019,Girl,Autumn,17
2019,Girl,Ava,101
2019,Girl,Ava-Rose,4
2019,Girl,Averie,4
2019,Girl,Avery,7
2019,Girl,Ayda,19
2019,Girl,Ayla,20
2019,Girl,Aylah,5
2019,Girl,Azaria,3
2019,Girl,Beatrice,5
2019,Girl,Beatrix,3
2019,Girl,Bella,54
2019,Girl,Bella-Rose,3
2019,Girl,Belle,8
2019,Girl,Beth,18
2019,Girl,Bethany,16
2019,Girl,Betsy,3
2019,Girl,Bianca,3
2019,Girl,Billie,4
2019,Girl,Blair,3
2019,Girl,Blaithin,6
2019,Girl,Blanka,3
2019,Girl,Bonnie,20
2019,Girl,Brea,4
2019,Girl,Bree,3
2019,Girl,Bria,4
2019,Girl,Brianna,3
2019,Girl,Bridget,3
2019,Girl,Brona,3
2019,Girl,Bronagh,4
2019,Girl,Brooke,18
2019,Girl,Brooklyn,4
2019,Girl,Brooklynn,3
2019,Girl,Cadhla,18
2019,Girl,Cait,8
2019,Girl,Caitlin,33
2019,Girl,Caitlyn,3
2019,Girl,Cali,6
2019,Girl,Calla,3
2019,Girl,Callie,14
2019,Girl,Caoimhe,42
2019,Girl,Cara,77
2019,Girl,Caragh,18
2019,Girl,Carly,4
2019,Girl,Casey,6
2019,Girl,Cassie,23
2019,Girl,Catherine,13
2019,Girl,Ceala,6
2019,Girl,Ceallach,3
2019,Girl,Celine,4
2019,Girl,Cerys,3
2019,Girl,Charley,5
2019,Girl,Charli,4
2019,Girl,Charlie,4
2019,Girl,Charlotte,100
2019,Girl,Chloe,51
2019,Girl,Ciara,14
2019,Girl,Ciarrai,3
2019,Girl,Clara,48
2019,Girl,Claragh,4
2019,Girl,Cliodhna,16
2019,Girl,Cliona,5
2019,Girl,Clodagh,41
2019,Girl,Cobhlaith,3
2019,Girl,Connie,35
2019,Girl,Cora,45
2019,Girl,Croia,4
2019,Girl,Croiadh,5
2019,Girl,Cuisle,4
2019,Girl,Daire,3
2019,Girl,Daisy,32
2019,Girl,Dakota,4
2019,Girl,Danielle,3
2019,Girl,Darcey,10
2019,Girl,Darci,8
2019,Girl,Darcie,19
2019,Girl,Darcy,27
2019,Girl,Daria,5
2019,Girl,Darla,5
2019,Girl,Dearbhla,7
2019,Girl,Delilah,3
2019,Girl,Destiny,4
2019,Girl,Eabha,33
2019,Girl,Eadie,3
2019,Girl,Eala,3
2019,Girl,Ebony,3
2019,Girl,Eden,29
2019,Girl,Edie,11
2019,Girl,Edith,12
2019,Girl,Effie,3
2019,Girl,Eibhlin,7
2019,Girl,Eile,5
2019,Girl,Eimear,36
2019,Girl,Eimile,7
2019,Girl,Eire,4
2019,Girl,Eireann,14
2019,Girl,Eirinn,14
2019,Girl,Eleanor,8
2019,Girl,Elena,12
2019,Girl,Elia,3
2019,Girl,Eliana,8
2019,Girl,Elise,8
2019,Girl,Eliza,24
2019,Girl,Elizabeth,16
2019,Girl,Ella,149
2019,Girl,Ella-Mae,3
2019,Girl,Ella-Rose,3
2019,Girl,Elle,7
2019,Girl,Ellen,13
2019,Girl,Ellie,112
2019,Girl,Ellie-Mae,6
2019,Girl,Elodie,5
2019,Girl,Eloise,15
2019,Girl,Elsie,39
2019,Girl,Ema,3
2019,Girl,Ember,4
2019,Girl,Emelia,5
2019,Girl,Emer,5
2019,Girl,Emilia,26
2019,Girl,Emilie,7
2019,Girl,Emily,161
2019,Girl,Emma,60
2019,Girl,Emme,3
2019,Girl,Emmie,4
2019,Girl,Emmy,3
2019,Girl,Enna,3
2019,Girl,Enya,10
2019,Girl,Erika,4
2019,Girl,Erin,83
2019,Girl,Erinn,3
2019,Girl,Esmae,3
2019,Girl,Esme,25
2019,Girl,Esmee,3
2019,Girl,Eva,64
2019,Girl,Eva-Rose,3
2019,Girl,Evangeline,3
2019,Girl,Eve,30
2019,Girl,Evelyn,13
2019,Girl,Everleigh,5
2019,Girl,Everly,9
2019,Girl,Evie,129
2019,Girl,Faith,34
2019,Girl,Farah,4
2019,Girl,Farrah,21
2019,Girl,Faye,34
2019,Girl,Felicity,10
2019,Girl,Ferne,3
2019,Girl,Fia,5
2019,Girl,Fiadh,99
2019,Girl,Fiadhna,3
2019,Girl,Fianna,22
2019,Girl,Florence,20
2019,Girl,Fodhla,3
2019,Girl,Francesca,6
2019,Girl,Frankie,11
2019,Girl,Freya,100
2019,Girl,Gabija,4
2019,Girl,Gabriela,7
2019,Girl,Gabriella,11
2019,Girl,Gaia,3
2019,Girl,Genevieve,4
2019,Girl,Georgia,63
2019,Girl,Georgie,9
2019,Girl,Georgina,7
2019,Girl,Grace,234
2019,Girl,Gracie,24
2019,Girl,Grainne,11
2019,Girl,Hailey,8
2019,Girl,Hailie,3
2019,Girl,Hallie,15
2019,Girl,Hanna,13
2019,Girl,Hannah,78
2019,Girl,Harley,6
2019,Girl,Harlow,9
2019,Girl,Harper,46
2019,Girl,Harriet,20
2019,Girl,Harriett,4
2019,Girl,Hayley,12
2019,Girl,Hazel,11
2019,Girl,Heidi,39
2019,Girl,Helena,4
2019,Girl,Hollie,21
2019,Girl,Holly,43
2019,Girl,Hope,14
2019,Girl,Ida,8
2019,Girl,Ide,3
2019,Girl,Imogen,18
2019,Girl,Indi,3
2019,Girl,Indie,8
2019,Girl,Iona,3
2019,Girl,Iris,6
2019,Girl,Isabel,6
2019,Girl,Isabella,68
2019,Girl,Isabelle,14
2019,Girl,Isla,147
2019,Girl,Isobel,3
2019,Girl,Iveigh,4
2019,Girl,Ivy,48
2019,Girl,Izabella,4
2019,Girl,Izzy,3
2019,Girl,Jade,3
2019,Girl,Jane,10
2019,Girl,Jasmine,19
2019,Girl,Jayla,4
2019,Girl,Jenna,4
2019,Girl,Jenny,3
2019,Girl,Jessica,67
2019,Girl,Jessie,8
2019,Girl,Joanna,9
2019,Girl,Jorgie,4
2019,Girl,Jorja,7
2019,Girl,Josie,8
2019,Girl,Joy,4
2019,Girl,Julia,23
2019,Girl,Juliette,5
2019,Girl,Kacey,4
2019,Girl,Kady,3
2019,Girl,Kali,4
2019,Girl,Kamile,4
2019,Girl,Kara,4
2019,Girl,Kate,28
2019,Girl,Katelyn,7
2019,Girl,Kathleen,4
2019,Girl,Kathryn,5
2019,Girl,Katie,89
2019,Girl,Katy,5
2019,Girl,Kayla,18
2019,Girl,Kayleigh,8
2019,Girl,Keira,4
2019,Girl,Kelly,3
2019,Girl,Kelsey,3
2019,Girl,Khaleesi,3
2019,Girl,Khloe,4
2019,Girl,Kira,6
2019,Girl,Klara,8
2019,Girl,Kylie,4
2019,Girl,Kyra,3
2019,Girl,Lacey,4
2019,Girl,Lacie,5
2019,Girl,Laila,6
2019,Girl,Lana,14
2019,Girl,Lara,26
2019,Girl,Laura,13
2019,Girl,Lauren,12
2019,Girl,Layla,35
2019,Girl,Leah,43
2019,Girl,Leia,4
2019,Girl,Leila,4
2019,Girl,Lena,14
2019,Girl,Leona,3
2019,Girl,Lexi,21
2019,Girl,Lexie,10
2019,Girl,Leyla,4
2019,Girl,Libby,5
2019,Girl,Liepa,4
2019,Girl,Lila,9
2019,Girl,Lilah,5
2019,Girl,Liliana,8
2019,Girl,Lillian,4
2019,Girl,Lillie,17
2019,Girl,Lilly,12
2019,Girl,Lily,110
2019,Girl,Lily-Rose,10
2019,Girl,Lisa,4
2019,Girl,Lois,8
2019,Girl,Lola,12
2019,Girl,Lola-Rose,3
2019,Girl,Lorena,3
2019,Girl,Lottie,30
2019,Girl,Louisa,7
2019,Girl,Lua,3
2019,Girl,Lucia,17
2019,Girl,Lucie,15
2019,Girl,Lucy,104
2019,Girl,Luna,10
2019,Girl,Lyanna,3
2019,Girl,Lydia,25
2019,Girl,Lyla,12
2019,Girl,Mabel,4
2019,Girl,Maci,4
2019,Girl,Macie,8
2019,Girl,Macy,5
2019,Girl,Maddie,4
2019,Girl,Maddison,8
2019,Girl,Madeleine,3
2019,Girl,Madelyn,3
2019,Girl,Madison,15
2019,Girl,Mae,6
2019,Girl,Maeve,19
2019,Girl,Maggie,16
2019,Girl,Maia,8
2019,Girl,Maisie,45
2019,Girl,Maisy,6
2019,Girl,Maizie,3
2019,Girl,Maja,11
2019,Girl,Mara,4
2019,Girl,Margaret,4
2019,Girl,Margo,3
2019,Girl,Margot,11
2019,Girl,Maria,24
2019,Girl,Marija,3
2019,Girl,Marnie,4
2019,Girl,Martha,21
2019,Girl,Mary,12
2019,Girl,Matilda,14
2019,Girl,May,3
2019,Girl,Maya,23
2019,Girl,Meabh,47
2019,Girl,Megan,14
2019,Girl,Melanie,4
2019,Girl,Mia,87
2019,Girl,Michaela,6
2019,Girl,Michelle,3
2019,Girl,Mila,26
2019,Girl,Milana,3
2019,Girl,Miley,4
2019,Girl,Millie,8
2019,Girl,Miriam,4
2019,Girl,Miya,3
2019,Girl,Mollie,35
2019,Girl,Mollie-Mae,3
2019,Girl,Molly,65
2019,Girl,Morgan,4
2019,Girl,Muireann,8
2019,Girl,Mya,24
2019,Girl,Myla,33
2019,Girl,Mylah,5
2019,Girl,Nadia,4
2019,Girl,Nainsi,3
2019,Girl,Nancy,18
2019,Girl,Naoise,10
2019,Girl,Naomi,8
2019,Girl,Natasha,4
2019,Girl,Neala,3
2019,Girl,Nela,5
2019,Girl,Nell,3
2019,Girl,Nella,3
2019,Girl,Nellie,4
2019,Girl,Nessa,3
2019,Girl,Nevaeh,14
2019,Girl,Nia,4
2019,Girl,Niamh,78
2019,Girl,Nicole,9
2019,Girl,Nina,16
2019,Girl,Nora,22
2019,Girl,Norah,9
2019,Girl,Nova,6
2019,Girl,Nuala,3
2019,Girl,Nyla,3
2019,Girl,Oakley,3
2019,Girl,Olive,5
2019,Girl,Olivia,143
2019,Girl,Oonagh,3
2019,Girl,Orla,22
2019,Girl,Orlagh,3
2019,Girl,Orlaith,24
2019,Girl,Paige,7
2019,Girl,Patricija,4
2019,Girl,Pearl,3
2019,Girl,Peggy,6
2019,Girl,Penelope,20
2019,Girl,Penny,22
2019,Girl,Phoebe,45
2019,Girl,Phoenix,3
2019,Girl,Piper,9
2019,Girl,Pippa,20
2019,Girl,Pixie,4
2019,Girl,Pola,4
2019,Girl,Polly,3
2019,Girl,Poppy,44
2019,Girl,Primrose,3
2019,Girl,Priya,8
2019,Girl,Quinn,6
2019,Girl,Rachel,15
2019,Girl,Radha,4
2019,Girl,Raina,6
2019,Girl,Raya,6
2019,Girl,Rayna,4
2019,Girl,Rebecca,17
2019,Girl,Rebekah,8
2019,Girl,Reeva,7
2019,Girl,Regan,3
2019,Girl,Remi,12
2019,Girl,Renee,4
2019,Girl,Rhea,19
2019,Girl,Rhia,6
2019,Girl,Ria,4
2019,Girl,Riah,3
2019,Girl,Riley,7
2019,Girl,Rioghnach,8
2019,Girl,Riona,4
2019,Girl,Rionach,11
2019,Girl,Rita,3
2019,Girl,River,3
2019,Girl,Robin,3
2019,Girl,Robyn,39
2019,Girl,Roise,23
2019,Girl,Roisin,5
2019,Girl,Roma,6
2019,Girl,Romi,3
2019,Girl,Romy,3
2019,Girl,Rosa,34
2019,Girl,Rose,37
2019,Girl,Rosie,67
2019,Girl,Rowan,4
2019,Girl,Rua,4
2019,Girl,Ruby,88
2019,Girl,Ruby-Rose,3
2019,Girl,Ruth,5
2019,Girl,Rylee,4
2019,Girl,Ryleigh,3
2019,Girl,Sadhbh,7
2019,Girl,Sadie,40
2019,Girl,Saerlaith,7
2019,Girl,Samanta,3
2019,Girl,Samantha,3
2019,Girl,Saoirse,48
2019,Girl,Saorla,7
2019,Girl,Saorlaith,19
2019,Girl,Sara,12
2019,Girl,Sarah,54
2019,Girl,Savannah,16
2019,Girl,Scarlett,48
2019,Girl,Seren,4
2019,Girl,Shannon,8
2019,Girl,Shauna,3
2019,Girl,Shona,3
2019,Girl,Sienna,31
2019,Girl,Sienna-Rose,3
2019,Girl,Sinead,3
2019,Girl,Siobhan,4
2019,Girl,Siofra,6
2019,Girl,Siun,5
2019,Girl,Skye,4
2019,Girl,Skyla,3
2019,Girl,Skylar,6
2019,Girl,Skyler,4
2019,Girl,Sofia,31
2019,Girl,Sofie,3
2019,Girl,Sofija,3
2019,Girl,Sophia,121
2019,Girl,Sophie,123
2019,Girl,Sorcha,4
2019,Girl,Stella,8
2019,Girl,Summer,13
2019,Girl,Susanna,3
2019,Girl,Susie,4
2019,Girl,Tabitha,4
2019,Girl,Talia,3
2019,Girl,Tara,5
2019,Girl,Teagan,5
2019,Girl,Tess,9
2019,Girl,Tessa,8
2019,Girl,Thea,50
2019,Girl,Theodora,3
2019,Girl,Therese,3
2019,Girl,Tia,9
2019,Girl,Tiana,3
2019,Girl,Tiarna,3
2019,Girl,Tierna,5
2019,Girl,Tillie,5
2019,Girl,Tilly,13
2019,Girl,Una,4
2019,Girl,Vanessa,6
2019,Girl,Victoria,11
2019,Girl,Violet,13
2019,Girl,Vivien,3
2019,Girl,Wiktoria,4
2019,Girl,Willow,67
2019,Girl,Winnie,6
2019,Girl,Yasmin,3
2019,Girl,Zahra,4
2019,Girl,Zara,44
2019,Girl,Zoe,35
2019,Girl,Zoey,10
2019,Girl,Zofia,5
2019,Girl,Zuzanna,8
2020,Boy,Aaron,30
2020,Boy,Abel,7
2020,Boy,Adam,73
2020,Boy,Adrian,5
2020,Boy,Aedan,3
2020,Boy,Ahmad,3
2020,Boy,Ahmed,3
2020,Boy,Aidan,38
2020,Boy,Aiden,8
2020,Boy,Ajay,4
2020,Boy,Alan,8
2020,Boy,Albie,19
2020,Boy,Alby,4
2020,Boy,Aleksander,4
2020,Boy,Alex,35
2020,Boy,Alexander,53
2020,Boy,Alfie,89
2020,Boy,Alfred,3
2020,Boy,Ali,4
2020,Boy,Amir,3
2020,Boy,Amos,3
2020,Boy,Andrew,15
2020,Boy,Angus,4
2020,Boy,Anthony,13
2020,Boy,Antoin,3
2020,Boy,Anton,3
2020,Boy,Antoni,3
2020,Boy,Aodhan,52
2020,Boy,Archer,6
2020,Boy,Archie,82
2020,Boy,Ari,3
2020,Boy,Arijus,3
2020,Boy,Arlo,37
2020,Boy,Aron,3
2020,Boy,Arthur,78
2020,Boy,Asher,7
2020,Boy,Ashton,5
2020,Boy,August,3
2020,Boy,Austin,25
2020,Boy,Axel,3
2020,Boy,Ayaan,3
2020,Boy,Barney,3
2020,Boy,Barra,9
2020,Boy,Beau,8
2020,Boy,Beauden,3
2020,Boy,Ben,44
2020,Boy,Benjamin,41
2020,Boy,Bentley,3
2020,Boy,Bertie,7
2020,Boy,Billy,10
2020,Boy,Blake,34
2020,Boy,Bobbie,3
2020,Boy,Bobby,39
2020,Boy,Bodhi,4
2020,Boy,Bradan,4
2020,Boy,Bradley,6
2020,Boy,Brandon,3
2020,Boy,Brendan,9
2020,Boy,Brian,11
2020,Boy,Brodie,24
2020,Boy,Brody,40
2020,Boy,Brogan,4
2020,Boy,Bryson,3
2020,Boy,Cadain,8
2020,Boy,Caden,9
2020,Boy,Caelum,3
2020,Boy,Cahan,4
2020,Boy,Cahir,22
2020,Boy,Caidan,6
2020,Boy,Caiden,19
2020,Boy,Cain,6
2020,Boy,Caleb,69
2020,Boy,Callum,47
2020,Boy,Calum,4
2020,Boy,Calvin,7
2020,Boy,Cameron,12
2020,Boy,Caodhan,7
2020,Boy,Caoimhin,22
2020,Boy,Caolan,38
2020,Boy,Carson,14
2020,Boy,Carter,28
2020,Boy,Casey,6
2020,Boy,Cason,3
2020,Boy,Cathair,4
2020,Boy,Cathal,12
2020,Boy,Cathan,3
2020,Boy,Cathaoir,4
2020,Boy,Cayden,8
2020,Boy,Charles,10
2020,Boy,Charlie,169
2020,Boy,Che,8
2020,Boy,Chester,4
2020,Boy,Christian,5
2020,Boy,Christopher,10
2020,Boy,Chulainn,3
2020,Boy,Cian,35
2020,Boy,Cianan,7
2020,Boy,Ciaran,28
2020,Boy,Cillian,111
2020,Boy,Cj,3
2020,Boy,Clark,3
2020,Boy,Clayton,4
2020,Boy,Coby,9
2020,Boy,Cody,25
2020,Boy,Coen,5
2020,Boy,Cohan,5
2020,Boy,Cohen,15
2020,Boy,Colby,7
2020,Boy,Cole,19
2020,Boy,Colton,17
2020,Boy,Conal,8
2020,Boy,Conall,17
2020,Boy,Conan,57
2020,Boy,Conchur,3
2020,Boy,Conlan,4
2020,Boy,Conleth,6
2020,Boy,Conn,7
2020,Boy,Connaire,3
2020,Boy,Connell,8
2020,Boy,Connla,4
2020,Boy,Connor,16
2020,Boy,Conor,82
2020,Boy,Cooper,17
2020,Boy,Corey,21
2020,Boy,Cormac,32
2020,Boy,Cruz,6
2020,Boy,Cuan,6
2020,Boy,Culainn,3
2020,Boy,Daire,39
2020,Boy,Daithi,63
2020,Boy,Dalton,4
2020,Boy,Damian,5
2020,Boy,Dan,4
2020,Boy,Daniel,95
2020,Boy,Danny,36
2020,Boy,Dara,23
2020,Boy,Daragh,6
2020,Boy,Darragh,77
2020,Boy,David,32
2020,Boy,Dawson,10
2020,Boy,Deacon,3
2020,Boy,Dean,4
2020,Boy,Declan,9
2020,Boy,Denis,4
2020,Boy,Dennis,3
2020,Boy,Devon,3
2020,Boy,Dexter,5
2020,Boy,Diarmuid,10
2020,Boy,Dillon,4
2020,Boy,Domhnall,4
2020,Boy,Dominic,12
2020,Boy,Dominik,6
2020,Boy,Donal,8
2020,Boy,Donnacha,24
2020,Boy,Drew,3
2020,Boy,Dubhaltach,3
2020,Boy,Dylan,43
2020,Boy,Eamonn,3
2020,Boy,Eanna,6
2020,Boy,Eddie,10
2020,Boy,Eden,6
2020,Boy,Edward,22
2020,Boy,Eli,47
2020,Boy,Elias,9
2020,Boy,Elijah,41
2020,Boy,Elijus,3
2020,Boy,Elliot,10
2020,Boy,Elliott,17
2020,Boy,Ellis,10
2020,Boy,Emmet,4
2020,Boy,Emmett,9
2020,Boy,Enda,7
2020,Boy,Eoghain,3
2020,Boy,Eoghan,24
2020,Boy,Eoin,54
2020,Boy,Ephraim,3
2020,Boy,Eric,13
2020,Boy,Ethan,83
2020,Boy,Euan,3
2020,Boy,Eunan,3
2020,Boy,Evan,13
2020,Boy,Ewan,5
2020,Boy,Ezekiel,4
2020,Boy,Ezra,48
2020,Boy,Faolan,3
2020,Boy,Felix,8
2020,Boy,Ferdia,5
2020,Boy,Fergal,4
2020,Boy,Fiachra,19
2020,Boy,Filip,4
2020,Boy,Finbar,4
2020,Boy,Finlay,10
2020,Boy,Finley,27
2020,Boy,Finn,112
2020,Boy,Finnian,4
2020,Boy,Fintan,6
2020,Boy,Fionn,62
2020,Boy,Fionnbharr,3
2020,Boy,Fionntan,5
2020,Boy,Fiontan,3
2020,Boy,Flynn,15
2020,Boy,Forrest,3
2020,Boy,Francis,10
2020,Boy,Frank,5
2020,Boy,Frankie,28
2020,Boy,Freddie,68
2020,Boy,Freddy,3
2020,Boy,Frederick,6
2020,Boy,Gabriel,26
2020,Boy,Gavin,6
2020,Boy,George,70
2020,Boy,Ger,3
2020,Boy,Gerard,8
2020,Boy,Grayson,25
2020,Boy,Greyson,3
2020,Boy,Harley,11
2020,Boy,Harris,9
2020,Boy,Harrison,35
2020,Boy,Harry,111
2020,Boy,Harvey,24
2020,Boy,Hayden,10
2020,Boy,Henry,51
2020,Boy,Hudson,23
2020,Boy,Hugh,14
2020,Boy,Hugo,23
2020,Boy,Hunter,37
2020,Boy,Iarla,3
2020,Boy,Iarlaith,7
2020,Boy,Ibrahim,3
2020,Boy,Isaac,81
2020,Boy,Isaiah,9
2020,Boy,Issac,4
2020,Boy,Jace,5
2020,Boy,Jack,175
2020,Boy,Jackson,24
2020,Boy,Jacob,101
2020,Boy,Jaiden,3
2020,Boy,Jake,51
2020,Boy,Jakub,7
2020,Boy,James,190
2020,Boy,Jamie,60
2020,Boy,Jan,4
2020,Boy,Jarlath,3
2020,Boy,Jason,5
2020,Boy,Jasper,6
2020,Boy,Jax,19
2020,Boy,Jaxon,55
2020,Boy,Jaxson,10
2020,Boy,Jaxx,3
2020,Boy,Jay,12
2020,Boy,Jayce,6
2020,Boy,Jayden,24
2020,Boy,Jensen,9
2020,Boy,Jenson,13
2020,Boy,Jerry,3
2020,Boy,Jesse,14
2020,Boy,Jett,3
2020,Boy,Jimmy,4
2020,Boy,Jody,3
2020,Boy,Joe,14
2020,Boy,Joel,26
2020,Boy,Joey,13
2020,Boy,John,38
2020,Boy,Johnny,8
2020,Boy,Jonah,46
2020,Boy,Jonas,5
2020,Boy,Jonathan,8
2020,Boy,Jordan,8
2020,Boy,Joris,4
2020,Boy,Joseph,65
2020,Boy,Josh,15
2020,Boy,Joshua,67
2020,Boy,Josiah,8
2020,Boy,Judah,14
2020,Boy,Jude,67
2020,Boy,Julian,4
2020,Boy,Junior,5
2020,Boy,Kade,3
2020,Boy,Kai,45
2020,Boy,Kaiden,13
2020,Boy,Kajus,4
2020,Boy,Kal,3
2020,Boy,Kaleb,14
2020,Boy,Karson,5
2020,Boy,Karsyn,4
2020,Boy,Karter,3
2020,Boy,Kasen,3
2020,Boy,Kason,3
2020,Boy,Kayden,24
2020,Boy,Keegan,9
2020,Boy,Keelan,5
2020,Boy,Kelvin,3
2020,Boy,Kent,3
2020,Boy,Kevin,6
2020,Boy,Kian,9
2020,Boy,Kieran,6
2020,Boy,Killian,14
2020,Boy,Kingsley,6
2020,Boy,Knox,3
2020,Boy,Koa,10
2020,Boy,Kobe,11
2020,Boy,Kobi,7
2020,Boy,Kobie,3
2020,Boy,Koby,4
2020,Boy,Kodi,3
2020,Boy,Kyle,9
2020,Boy,Kyran,3
2020,Boy,Laochra,4
2020,Boy,Leighton,4
2020,Boy,Lennon,6
2020,Boy,Lennox,3
2020,Boy,Lenny,4
2020,Boy,Leo,107
2020,Boy,Leon,26
2020,Boy,Levi,27
2020,Boy,Lewis,28
2020,Boy,Liam,47
2020,Boy,Lincoln,7
2020,Boy,Lochlainn,5
2020,Boy,Lochlan,9
2020,Boy,Lochlann,7
2020,Boy,Logan,52
2020,Boy,Lorcan,53
2020,Boy,Loughlin,3
2020,Boy,Louie,20
2020,Boy,Louis,30
2020,Boy,Luan,6
2020,Boy,Luca,50
2020,Boy,Lucas,76
2020,Boy,Luis,4
2020,Boy,Luka,3
2020,Boy,Lukas,5
2020,Boy,Luke,70
2020,Boy,Maddox,3
2020,Boy,Magnus,3
2020,Boy,Mairtin,4
2020,Boy,Malachi,7
2020,Boy,Malachy,5
2020,Boy,Marcel,3
2020,Boy,Marco,3
2020,Boy,Marcus,6
2020,Boy,Mark,8
2020,Boy,Markas,4
2020,Boy,Martin,12
2020,Boy,Mason,70
2020,Boy,Matas,3
2020,Boy,Mateo,6
2020,Boy,Matteo,3
2020,Boy,Matthew,72
2020,Boy,Max,60
2020,Boy,Maxwell,3
2020,Boy,Micah,11
2020,Boy,Michael,64
2020,Boy,Micheal,13
2020,Boy,Mikey,4
2020,Boy,Mikolaj,3
2020,Boy,Miles,3
2020,Boy,Milo,13
2020,Boy,Mohamed,3
2020,Boy,Muhammad,5
2020,Boy,Myles,13
2020,Boy,Naoise,8
2020,Boy,Nathan,32
2020,Boy,Nathaniel,3
2020,Boy,Neil,3
2020,Boy,Niall,21
2020,Boy,Nicholas,3
2020,Boy,Nico,6
2020,Boy,Nicolas,4
2020,Boy,Noah,174
2020,Boy,Noel,3
2020,Boy,Oakley,5
2020,Boy,Odhran,53
2020,Boy,Odin,4
2020,Boy,Oisin,102
2020,Boy,Oliver,134
2020,Boy,Ollie,69
2020,Boy,Olly,15
2020,Boy,Omar,3
2020,Boy,Oran,15
2020,Boy,Oscar,64
2020,Boy,Otis,6
2020,Boy,Otto,4
2020,Boy,Owen,11
2020,Boy,Padraig,25
2020,Boy,Paidi,16
2020,Boy,Parker,13
2020,Boy,Pat,3
2020,Boy,Patrick,68
2020,Boy,Paudie,5
2020,Boy,Paul,9
2020,Boy,Pauric,3
2020,Boy,Peadar,9
2020,Boy,Pearse,13
2020,Boy,Peter,18
2020,Boy,Philip,3
2020,Boy,Phoenix,6
2020,Boy,Piaras,3
2020,Boy,Pierce,4
2020,Boy,Pol,3
2020,Boy,Porter,3
2020,Boy,Preston,3
2020,Boy,Quinton,3
2020,Boy,Ralph,10
2020,Boy,Reagan,3
2020,Boy,Reece,4
2020,Boy,Reggie,14
2020,Boy,Reuben,54
2020,Boy,Rex,4
2020,Boy,Rhys,17
2020,Boy,Rian,24
2020,Boy,Richard,5
2020,Boy,Riley,40
2020,Boy,Rio,4
2020,Boy,Rion,4
2020,Boy,Roan,8
2020,Boy,Robbie,7
2020,Boy,Robert,19
2020,Boy,Robin,9
2020,Boy,Rocco,4
2020,Boy,Rogan,3
2020,Boy,Rohan,3
2020,Boy,Roman,18
2020,Boy,Ronan,72
2020,Boy,Ronnie,7
2020,Boy,Rory,44
2020,Boy,Ross,8
2020,Boy,Rossa,25
2020,Boy,Rowan,27
2020,Boy,Ruadhan,11
2020,Boy,Ruairi,33
2020,Boy,Ruan,5
2020,Boy,Ruben,8
2020,Boy,Rudi,10
2020,Boy,Rudy,9
2020,Boy,Russell,3
2020,Boy,Ryan,53
2020,Boy,Sam,22
2020,Boy,Samuel,36
2020,Boy,Saul,6
2020,Boy,Scott,7
2020,Boy,Se,4
2020,Boy,Seadhna,5
2020,Boy,Seadna,3
2020,Boy,Seamus,6
2020,Boy,Sean,43
2020,Boy,Seanan,4
2020,Boy,Sebastian,23
2020,Boy,Senan,44
2020,Boy,Seosamh,3
2020,Boy,Seth,19
2020,Boy,Shane,12
2020,Boy,Shay,17
2020,Boy,Shea,58
2020,Boy,Sonny,18
2020,Boy,Spencer,6
2020,Boy,Stefan,4
2020,Boy,Stephen,15
2020,Boy,Szymon,4
2020,Boy,Tadhg,16
2020,Boy,Ted,8
2020,Boy,Teddie,3
2020,Boy,Teddy,32
2020,Boy,Terence,3
2020,Boy,Theo,112
2020,Boy,Theodore,48
2020,Boy,Thom,4
2020,Boy,Thomas,119
2020,Boy,Tiarnan,10
2020,Boy,Tiernan,16
2020,Boy,Tim,3
2020,Boy,Timothy,5
2020,Boy,Tobias,11
2020,Boy,Toby,21
2020,Boy,Tom,46
2020,Boy,Tomas,14
2020,Boy,Tommy,83
2020,Boy,Tony,3
2020,Boy,Torin,5
2020,Boy,Travis,6
2020,Boy,Trent,6
2020,Boy,Tristan,5
2020,Boy,Troy,6
2020,Boy,Ty,3
2020,Boy,Tyler,10
2020,Boy,Ultan,5
2020,Boy,Victor,3
2020,Boy,Will,10
2020,Boy,William,43
2020,Boy,Wyatt,10
2020,Boy,Xander,6
2020,Boy,Zac,10
2020,Boy,Zach,29
2020,Boy,Zachariah,3
2020,Boy,Zachary,22
2020,Boy,Zack,14
2020,Boy,Zak,3
2020,Boy,Zander,3
2020,Boy,Zayn,3
2020,Boy,Zayne,4
2020,Boy,Zion,3
2020,Girl,Aaliyah,7
2020,Girl,Abbie,11
2020,Girl,Abigail,35
2020,Girl,Ada,27
2020,Girl,Addison,6
2020,Girl,Adriana,5
2020,Girl,Adrianna,3
2020,Girl,Ailbhe,11
2020,Girl,Aimee,10
2020,Girl,Aine,14
2020,Girl,Aisha,4
2020,Girl,Aisling,5
2020,Girl,Alaia,3
2020,Girl,Alaina,3
2020,Girl,Alana,5
2020,Girl,Alanna,9
2020,Girl,Alannah,7
2020,Girl,Alara,5
2020,Girl,Alaya,3
2020,Girl,Alba,3
2020,Girl,Alena,3
2020,Girl,Alessia,3
2020,Girl,Alex,3
2020,Girl,Alexandra,10
2020,Girl,Alia,3
2020,Girl,Alice,49
2020,Girl,Alicia,5
2020,Girl,Alicja,5
2020,Girl,Alivia,4
2020,Girl,Aliyah,3
2020,Girl,Allie,4
2020,Girl,Alyssa,6
2020,Girl,Amara,3
2020,Girl,Amaya,3
2020,Girl,Amber,21
2020,Girl,Amelia,115
2020,Girl,Amelia-Grace,3
2020,Girl,Amelia-Rose,5
2020,Girl,Amelie,3
2020,Girl,Amira,7
2020,Girl,Amy,20
2020,Girl,Ana,4
2020,Girl,Anastasia,3
2020,Girl,Andi,3
2020,Girl,Angel,3
2020,Girl,Anika,3
2020,Girl,Aniyah,3
2020,Girl,Anna,95
2020,Girl,Anna-Rose,5
2020,Girl,Annabelle,9
2020,Girl,Annie,74
2020,Girl,Anya,4
2020,Girl,Aodha,11
2020,Girl,Aoibh,10
2020,Girl,Aoibhe,14
2020,Girl,Aoibheann,24
2020,Girl,Aoibhin,9
2020,Girl,Aoibhinn,7
2020,Girl,Aoife,88
2020,Girl,April,5
2020,Girl,Ara,3
2020,Girl,Arabella,25
2020,Girl,Aria,41
2020,Girl,Ariah,3
2020,Girl,Ariana,8
2020,Girl,Arianna,10
2020,Girl,Ariella,4
2020,Girl,Ariya,8
2020,Girl,Ariyah,3
2020,Girl,Arwen,3
2020,Girl,Arya,11
2020,Girl,Athena,5
2020,Girl,Aubree,3
2020,Girl,Aura,3
2020,Girl,Aurelia,3
2020,Girl,Aurora,10
2020,Girl,Austeja,3
2020,Girl,Autumn,3
2020,Girl,Ava,97
2020,Girl,Ava-Rose,3
2020,Girl,Avery,4
2020,Girl,Ayda,26
2020,Girl,Ayla,20
2020,Girl,Ayva,3
2020,Girl,Banba,3
2020,Girl,Beatrice,7
2020,Girl,Bella,28
2020,Girl,Belle,7
2020,Girl,Beth,20
2020,Girl,Bethany,15
2020,Girl,Billie,3
2020,Girl,Blaithin,6
2020,Girl,Blathnaid,5
2020,Girl,Bobbi,3
2020,Girl,Bonnie,30
2020,Girl,Brea,4
2020,Girl,Bria,7
2020,Girl,Briana,3
2020,Girl,Brianna,6
2020,Girl,Brigid,4
2020,Girl,Bronagh,3
2020,Girl,Brooke,17
2020,Girl,Cadhla,18
2020,Girl,Caela,8
2020,Girl,Cait,10
2020,Girl,Caitlin,14
2020,Girl,Cali,6
2020,Girl,Callie,12
2020,Girl,Caoimhe,37
2020,Girl,Cara,57
2020,Girl,Caragh,16
2020,Girl,Carrie,3
2020,Girl,Carys,4
2020,Girl,Casey,4
2020,Girl,Cassie,26
2020,Girl,Catherine,7
2020,Girl,Cayla,4
2020,Girl,Charley,3
2020,Girl,Charlotte,100
2020,Girl,Chloe,54
2020,Girl,Ciara,18
2020,Girl,Clara,53
2020,Girl,Claragh,5
2020,Girl,Clementine,3
2020,Girl,Cleo,5
2020,Girl,Cliodhna,12
2020,Girl,Cliona,8
2020,Girl,Cloda,4
2020,Girl,Clodagh,44
2020,Girl,Connie,30
2020,Girl,Cora,46
2020,Girl,Croia,4
2020,Girl,Daisie,5
2020,Girl,Daisy,46
2020,Girl,Dakota,6
2020,Girl,Darcey,14
2020,Girl,Darci,3
2020,Girl,Darcie,25
2020,Girl,Darcy,18
2020,Girl,Darla,3
2020,Girl,Dearbhla,6
2020,Girl,Delilah,10
2020,Girl,Demi,4
2020,Girl,Diana,3
2020,Girl,Doireann,4
2020,Girl,Eabha,64
2020,Girl,Eabha-Grace,3
2020,Girl,Eada,3
2020,Girl,Eadaoin,5
2020,Girl,Eadie,4
2020,Girl,Eden,23
2020,Girl,Edie,9
2020,Girl,Edith,13
2020,Girl,Effie,4
2020,Girl,Eibhlin,6
2020,Girl,Eilidh,7
2020,Girl,Eilis,4
2020,Girl,Eimear,31
2020,Girl,Eimhear,5
2020,Girl,Eimile,3
2020,Girl,Eire,4
2020,Girl,Eireann,20
2020,Girl,Eirinn,18
2020,Girl,Eleanor,9
2020,Girl,Elena,13
2020,Girl,Elia,3
2020,Girl,Eliana,7
2020,Girl,Elise,6
2020,Girl,Eliza,23
2020,Girl,Elizabeth,14
2020,Girl,Ella,101
2020,Girl,Ella-Louise,3
2020,Girl,Ella-Rose,14
2020,Girl,Elle,9
2020,Girl,Ellen,16
2020,Girl,Ellie,86
2020,Girl,Ellie-Mae,5
2020,Girl,Ellis,5
2020,Girl,Elodie,5
2020,Girl,Eloise,10
2020,Girl,Elsa,3
2020,Girl,Elsie,43
2020,Girl,Elsie-Mae,4
2020,Girl,Emelia,4
2020,Girl,Emer,8
2020,Girl,Emilia,33
2020,Girl,Emilie,9
2020,Girl,Emily,146
2020,Girl,Emma,48
2020,Girl,Emmie,7
2020,Girl,Enya,12
2020,Girl,Erin,79
2020,Girl,Eriu,3
2020,Girl,Esmae,3
2020,Girl,Esme,25
2020,Girl,Esmee,4
2020,Girl,Etta,3
2020,Girl,Eva,70
2020,Girl,Evangeline,3
2020,Girl,Eve,24
2020,Girl,Evelyn,13
2020,Girl,Evie,78
2020,Girl,Fae,3
2020,Girl,Faith,27
2020,Girl,Fallon,4
2020,Girl,Farrah,20
2020,Girl,Fatima,3
2020,Girl,Faye,28
2020,Girl,Felicity,6
2020,Girl,Fern,3
2020,Girl,Fia,5
2020,Girl,Fiadh,138
2020,Girl,Fiadh-Rose,3
2020,Girl,Fiadhna,5
2020,Girl,Fianna,17
2020,Girl,Florence,17
2020,Girl,Florrie,3
2020,Girl,Fodhla,4
2020,Girl,Francesca,4
2020,Girl,Frankie,3
2020,Girl,Freya,101
2020,Girl,Gabriela,6
2020,Girl,Gabriella,3
2020,Girl,Georgia,48
2020,Girl,Georgie,11
2020,Girl,Gia,6
2020,Girl,Grace,176
2020,Girl,Gracie,27
2020,Girl,Grainne,9
2020,Girl,Hailey,6
2020,Girl,Halle,3
2020,Girl,Hallie,22
2020,Girl,Hanna,4
2020,Girl,Hannah,66
2020,Girl,Harlee,5
2020,Girl,Harley,12
2020,Girl,Harlow,12
2020,Girl,Harmony,3
2020,Girl,Harper,37
2020,Girl,Harriet,7
2020,Girl,Harriette,3
2020,Girl,Hayley,7
2020,Girl,Hazel,4
2020,Girl,Heidi,33
2020,Girl,Helena,3
2020,Girl,Hollie,20
2020,Girl,Holly,31
2020,Girl,Hope,11
2020,Girl,Ida,8
2020,Girl,Ide,3
2020,Girl,Imogen,15
2020,Girl,Indi,4
2020,Girl,Indie,15
2020,Girl,Iona,5
2020,Girl,Iris,4
2020,Girl,Isabel,4
2020,Girl,Isabella,42
2020,Girl,Isabelle,13
2020,Girl,Isla,144
2020,Girl,Isla-Rose,4
2020,Girl,Isobel,4
2020,Girl,Ivie,4
2020,Girl,Ivy,58
2020,Girl,Ivy-Rose,5
2020,Girl,Izzy,3
2020,Girl,Jade,6
2020,Girl,Jane,4
2020,Girl,Jasmine,10
2020,Girl,Jayla,4
2020,Girl,Jessica,50
2020,Girl,Jessie,9
2020,Girl,Jill,3
2020,Girl,Jodie,3
2020,Girl,Jorgie,4
2020,Girl,Jorja,8
2020,Girl,Josie,5
2020,Girl,Julia,5
2020,Girl,Juliette,3
2020,Girl,Juno,5
2020,Girl,Kacie,5
2020,Girl,Kaia,7
2020,Girl,Kara,3
2020,Girl,Karina,5
2020,Girl,Kate,30
2020,Girl,Katherine,4
2020,Girl,Kathleen,4
2020,Girl,Katie,70
2020,Girl,Katie-Rose,3
2020,Girl,Kayla,13
2020,Girl,Kayleigh,6
2020,Girl,Keeva,3
2020,Girl,Kerry,3
2020,Girl,Khloe,3
2020,Girl,Kiana,3
2020,Girl,Kiara,3
2020,Girl,Kimberly,3
2020,Girl,Klara,6
2020,Girl,Kyla,4
2020,Girl,Kyra,6
2020,Girl,Lacey,6
2020,Girl,Lainey,3
2020,Girl,Lana,18
2020,Girl,Laoise,8
2020,Girl,Lara,19
2020,Girl,Laura,10
2020,Girl,Lauren,8
2020,Girl,Layla,33
2020,Girl,Lea,3
2020,Girl,Leah,34
2020,Girl,Leanna,5
2020,Girl,Leia,6
2020,Girl,Leila,4
2020,Girl,Leja,3
2020,Girl,Lena,10
2020,Girl,Lexi,16
2020,Girl,Lexie,3
2020,Girl,Leyla,3
2020,Girl,Liadan,3
2020,Girl,Liana,3
2020,Girl,Lila,6
2020,Girl,Lilah,9
2020,Girl,Lile,3
2020,Girl,Lilia,3
2020,Girl,Liliana,9
2020,Girl,Lilith,3
2020,Girl,Lillie,11
2020,Girl,Lilly,17
2020,Girl,Lily,90
2020,Girl,Lily-Rose,3
2020,Girl,Lizzie,3
2020,Girl,Lois,6
2020,Girl,Lola,14
2020,Girl,Lori,3
2020,Girl,Lottie,34
2020,Girl,Louisa,6
2020,Girl,Lucia,17
2020,Girl,Luciana,3
2020,Girl,Lucie,9
2020,Girl,Lucy,112
2020,Girl,Luna,17
2020,Girl,Lydia,20
2020,Girl,Lyla,17
2020,Girl,Mabel,12
2020,Girl,Maci,3
2020,Girl,Macie,4
2020,Girl,Maddie,6
2020,Girl,Maddison,6
2020,Girl,Madison,9
2020,Girl,Maeva,3
2020,Girl,Maeve,12
2020,Girl,Maggie,15
2020,Girl,Maia,11
2020,Girl,Mairead,5
2020,Girl,Maisie,64
2020,Girl,Maisie-Mae,3
2020,Girl,Maisy,3
2020,Girl,Maja,6
2020,Girl,Mara,4
2020,Girl,Margot,13
2020,Girl,Maria,25
2020,Girl,Mariah,3
2020,Girl,Marie,3
2020,Girl,Marnie,3
2020,Girl,Marta,5
2020,Girl,Martha,17
2020,Girl,Mary,16
2020,Girl,Matilda,22
2020,Girl,Maya,27
2020,Girl,Meabh,50
2020,Girl,Meadow,8
2020,Girl,Meara,3
2020,Girl,Megan,13
2020,Girl,Meghan,3
2020,Girl,Melissa,5
2020,Girl,Meredith,4
2020,Girl,Mia,72
2020,Girl,Miah,3
2020,Girl,Michaela,3
2020,Girl,Mila,23
2020,Girl,Milana,3
2020,Girl,Milena,4
2020,Girl,Miley,11
2020,Girl,Millie,21
2020,Girl,Minnie,4
2020,Girl,Miya,5
2020,Girl,Mollie,47
2020,Girl,Molly,73
2020,Girl,Molly-Mae,3
2020,Girl,Muireann,9
2020,Girl,Mya,13
2020,Girl,Myah,4
2020,Girl,Myla,33
2020,Girl,Nadia,4
2020,Girl,Nancy,22
2020,Girl,Naoise,11
2020,Girl,Naomi,11
2020,Girl,Natalia,5
2020,Girl,Neasa,4
2020,Girl,Nellie,3
2020,Girl,Nelly,3
2020,Girl,Nessa,3
2020,Girl,Nevaeh,17
2020,Girl,Niamh,65
2020,Girl,Nicola,3
2020,Girl,Nicole,4
2020,Girl,Nina,19
2020,Girl,Noa,3
2020,Girl,Nora,16
2020,Girl,Norah,9
2020,Girl,Nova,7
2020,Girl,Novah,4
2020,Girl,Olive,3
2020,Girl,Olivia,133
2020,Girl,Olivia-Grace,5
2020,Girl,Olivia-Rose,3
2020,Girl,Oliwia,5
2020,Girl,Orla,23
2020,Girl,Orlagh,6
2020,Girl,Orlaith,22
2020,Girl,Ottilie,3
2020,Girl,Paige,17
2020,Girl,Paisley,3
2020,Girl,Parker,3
2020,Girl,Patricia,4
2020,Girl,Penelope,19
2020,Girl,Penny,22
2020,Girl,Peyton,5
2020,Girl,Phoebe,29
2020,Girl,Phoenix,3
2020,Girl,Piper,12
2020,Girl,Pippa,20
2020,Girl,Pixie,6
2020,Girl,Pola,5
2020,Girl,Polly,5
2020,Girl,Poppy,43
2020,Girl,Posie,3
2020,Girl,Priya,4
2020,Girl,Quinn,15
2020,Girl,Rachel,13
2020,Girl,Raya,9
2020,Girl,Rayna,5
2020,Girl,Realta,3
2020,Girl,Rebeca,5
2020,Girl,Rebecca,9
2020,Girl,Rebekah,10
2020,Girl,Reeva,9
2020,Girl,Reina,3
2020,Girl,Remi,14
2020,Girl,Rhea,8
2020,Girl,Ria,7
2020,Girl,Riadh,5
2020,Girl,Rihanna,3
2020,Girl,Riley,6
2020,Girl,Rioghnach,10
2020,Girl,Riona,6
2020,Girl,Rionach,6
2020,Girl,Robin,3
2020,Girl,Robyn,29
2020,Girl,Roise,22
2020,Girl,Roma,4
2020,Girl,Romi,3
2020,Girl,Rosa,37
2020,Girl,Rosalie,4
2020,Girl,Rose,33
2020,Girl,Rosie,54
2020,Girl,Rua,6
2020,Girl,Ruby,77
2020,Girl,Rylee,4
2020,Girl,Ryleigh,4
2020,Girl,Sadhbh,4
2020,Girl,Sadie,42
2020,Girl,Saerlaith,11
2020,Girl,Saoirse,44
2020,Girl,Saorla,5
2020,Girl,Saorlaith,14
2020,Girl,Sara,8
2020,Girl,Sarah,34
2020,Girl,Sasha,4
2020,Girl,Savannah,23
2020,Girl,Scarlet,3
2020,Girl,Scarlett,41
2020,Girl,Shania,3
2020,Girl,Shannon,5
2020,Girl,Shiloh,3
2020,Girl,Shreya,3
2020,Girl,Sienna,54
2020,Girl,Sinead,3
2020,Girl,Siofra,6
2020,Girl,Sky,3
2020,Girl,Skye,9
2020,Girl,Skyla,3
2020,Girl,Skylar,5
2020,Girl,Sofia,39
2020,Girl,Sofija,5
2020,Girl,Sophia,125
2020,Girl,Sophie,123
2020,Girl,Sorcha,5
2020,Girl,Stella,10
2020,Girl,Stephanie,4
2020,Girl,Stevie,3
2020,Girl,Summer,6
2020,Girl,Summer-Rose,3
2020,Girl,Susie,3
2020,Girl,Sylvie,3
2020,Girl,Tabitha,5
2020,Girl,Talia,9
2020,Girl,Tara,7
2020,Girl,Teagan,3
2020,Girl,Teaghan,3
2020,Girl,Tess,7
2020,Girl,Tessa,8
2020,Girl,Thea,32
2020,Girl,Theia,4
2020,Girl,Tia,4
2020,Girl,Tianna,6
2020,Girl,Tierna,5
2020,Girl,Tiffany,3
2020,Girl,Tillie,5
2020,Girl,Tilly,15
2020,Girl,Treasa,3
2020,Girl,Una,8
2020,Girl,Valentina,4
2020,Girl,Victoria,8
2020,Girl,Violet,8
2020,Girl,Willow,54
2020,Girl,Wren,4
2020,Girl,Zara,45
2020,Girl,Zoe,45
2020,Girl,Zoey,6
2020,Girl,Zofia,5
2021,Boy,A-Jay,3
2021,Boy,Aaron,28
2021,Boy,Abel,15
2021,Boy,Adam,50
2021,Boy,Adrian,6
2021,Boy,Aedan,4
2021,Boy,Aidan,42
2021,Boy,Aiden,5
2021,Boy,Aj,9
2021,Boy,Alan,7
2021,Boy,Albert,5
2021,Boy,Albi,3
2021,Boy,Albie,26
2021,Boy,Alby,4
2021,Boy,Aleksander,4
2021,Boy,Alex,38
2021,Boy,Alexander,69
2021,Boy,Alfie,76
2021,Boy,Alfred,4
2021,Boy,Ali,4
2021,Boy,Ally,3
2021,Boy,Andrew,17
2021,Boy,Angus,9
2021,Boy,Anthony,12
2021,Boy,Antoin,3
2021,Boy,Anton,3
2021,Boy,Antoni,10
2021,Boy,Aodhan,53
2021,Boy,Archer,8
2021,Boy,Archie,76
2021,Boy,Ari,3
2021,Boy,Arlo,46
2021,Boy,Aron,3
2021,Boy,Art,6
2021,Boy,Arthur,84
2021,Boy,Ash,3
2021,Boy,Asher,13
2021,Boy,Ashton,7
2021,Boy,Austin,13
2021,Boy,Avery,4
2021,Boy,Axel,11
2021,Boy,Ayaan,3
2021,Boy,Bailey,4
2021,Boy,Barney,4
2021,Boy,Bear,5
2021,Boy,Beau,16
2021,Boy,Beauden,3
2021,Boy,Ben,29
2021,Boy,Benjamin,41
2021,Boy,Bertie,8
2021,Boy,Billy,13
2021,Boy,Blaine,6
2021,Boy,Blake,39
2021,Boy,Blakely,4
2021,Boy,Bobby,31
2021,Boy,Bodhi,7
2021,Boy,Boris,4
2021,Boy,Bradan,4
2021,Boy,Bradley,5
2021,Boy,Braiden,3
2021,Boy,Brandon,7
2021,Boy,Brayden,3
2021,Boy,Brendan,3
2021,Boy,Brian,5
2021,Boy,Brodi,3
2021,Boy,Brodie,38
2021,Boy,Brody,35
2021,Boy,Brogan,10
2021,Boy,Brooklyn,6
2021,Boy,Cabhan,3
2021,Boy,Cadain,9
2021,Boy,Cadan,4
2021,Boy,Caden,4
2021,Boy,Caelan,5
2021,Boy,Cahair,3
2021,Boy,Cahal,3
2021,Boy,Cahan,3
2021,Boy,Cahir,27
2021,Boy,Caidan,4
2021,Boy,Caiden,18
2021,Boy,Cailum,4
2021,Boy,Cain,4
2021,Boy,Cairbre,5
2021,Boy,Calaeb,5
2021,Boy,Caleb,75
2021,Boy,Callan,3
2021,Boy,Callum,34
2021,Boy,Calum,12
2021,Boy,Calvin,6
2021,Boy,Cameron,7
2021,Boy,Caodhan,5
2021,Boy,Caoimhin,28
2021,Boy,Caolan,35
2021,Boy,Carson,16
2021,Boy,Carter,36
2021,Boy,Casey,3
2021,Boy,Caspian,3
2021,Boy,Cassius,3
2021,Boy,Cathair,6
2021,Boy,Cathal,13
2021,Boy,Cayden,8
2021,Boy,Charles,7
2021,Boy,Charlie,155
2021,Boy,Che,8
2021,Boy,Chester,7
2021,Boy,Christian,7
2021,Boy,Christopher,15
2021,Boy,Cian,44
2021,Boy,Cianan,5
2021,Boy,Ciaran,15
2021,Boy,Cillian,116
2021,Boy,Clark,4
2021,Boy,Cobi,3
2021,Boy,Coby,4
2021,Boy,Cody,30
2021,Boy,Coen,9
2021,Boy,Cohan,9
2021,Boy,Cohen,18
2021,Boy,Coist,3
2021,Boy,Colby,7
2021,Boy,Cole,19
2021,Boy,Colin,3
2021,Boy,Colm,3
2021,Boy,Colton,10
2021,Boy,Conal,6
2021,Boy,Conall,28
2021,Boy,Conan,64
2021,Boy,Conlaoch,5
2021,Boy,Conleth,5
2021,Boy,Conn,9
2021,Boy,Connaire,3
2021,Boy,Connell,7
2021,Boy,Connla,9
2021,Boy,Connolly,3
2021,Boy,Connor,21
2021,Boy,Conor,71
2021,Boy,Cooper,17
2021,Boy,Coran,3
2021,Boy,Corey,9
2021,Boy,Cormac,27
2021,Boy,Cory,6
2021,Boy,Criostai,3
2021,Boy,Cruz,6
2021,Boy,Cruze,3
2021,Boy,Cuan,10
2021,Boy,Culann,4
2021,Boy,Curtis,3
2021,Boy,Daire,53
2021,Boy,Daithi,83
2021,Boy,Dan,10
2021,Boy,Danann,3
2021,Boy,Daniel,103
2021,Boy,Danny,32
2021,Boy,Dara,27
2021,Boy,Darragh,78
2021,Boy,Darren,4
2021,Boy,David,28
2021,Boy,Davin,4
2021,Boy,Dawson,8
2021,Boy,Deacon,3
2021,Boy,Dean,5
2021,Boy,Declan,5
2021,Boy,Dillon,4
2021,Boy,Domhnall,4
2021,Boy,Dominic,7
2021,Boy,Dominik,5
2021,Boy,Dominykas,4
2021,Boy,Donal,11
2021,Boy,Donnacha,32
2021,Boy,Donncha,3
2021,Boy,Donnchadh,3
2021,Boy,Dorian,3
2021,Boy,Drew,4
2021,Boy,Dylan,37
2021,Boy,Eamon,7
2021,Boy,Eamonn,5
2021,Boy,Eanna,6
2021,Boy,Eddie,14
2021,Boy,Eden,5
2021,Boy,Edward,13
2021,Boy,Egan,3
2021,Boy,Eli,39
2021,Boy,Elias,7
2021,Boy,Elijah,51
2021,Boy,Elliot,10
2021,Boy,Elliott,12
2021,Boy,Ellis,11
2021,Boy,Emmet,3
2021,Boy,Emmett,5
2021,Boy,Enda,15
2021,Boy,Enzo,5
2021,Boy,Eoghain,3
2021,Boy,Eoghan,25
2021,Boy,Eoin,42
2021,Boy,Eric,13
2021,Boy,Erik,5
2021,Boy,Ethan,78
2021,Boy,Evan,13
2021,Boy,Ewan,5
2021,Boy,Ezekiel,7
2021,Boy,Ezra,45
2021,Boy,Faolan,6
2021,Boy,Fearghal,3
2021,Boy,Felix,8
2021,Boy,Fergus,5
2021,Boy,Fiachra,17
2021,Boy,Filip,10
2021,Boy,Finbar,4
2021,Boy,Finlay,11
2021,Boy,Finley,22
2021,Boy,Finn,115
2021,Boy,Finnley,4
2021,Boy,Fintan,7
2021,Boy,Fionn,64
2021,Boy,Fionnan,3
2021,Boy,Fionntan,3
2021,Boy,Flynn,13
2021,Boy,Francis,10
2021,Boy,Franciszek,3
2021,Boy,Frank,7
2021,Boy,Frankie,31
2021,Boy,Franklin,3
2021,Boy,Fraser,3
2021,Boy,Frazer,3
2021,Boy,Freddie,97
2021,Boy,Freddy,4
2021,Boy,Frederick,13
2021,Boy,Gabriel,25
2021,Boy,Gabrielius,3
2021,Boy,Gareth,3
2021,Boy,Gene,3
2021,Boy,George,66
2021,Boy,Gerard,7
2021,Boy,Grayson,13
2021,Boy,Gus,3
2021,Boy,Harley,13
2021,Boy,Harris,10
2021,Boy,Harrison,26
2021,Boy,Harry,114
2021,Boy,Harvey,16
2021,Boy,Hayden,6
2021,Boy,Heath,3
2021,Boy,Hendrix,4
2021,Boy,Henry,52
2021,Boy,Herbie,3
2021,Boy,Hudson,20
2021,Boy,Hugh,10
2021,Boy,Hughie,4
2021,Boy,Hugo,16
2021,Boy,Hunter,41
2021,Boy,Iarlaith,8
2021,Boy,Isaac,66
2021,Boy,Isaiah,5
2021,Boy,Jack,193
2021,Boy,Jackson,17
2021,Boy,Jacob,92
2021,Boy,Jaden,6
2021,Boy,Jadon,3
2021,Boy,Jai,3
2021,Boy,Jaiden,3
2021,Boy,Jake,61
2021,Boy,Jakub,4
2021,Boy,James,173
2021,Boy,Jamie,43
2021,Boy,Jan,3
2021,Boy,Jarlath,5
2021,Boy,Jason,9
2021,Boy,Jasper,19
2021,Boy,Jax,21
2021,Boy,Jaxon,48
2021,Boy,Jaxson,16
2021,Boy,Jaxx,5
2021,Boy,Jay,12
2021,Boy,Jayden,16
2021,Boy,Jaylen,3
2021,Boy,Jensen,11
2021,Boy,Jenson,14
2021,Boy,Jesse,11
2021,Boy,Jett,5
2021,Boy,Jimmy,5
2021,Boy,Jody,4
2021,Boy,Joe,17
2021,Boy,Joel,19
2021,Boy,Joey,13
2021,Boy,John,57
2021,Boy,Johnny,6
2021,Boy,Jonah,77
2021,Boy,Jonas,4
2021,Boy,Jonathan,9
2021,Boy,Jordan,11
2021,Boy,Joseph,61
2021,Boy,Josh,13
2021,Boy,Joshua,55
2021,Boy,Josiah,9
2021,Boy,Judah,7
2021,Boy,Jude,86
2021,Boy,Junior,5
2021,Boy,Justin,6
2021,Boy,Kacper,3
2021,Boy,Kade,3
2021,Boy,Kai,54
2021,Boy,Kaiden,15
2021,Boy,Kaleb,7
2021,Boy,Karson,4
2021,Boy,Karter,4
2021,Boy,Kash,3
2021,Boy,Kayden,24
2021,Boy,Kealan,3
2021,Boy,Keegan,8
2021,Boy,Keelan,7
2021,Boy,Kevin,12
2021,Boy,Kian,6
2021,Boy,Killian,7
2021,Boy,Kit,7
2021,Boy,Koa,3
2021,Boy,Koah,7
2021,Boy,Kobe,14
2021,Boy,Kobi,14
2021,Boy,Koby,4
2021,Boy,Koen,3
2021,Boy,Kolton,4
2021,Boy,Kruz,3
2021,Boy,Kye,3
2021,Boy,Kyle,7
2021,Boy,Kylian,4
2021,Boy,Lachlan,9
2021,Boy,Lake,3
2021,Boy,Larry,3
2021,Boy,Lawson,6
2021,Boy,Layton,5
2021,Boy,Lennon,5
2021,Boy,Lennox,4
2021,Boy,Lenny,3
2021,Boy,Leo,117
2021,Boy,Leon,21
2021,Boy,Leonard,3
2021,Boy,Leonardo,8
2021,Boy,Levi,32
2021,Boy,Lewis,18
2021,Boy,Leyton,3
2021,Boy,Liam,58
2021,Boy,Lincoln,5
2021,Boy,Lochlainn,13
2021,Boy,Lochlan,9
2021,Boy,Lochlann,5
2021,Boy,Logan,60
2021,Boy,Lorcan,51
2021,Boy,Lorenzo,4
2021,Boy,Louie,29
2021,Boy,Louis,19
2021,Boy,Luan,15
2021,Boy,Luca,45
2021,Boy,Lucas,58
2021,Boy,Lughan,4
2021,Boy,Luka,7
2021,Boy,Lukas,8
2021,Boy,Luke,64
2021,Boy,Lyle,5
2021,Boy,Malachy,12
2021,Boy,Marc,3
2021,Boy,Marco,3
2021,Boy,Marcus,13
2021,Boy,Mark,9
2021,Boy,Marley,6
2021,Boy,Martin,14
2021,Boy,Mason,66
2021,Boy,Matas,4
2021,Boy,Matei,10
2021,Boy,Mateo,8
2021,Boy,Mathias,3
2021,Boy,Matteo,3
2021,Boy,Matthew,65
2021,Boy,Maverick,3
2021,Boy,Max,58
2021,Boy,Maximilian,4
2021,Boy,Maximus,3
2021,Boy,Micah,21
2021,Boy,Michael,52
2021,Boy,Micheal,20
2021,Boy,Mikey,4
2021,Boy,Miles,3
2021,Boy,Millar,3
2021,Boy,Milo,11
2021,Boy,Muhammad,5
2021,Boy,Myles,18
2021,Boy,Naoise,3
2021,Boy,Nate,3
2021,Boy,Nathan,22
2021,Boy,Nathanael,3
2021,Boy,Nathaniel,5
2021,Boy,Neo,6
2021,Boy,Niall,22
2021,Boy,Nicholas,6
2021,Boy,Nico,4
2021,Boy,Nicolas,4
2021,Boy,Nikodem,6
2021,Boy,Noah,191
2021,Boy,Oakley,4
2021,Boy,Odhran,60
2021,Boy,Odin,10
2021,Boy,Oisin,109
2021,Boy,Oliver,131
2021,Boy,Ollie,63
2021,Boy,Olly,6
2021,Boy,Oran,14
2021,Boy,Oscar,60
2021,Boy,Oskar,6
2021,Boy,Otis,7
2021,Boy,Owen,16
2021,Boy,Paddy,3
2021,Boy,Padraig,25
2021,Boy,Paidi,8
2021,Boy,Parker,22
2021,Boy,Patrick,68
2021,Boy,Paudi,5
2021,Boy,Paudie,6
2021,Boy,Paul,11
2021,Boy,Pauric,10
2021,Boy,Peadar,11
2021,Boy,Pearse,14
2021,Boy,Peter,19
2021,Boy,Philip,5
2021,Boy,Phoenix,4
2021,Boy,Pol,4
2021,Boy,Preston,3
2021,Boy,Quinn,3
2021,Boy,Ralph,9
2021,Boy,Raphael,5
2021,Boy,Ray,6
2021,Boy,Raymond,3
2021,Boy,Reece,5
2021,Boy,Regan,3
2021,Boy,Reggie,15
2021,Boy,Remy,3
2021,Boy,Reuben,65
2021,Boy,Rex,4
2021,Boy,Rhys,10
2021,Boy,Rian,29
2021,Boy,Riley,35
2021,Boy,Rio,13
2021,Boy,River,5
2021,Boy,Roan,7
2021,Boy,Robbie,26
2021,Boy,Robert,25
2021,Boy,Robin,9
2021,Boy,Rocco,9
2021,Boy,Rogan,8
2021,Boy,Rohan,7
2021,Boy,Roman,20
2021,Boy,Ronan,78
2021,Boy,Ronnie,6
2021,Boy,Rory,56
2021,Boy,Ross,3
2021,Boy,Rossa,26
2021,Boy,Rowan,39
2021,Boy,Ruadhan,9
2021,Boy,Ruaidhri,4
2021,Boy,Ruairi,36
2021,Boy,Ruan,3
2021,Boy,Ruben,9
2021,Boy,Rudi,4
2021,Boy,Rudy,5
2021,Boy,Rupert,3
2021,Boy,Ryan,44
2021,Boy,Rylee,3
2021,Boy,Saint,3
2021,Boy,Salah,3
2021,Boy,Sam,25
2021,Boy,Sammy,5
2021,Boy,Samuel,39
2021,Boy,Saul,9
2021,Boy,Se,10
2021,Boy,Seadhna,4
2021,Boy,Seamus,17
2021,Boy,Sean,45
2021,Boy,Seanan,3
2021,Boy,Seanna,4
2021,Boy,Sebastian,12
2021,Boy,Senan,29
2021,Boy,Setanta,5
2021,Boy,Seth,34
2021,Boy,Shane,14
2021,Boy,Shay,14
2021,Boy,Shea,73
2021,Boy,Silas,4
2021,Boy,Sonny,28
2021,Boy,Spencer,9
2021,Boy,Stanley,6
2021,Boy,Stefan,7
2021,Boy,Stephen,9
2021,Boy,Steven,6
2021,Boy,Tadhg,22
2021,Boy,Tajus,4
2021,Boy,Tate,6
2021,Boy,Taylor,3
2021,Boy,Ted,15
2021,Boy,Teddy,45
2021,Boy,Theo,119
2021,Boy,Theodore,55
2021,Boy,Thomas,109
2021,Boy,Tiarnan,17
2021,Boy,Tiernan,20
2021,Boy,Timothy,8
2021,Boy,Tobias,9
2021,Boy,Toby,20
2021,Boy,Tom,42
2021,Boy,Tomas,23
2021,Boy,Tommy,101
2021,Boy,Tony,8
2021,Boy,Torin,6
2021,Boy,Travis,3
2021,Boy,Trent,4
2021,Boy,Tristan,5
2021,Boy,Turlough,4
2021,Boy,Tyler,14
2021,Boy,Ultan,8
2021,Boy,Vincent,5
2021,Boy,Vinnie,3
2021,Boy,Wiktor,3
2021,Boy,Will,8
2021,Boy,William,47
2021,Boy,Wyatt,6
2021,Boy,Xander,12
2021,Boy,Zac,16
2021,Boy,Zach,28
2021,Boy,Zachariah,3
2021,Boy,Zachary,27
2021,Boy,Zack,11
2021,Boy,Zak,5
2021,Boy,Zander,5
2021,Boy,Zayn,4
2021,Boy,Ziggy,3
2021,Boy,Zion,5
2021,Girl,Aaliyah,11
2021,Girl,Abbie,26
2021,Girl,Abby,5
2021,Girl,Abigail,21
2021,Girl,Ada,41
2021,Girl,Addison,8
2021,Girl,Adeline,5
2021,Girl,Aida,4
2021,Girl,Ailbhe,12
2021,Girl,Aimee,10
2021,Girl,Aine,14
2021,Girl,Aisling,5
2021,Girl,Aiveen,5
2021,Girl,Alana,5
2021,Girl,Alanna,6
2021,Girl,Alannah,7
2021,Girl,Alara,4
2021,Girl,Alaya,4
2021,Girl,Alba,4
2021,Girl,Alena,4
2021,Girl,Alessia,4
2021,Girl,Alex,4
2021,Girl,Alexandra,9
2021,Girl,Alia,3
2021,Girl,Alice,49
2021,Girl,Alicia,3
2021,Girl,Aliyah,6
2021,Girl,Allie,4
2021,Girl,Alyssa,9
2021,Girl,Amal,3
2021,Girl,Amara,4
2021,Girl,Amber,27
2021,Girl,Amber-Rose,5
2021,Girl,Amelia,101
2021,Girl,Amelia-Rose,7
2021,Girl,Amelie,4
2021,Girl,Amira,17
2021,Girl,Amy,21
2021,Girl,Ana,4
2021,Girl,Anabella,3
2021,Girl,Anais,3
2021,Girl,Anastasia,3
2021,Girl,Anaya,4
2021,Girl,Anna,106
2021,Girl,Annabel,4
2021,Girl,Annabelle,6
2021,Girl,Annie,87
2021,Girl,Antonia,3
2021,Girl,Aodha,14
2021,Girl,Aoibh,6
2021,Girl,Aoibhe,19
2021,Girl,Aoibheann,27
2021,Girl,Aoibhin,9
2021,Girl,Aoibhinn,9
2021,Girl,Aoife,122
2021,Girl,April,7
2021,Girl,Arabella,19
2021,Girl,Aria,50
2021,Girl,Ariana,13
2021,Girl,Arianna,6
2021,Girl,Ariella,3
2021,Girl,Ariya,10
2021,Girl,Ariyah,4
2021,Girl,Arlo,3
2021,Girl,Arya,12
2021,Girl,Astrid,3
2021,Girl,Athena,5
2021,Girl,Aubree,3
2021,Girl,Aura,4
2021,Girl,Aurelia,3
2021,Girl,Aurora,15
2021,Girl,Autumn,20
2021,Girl,Ava,90
2021,Girl,Ava-Rose,3
2021,Girl,Avah,3
2021,Girl,Averie,4
2021,Girl,Avery,8
2021,Girl,Ayda,25
2021,Girl,Ayla,29
2021,Girl,Bailey,4
2021,Girl,Beatrice,4
2021,Girl,Bella,36
2021,Girl,Bella-Rose,3
2021,Girl,Belle,7
2021,Girl,Beth,18
2021,Girl,Bethany,7
2021,Girl,Betsy,3
2021,Girl,Betty,4
2021,Girl,Billie,5
2021,Girl,Blair,5
2021,Girl,Blaithin,4
2021,Girl,Blake,3
2021,Girl,Blathnaid,4
2021,Girl,Bonnie,32
2021,Girl,Brea,4
2021,Girl,Bria,9
2021,Girl,Brianna,5
2021,Girl,Brigid,4
2021,Girl,Brogan,3
2021,Girl,Bronte,3
2021,Girl,Brooke,9
2021,Girl,Cadhla,26
2021,Girl,Caela,4
2021,Girl,Cait,7
2021,Girl,Caitlin,19
2021,Girl,Cali,5
2021,Girl,Callie,27
2021,Girl,Camilla,3
2021,Girl,Caoimhe,44
2021,Girl,Cara,54
2021,Girl,Caragh,14
2021,Girl,Carla,3
2021,Girl,Carragh,3
2021,Girl,Casey,6
2021,Girl,Cassie,23
2021,Girl,Catherine,17
2021,Girl,Ceala,6
2021,Girl,Charley,7
2021,Girl,Charlotte,98
2021,Girl,Chloe,51
2021,Girl,Ciara,19
2021,Girl,Claire,3
2021,Girl,Clara,43
2021,Girl,Claragh,12
2021,Girl,Claudia,3
2021,Girl,Cleagh,4
2021,Girl,Clementine,5
2021,Girl,Cleo,7
2021,Girl,Cliodhna,16
2021,Girl,Cliona,3
2021,Girl,Cloda,5
2021,Girl,Clodagh,54
2021,Girl,Cobhlaith,7
2021,Girl,Connie,20
2021,Girl,Cora,56
2021,Girl,Croia,19
2021,Girl,Cushla,3
2021,Girl,Dahlia,3
2021,Girl,Daire,3
2021,Girl,Daisie,4
2021,Girl,Daisy,49
2021,Girl,Dakota,3
2021,Girl,Dani,4
2021,Girl,Dara,4
2021,Girl,Darcey,15
2021,Girl,Darcie,21
2021,Girl,Darcie-Rose,3
2021,Girl,Darcy,15
2021,Girl,Darlah,3
2021,Girl,Dearbhla,6
2021,Girl,Delia,3
2021,Girl,Delilah,9
2021,Girl,Demi,5
2021,Girl,Diana,5
2021,Girl,Doireann,4
2021,Girl,Eabha,67
2021,Girl,Eadaoin,3
2021,Girl,Eadha,8
2021,Girl,Eadie,4
2021,Girl,Eala,5
2021,Girl,Eden,29
2021,Girl,Edie,4
2021,Girl,Edith,13
2021,Girl,Eibhlin,7
2021,Girl,Eile,4
2021,Girl,Eileen,3
2021,Girl,Eilidh,6
2021,Girl,Eimear,30
2021,Girl,Eimhear,4
2021,Girl,Eimile,4
2021,Girl,Eira,4
2021,Girl,Eire,5
2021,Girl,Eireann,25
2021,Girl,Eirinn,13
2021,Girl,Eleanor,17
2021,Girl,Elena,10
2021,Girl,Eliana,7
2021,Girl,Elise,4
2021,Girl,Eliza,20
2021,Girl,Elizabeth,20
2021,Girl,Ella,111
2021,Girl,Ella-Rose,3
2021,Girl,Elle,5
2021,Girl,Ellen,16
2021,Girl,Ellie,80
2021,Girl,Ellie-Mae,11
2021,Girl,Elodie,7
2021,Girl,Eloise,10
2021,Girl,Elsie,43
2021,Girl,Ema,4
2021,Girl,Ember,6
2021,Girl,Emer,3
2021,Girl,Emery,4
2021,Girl,Emie,3
2021,Girl,Emilia,32
2021,Girl,Emilia-Rose,3
2021,Girl,Emilie,9
2021,Girl,Emily,150
2021,Girl,Emma,41
2021,Girl,Emmie,7
2021,Girl,Emmy,4
2021,Girl,Enya,8
2021,Girl,Erica,7
2021,Girl,Erin,76
2021,Girl,Esmae,8
2021,Girl,Esme,29
2021,Girl,Esmee,5
2021,Girl,Etain,3
2021,Girl,Eva,60
2021,Girl,Eva-Mae,3
2021,Girl,Eva-Rose,3
2021,Girl,Eve,25
2021,Girl,Evelyn,25
2021,Girl,Everleigh,9
2021,Girl,Everly,6
2021,Girl,Evie,92
2021,Girl,Faith,25
2021,Girl,Fallon,5
2021,Girl,Farah,5
2021,Girl,Farragh,3
2021,Girl,Farrah,18
2021,Girl,Faye,29
2021,Girl,Fearne,3
2021,Girl,Felicity,3
2021,Girl,Fia,3
2021,Girl,Fiadh,149
2021,Girl,Fiadhna,7
2021,Girl,Fianna,25
2021,Girl,Flora,3
2021,Girl,Florence,19
2021,Girl,Florrie,4
2021,Girl,Fodhla,7
2021,Girl,Fodla,3
2021,Girl,Francesca,6
2021,Girl,Frankie,6
2021,Girl,Freya,92
2021,Girl,Frida,4
2021,Girl,Gabriela,3
2021,Girl,Gabriella,10
2021,Girl,Gabrielle,5
2021,Girl,Georgia,52
2021,Girl,Georgie,13
2021,Girl,Gia,4
2021,Girl,Gigi,3
2021,Girl,Grace,182
2021,Girl,Gracie,31
2021,Girl,Gracie-Mae,3
2021,Girl,Grainne,5
2021,Girl,Hailey,21
2021,Girl,Halle,9
2021,Girl,Hallie,22
2021,Girl,Hanna,5
2021,Girl,Hannah,55
2021,Girl,Harley,11
2021,Girl,Harlow,9
2021,Girl,Harper,52
2021,Girl,Harriet,7
2021,Girl,Hayley,12
2021,Girl,Hazel,5
2021,Girl,Heidi,48
2021,Girl,Helena,3
2021,Girl,Hollie,22
2021,Girl,Holly,21
2021,Girl,Hope,23
2021,Girl,Ida,10
2021,Girl,Imogen,16
2021,Girl,Indi,3
2021,Girl,Indie,11
2021,Girl,Iona,6
2021,Girl,Iris,4
2021,Girl,Isabel,5
2021,Girl,Isabella,41
2021,Girl,Isabelle,11
2021,Girl,Isla,138
2021,Girl,Isobel,13
2021,Girl,Ivie,5
2021,Girl,Ivy,55
2021,Girl,Ivy-Rose,5
2021,Girl,Iyla,4
2021,Girl,Izabella,4
2021,Girl,Jane,3
2021,Girl,Jasmine,7
2021,Girl,Jessica,52
2021,Girl,Jessie,10
2021,Girl,Joanna,6
2021,Girl,Joanne,3
2021,Girl,Jodie,3
2021,Girl,Joni,6
2021,Girl,Jorgia,3
2021,Girl,Jorgie,4
2021,Girl,Jorja,3
2021,Girl,Josie,12
2021,Girl,Joy,6
2021,Girl,Julia,10
2021,Girl,Juliette,3
2021,Girl,Kacie,3
2021,Girl,Kaitlyn,4
2021,Girl,Kali,8
2021,Girl,Kara,3
2021,Girl,Kate,21
2021,Girl,Katherine,4
2021,Girl,Katie,58
2021,Girl,Kayla,7
2021,Girl,Kayleigh,4
2021,Girl,Keeva,5
2021,Girl,Keilidh,3
2021,Girl,Kelly,3
2021,Girl,Kelsie,3
2021,Girl,Kendra,4
2021,Girl,Kezia,4
2021,Girl,Khloe,3
2021,Girl,Kiana,4
2021,Girl,Kianna,3
2021,Girl,Kiera,4
2021,Girl,Kieva,3
2021,Girl,Kimberly,3
2021,Girl,Klara,4
2021,Girl,Kora,3
2021,Girl,Kourtney,4
2021,Girl,Kyra,3
2021,Girl,Lacey,4
2021,Girl,Laila,4
2021,Girl,Lainey,6
2021,Girl,Lana,12
2021,Girl,Laoise,13
2021,Girl,Lara,24
2021,Girl,Laura,10
2021,Girl,Lauren,4
2021,Girl,Layla,33
2021,Girl,Layna,3
2021,Girl,Lea,3
2021,Girl,Leah,26
2021,Girl,Leia,5
2021,Girl,Leila,3
2021,Girl,Leja,3
2021,Girl,Lena,6
2021,Girl,Leni,5
2021,Girl,Leona,5
2021,Girl,Lexi,21
2021,Girl,Lexie,4
2021,Girl,Lia,6
2021,Girl,Lila,7
2021,Girl,Lilah,15
2021,Girl,Lile,5
2021,Girl,Liliana,4
2021,Girl,Lilianna,3
2021,Girl,Lillian,3
2021,Girl,Lillie,16
2021,Girl,Lillie-Mae,3
2021,Girl,Lilly,16
2021,Girl,Lily,94
2021,Girl,Lily-Mae,5
2021,Girl,Lily-Rose,5
2021,Girl,Linda,3
2021,Girl,Livia,4
2021,Girl,Lois,6
2021,Girl,Lola,19
2021,Girl,Lottie,39
2021,Girl,Louisa,5
2021,Girl,Lucia,18
2021,Girl,Lucie,20
2021,Girl,Lucy,100
2021,Girl,Luisa,3
2021,Girl,Luka,3
2021,Girl,Luna,19
2021,Girl,Lydia,23
2021,Girl,Lyla,25
2021,Girl,Lyra,3
2021,Girl,Mabel,9
2021,Girl,Maci,4
2021,Girl,Macie,6
2021,Girl,Maddie,5
2021,Girl,Maddison,9
2021,Girl,Madelyn,3
2021,Girl,Madison,16
2021,Girl,Mae,3
2021,Girl,Maeva,3
2021,Girl,Maeve,18
2021,Girl,Maggie,14
2021,Girl,Maia,6
2021,Girl,Maisie,59
2021,Girl,Maisy,3
2021,Girl,Maja,4
2021,Girl,Mallaidh,3
2021,Girl,Marcelina,3
2021,Girl,Marcie,4
2021,Girl,Margaret,4
2021,Girl,Margo,4
2021,Girl,Margot,14
2021,Girl,Maria,18
2021,Girl,Mariah,4
2021,Girl,Marie,3
2021,Girl,Marley,4
2021,Girl,Marnie,5
2021,Girl,Martha,18
2021,Girl,Mary,15
2021,Girl,Matilda,21
2021,Girl,Maya,27
2021,Girl,Mea,3
2021,Girl,Meabh,61
2021,Girl,Meadow,3
2021,Girl,Mealla,3
2021,Girl,Megan,7
2021,Girl,Melissa,8
2021,Girl,Melody,5
2021,Girl,Mia,82
2021,Girl,Michaela,3
2021,Girl,Mila,24
2021,Girl,Milah,3
2021,Girl,Miley,10
2021,Girl,Millie,24
2021,Girl,Mira,4
2021,Girl,Mollie,49
2021,Girl,Mollie-Mae,3
2021,Girl,Molly,76
2021,Girl,Muireann,11
2021,Girl,Mya,27
2021,Girl,Myah,8
2021,Girl,Myla,30
2021,Girl,Mylah,6
2021,Girl,Nadia,4
2021,Girl,Nancy,22
2021,Girl,Naoise,8
2021,Girl,Naomi,10
2021,Girl,Natalia,6
2021,Girl,Natalie,4
2021,Girl,Nell,3
2021,Girl,Nellie,6
2021,Girl,Nelly,3
2021,Girl,Nevaeh,12
2021,Girl,Neve,4
2021,Girl,Nia,3
2021,Girl,Niamh,61
2021,Girl,Nicole,4
2021,Girl,Nikita,4
2021,Girl,Nikola,3
2021,Girl,Nina,22
2021,Girl,Noa,3
2021,Girl,Nola,4
2021,Girl,Nora,35
2021,Girl,Norah,10
2021,Girl,Nova,7
2021,Girl,Nyla,3
2021,Girl,Oakley,3
2021,Girl,Ocean,4
2021,Girl,Octavia,3
2021,Girl,Olive,10
2021,Girl,Olivia,148
2021,Girl,Olivia-Rose,3
2021,Girl,Ophelia,6
2021,Girl,Orfhlaith,3
2021,Girl,Orla,11
2021,Girl,Orlagh,9
2021,Girl,Orlaith,16
2021,Girl,Paige,15
2021,Girl,Paisley,5
2021,Girl,Paris,3
2021,Girl,Paula,5
2021,Girl,Pearl,4
2021,Girl,Peggy,4
2021,Girl,Penelope,20
2021,Girl,Penny,31
2021,Girl,Perrie,3
2021,Girl,Peyton,7
2021,Girl,Phoebe,39
2021,Girl,Phoenix,4
2021,Girl,Piper,5
2021,Girl,Pippa,16
2021,Girl,Pola,3
2021,Girl,Polly,8
2021,Girl,Poppy,62
2021,Girl,Priya,13
2021,Girl,Priyah,3
2021,Girl,Quinn,14
2021,Girl,Rachel,17
2021,Girl,Radha,5
2021,Girl,Rae,3
2021,Girl,Raina,6
2021,Girl,Raya,5
2021,Girl,Rayah,3
2021,Girl,Rayna,3
2021,Girl,Rebecca,20
2021,Girl,Reeva,7
2021,Girl,Reina,3
2021,Girl,Remi,25
2021,Girl,Renee,3
2021,Girl,Rhea,18
2021,Girl,Ria,10
2021,Girl,Riadh,4
2021,Girl,Riah,4
2021,Girl,Riley,7
2021,Girl,Rioghnach,11
2021,Girl,Riona,7
2021,Girl,Rionach,7
2021,Girl,Rionagh,4
2021,Girl,Rita,4
2021,Girl,Riva,3
2021,Girl,River,12
2021,Girl,Robyn,34
2021,Girl,Roise,28
2021,Girl,Roisin,12
2021,Girl,Roma,4
2021,Girl,Rosa,29
2021,Girl,Rose,51
2021,Girl,Rosie,76
2021,Girl,Rowan,4
2021,Girl,Rua,6
2021,Girl,Ruby,64
2021,Girl,Ruth,4
2021,Girl,Rylee,3
2021,Girl,Ryleigh,4
2021,Girl,Sabrina,5
2021,Girl,Sadhbh,7
2021,Girl,Sadie,33
2021,Girl,Saerlaith,10
2021,Girl,Saffron,3
2021,Girl,Sage,5
2021,Girl,Sally,3
2021,Girl,Samantha,3
2021,Girl,Saoirse,45
2021,Girl,Saorla,8
2021,Girl,Saorlaith,23
2021,Girl,Sara,8
2021,Girl,Sarah,36
2021,Girl,Savannah,16
2021,Girl,Scarlett,42
2021,Girl,Serena,4
2021,Girl,Shannon,3
2021,Girl,Sienna,45
2021,Girl,Sierra,4
2021,Girl,Siofra,6
2021,Girl,Skye,6
2021,Girl,Skyla,4
2021,Girl,Skylar,7
2021,Girl,Sofia,41
2021,Girl,Sofija,3
2021,Girl,Sophia,102
2021,Girl,Sophia-Rose,3
2021,Girl,Sophie,128
2021,Girl,Sorcha,5
2021,Girl,Stella,11
2021,Girl,Summer,12
2021,Girl,Susanna,5
2021,Girl,Susannah,3
2021,Girl,Susie,4
2021,Girl,Tabitha,3
2021,Girl,Tahlia,3
2021,Girl,Talia,5
2021,Girl,Tara,9
2021,Girl,Taylor,6
2021,Girl,Tegan,3
2021,Girl,Tess,10
2021,Girl,Tessie,4
2021,Girl,Thea,32
2021,Girl,Theia,3
2021,Girl,Tiana,3
2021,Girl,Tianna,3
2021,Girl,Tiernagh,3
2021,Girl,Tillie,4
2021,Girl,Tilly,18
2021,Girl,Una,8
2021,Girl,Valentina,5
2021,Girl,Victoria,5
2021,Girl,Violet,9
2021,Girl,Vivienne,3
2021,Girl,Willow,69
2021,Girl,Winnie,3
2021,Girl,Winter,5
2021,Girl,Wren,8
2021,Girl,Wynter,4
2021,Girl,Zahra,4
2021,Girl,Zainab,3
2021,Girl,Zara,52
2021,Girl,Zoe,37
2021,Girl,Zoey,9
2021,Girl,Zuzanna,4
2022,Boy,Aaron,19
2022,Boy,Abel,16
2022,Boy,Ace,6
2022,Boy,Adam,62
2022,Boy,Aidan,28
2022,Boy,Aiden,6
2022,Boy,Ailbe,4
2022,Boy,Alan,4
2022,Boy,Albert,5
2022,Boy,Albi,3
2022,Boy,Albie,23
2022,Boy,Aleksander,3
2022,Boy,Alex,35
2022,Boy,Alexander,53
2022,Boy,Alfie,87
2022,Boy,Alfred,3
2022,Boy,Ali,4
2022,Boy,Amir,3
2022,Boy,Andrew,12
2022,Boy,Angelo,3
2022,Boy,Angus,3
2022,Boy,Anthony,16
2022,Boy,Antoni,3
2022,Boy,Antonio,3
2022,Boy,Aodhan,31
2022,Boy,Archer,3
2022,Boy,Archie,63
2022,Boy,Ari,6
2022,Boy,Arlo,43
2022,Boy,Aron,3
2022,Boy,Arthur,80
2022,Boy,Asher,11
2022,Boy,Ashton,7
2022,Boy,Aslan,3
2022,Boy,Austin,16
2022,Boy,Avery,3
2022,Boy,Axel,15
2022,Boy,Bailey,9
2022,Boy,Barney,3
2022,Boy,Barra,8
2022,Boy,Barry,3
2022,Boy,Beau,10
2022,Boy,Ben,33
2022,Boy,Benjamin,37
2022,Boy,Bernard,3
2022,Boy,Bertie,5
2022,Boy,Billy,10
2022,Boy,Blake,27
2022,Boy,Bobby,33
2022,Boy,Bodhi,24
2022,Boy,Bowie,4
2022,Boy,Bradley,7
2022,Boy,Brandon,6
2022,Boy,Brendan,5
2022,Boy,Brian,6
2022,Boy,Brodie,31
2022,Boy,Brody,24
2022,Boy,Brogan,7
2022,Boy,Brooklyn,6
2022,Boy,Bruno,3
2022,Boy,Bryan,3
2022,Boy,Cadain,5
2022,Boy,Cade,4
2022,Boy,Caden,7
2022,Boy,Cahan,5
2022,Boy,Cahir,23
2022,Boy,Caiden,22
2022,Boy,Cailean,3
2022,Boy,Cairbre,3
2022,Boy,Calaeb,6
2022,Boy,Caleb,72
2022,Boy,Callan,6
2022,Boy,Callum,37
2022,Boy,Calum,4
2022,Boy,Calvin,7
2022,Boy,Cameron,11
2022,Boy,Caodhan,6
2022,Boy,Caoilte,3
2022,Boy,Caoimhin,16
2022,Boy,Caolan,25
2022,Boy,Caomhan,3
2022,Boy,Carson,8
2022,Boy,Carter,22
2022,Boy,Casey,4
2022,Boy,Cathain,3
2022,Boy,Cathair,11
2022,Boy,Cathal,10
2022,Boy,Cathan,9
2022,Boy,Cathaoir,8
2022,Boy,Cayden,8
2022,Boy,Charles,12
2022,Boy,Charlie,131
2022,Boy,Che,8
2022,Boy,Chester,7
2022,Boy,Christian,8
2022,Boy,Christopher,12
2022,Boy,Cian,42
2022,Boy,Cianan,5
2022,Boy,Ciaran,19
2022,Boy,Cillian,111
2022,Boy,Cj,5
2022,Boy,Clark,4
2022,Boy,Clarke,4
2022,Boy,Coby,5
2022,Boy,Cody,28
2022,Boy,Coen,4
2022,Boy,Cohan,13
2022,Boy,Cohen,17
2022,Boy,Colby,11
2022,Boy,Cole,17
2022,Boy,Colton,12
2022,Boy,Con,3
2022,Boy,Conal,4
2022,Boy,Conall,19
2022,Boy,Conan,52
2022,Boy,Conlan,8
2022,Boy,Conlaoch,3
2022,Boy,Conleith,4
2022,Boy,Conleth,7
2022,Boy,Conn,10
2022,Boy,Connla,13
2022,Boy,Connlaoi,3
2022,Boy,Connor,12
2022,Boy,Conor,52
2022,Boy,Cooper,16
2022,Boy,Corey,21
2022,Boy,Cormac,34
2022,Boy,Cruz,9
2022,Boy,Cu,3
2022,Boy,Cuan,10
2022,Boy,Culann,5
2022,Boy,Curtis,3
2022,Boy,Daire,50
2022,Boy,Daithi,61
2022,Boy,Damien,3
2022,Boy,Dan,8
2022,Boy,Daniel,90
2022,Boy,Danny,37
2022,Boy,Dara,27
2022,Boy,Darragh,67
2022,Boy,David,30
2022,Boy,Dawid,3
2022,Boy,Dawson,14
2022,Boy,Dean,3
2022,Boy,Declan,8
2022,Boy,Denis,5
2022,Boy,Denver,3
2022,Boy,Diarmuid,5
2022,Boy,Dilanas,3
2022,Boy,Domhnall,3
2022,Boy,Dominic,13
2022,Boy,Dominik,4
2022,Boy,Donal,8
2022,Boy,Donnacha,18
2022,Boy,Dorian,4
2022,Boy,Drew,3
2022,Boy,Dylan,22
2022,Boy,Eamon,3
2022,Boy,Eamonn,4
2022,Boy,Eanna,5
2022,Boy,Eddie,11
2022,Boy,Eden,4
2022,Boy,Edward,20
2022,Boy,Eli,39
2022,Boy,Elias,11
2022,Boy,Elijah,50
2022,Boy,Elliot,12
2022,Boy,Elliott,8
2022,Boy,Ellis,11
2022,Boy,Emmet,3
2022,Boy,Emmett,8
2022,Boy,Enda,12
2022,Boy,Enzo,14
2022,Boy,Eoghan,22
2022,Boy,Eoin,45
2022,Boy,Eolann,3
2022,Boy,Eric,9
2022,Boy,Erik,5
2022,Boy,Ernie,3
2022,Boy,Ethan,69
2022,Boy,Euan,4
2022,Boy,Evan,14
2022,Boy,Ezekiel,6
2022,Boy,Ezra,60
2022,Boy,Faolan,8
2022,Boy,Fearghal,3
2022,Boy,Felix,13
2022,Boy,Fiachra,22
2022,Boy,Filip,4
2022,Boy,Finbar,5
2022,Boy,Finlay,14
2022,Boy,Finley,20
2022,Boy,Finn,98
2022,Boy,Fintan,6
2022,Boy,Fionn,51
2022,Boy,Fionnan,3
2022,Boy,Fionnbharr,3
2022,Boy,Fionntan,9
2022,Boy,Flynn,14
2022,Boy,Francis,4
2022,Boy,Franciszek,4
2022,Boy,Frank,7
2022,Boy,Frankie,22
2022,Boy,Fraser,3
2022,Boy,Freddie,81
2022,Boy,Freddy,8
2022,Boy,Frederick,12
2022,Boy,Gabriel,16
2022,Boy,Gary,4
2022,Boy,George,59
2022,Boy,Gerard,6
2022,Boy,Grayson,9
2022,Boy,Harley,8
2022,Boy,Harrison,29
2022,Boy,Harry,118
2022,Boy,Harvey,12
2022,Boy,Hayden,7
2022,Boy,Hendrix,3
2022,Boy,Henry,57
2022,Boy,Hudson,28
2022,Boy,Hugh,16
2022,Boy,Hugo,29
2022,Boy,Hunter,38
2022,Boy,Ian,3
2022,Boy,Iarla,4
2022,Boy,Iarlaith,7
2022,Boy,Iosif,3
2022,Boy,Isaac,57
2022,Boy,Isaiah,3
2022,Boy,Issac,3
2022,Boy,Ivan,6
2022,Boy,Jace,8
2022,Boy,Jack,169
2022,Boy,Jackson,19
2022,Boy,Jacob,79
2022,Boy,Jaiden,4
2022,Boy,Jake,55
2022,Boy,Jakob,3
2022,Boy,Jakub,6
2022,Boy,James,175
2022,Boy,Jamie,48
2022,Boy,Jan,4
2022,Boy,Jarlath,3
2022,Boy,Jason,7
2022,Boy,Jasper,13
2022,Boy,Jax,18
2022,Boy,Jaxon,41
2022,Boy,Jaxson,5
2022,Boy,Jaxx,4
2022,Boy,Jay,12
2022,Boy,Jayce,5
2022,Boy,Jayden,23
2022,Boy,Jensen,9
2022,Boy,Jenson,13
2022,Boy,Jesse,20
2022,Boy,Jimmy,3
2022,Boy,Joe,7
2022,Boy,Joel,23
2022,Boy,Joey,18
2022,Boy,John,34
2022,Boy,Johnny,5
2022,Boy,Jonah,62
2022,Boy,Jonathan,10
2022,Boy,Jordan,8
2022,Boy,Joseph,52
2022,Boy,Josh,8
2022,Boy,Joshua,63
2022,Boy,Josiah,8
2022,Boy,Judah,6
2022,Boy,Jude,77
2022,Boy,Junior,3
2022,Boy,Kade,4
2022,Boy,Kai,39
2022,Boy,Kaiden,10
2022,Boy,Kairo,3
2022,Boy,Kaleb,4
2022,Boy,Kane,4
2022,Boy,Karl,3
2022,Boy,Kayce,3
2022,Boy,Kayden,14
2022,Boy,Keegan,5
2022,Boy,Kent,3
2022,Boy,Kevin,10
2022,Boy,Kian,8
2022,Boy,Kieran,3
2022,Boy,Killian,11
2022,Boy,Kingsley,4
2022,Boy,Koa,6
2022,Boy,Kobe,5
2022,Boy,Kobi,5
2022,Boy,Kobie,5
2022,Boy,Koby,3
2022,Boy,Koda,3
2022,Boy,Kodie,4
2022,Boy,Kruze,3
2022,Boy,Kyle,5
2022,Boy,Kyron,3
2022,Boy,Lachlan,4
2022,Boy,Laochra,6
2022,Boy,Layton,4
2022,Boy,Lennie,5
2022,Boy,Lennon,3
2022,Boy,Lennox,6
2022,Boy,Leo,106
2022,Boy,Leon,12
2022,Boy,Leonardo,5
2022,Boy,Levi,28
2022,Boy,Lewis,11
2022,Boy,Liam,43
2022,Boy,Lincoln,8
2022,Boy,Lochlainn,9
2022,Boy,Lochlan,13
2022,Boy,Lochlann,5
2022,Boy,Logan,57
2022,Boy,Lorcan,50
2022,Boy,Lorenzo,4
2022,Boy,Louie,26
2022,Boy,Louis,17
2022,Boy,Luan,15
2022,Boy,Luca,83
2022,Boy,Lucas,48
2022,Boy,Luka,6
2022,Boy,Lukas,7
2022,Boy,Luke,74
2022,Boy,Lyle,4
2022,Boy,Mac,3
2022,Boy,Maddox,7
2022,Boy,Mairtin,3
2022,Boy,Maitiu,3
2022,Boy,Maksymilian,4
2022,Boy,Malachy,8
2022,Boy,Marco,5
2022,Boy,Marcus,5
2022,Boy,Mark,10
2022,Boy,Marley,4
2022,Boy,Marshall,3
2022,Boy,Martin,9
2022,Boy,Mason,54
2022,Boy,Mateo,7
2022,Boy,Matheus,3
2022,Boy,Matteo,4
2022,Boy,Matthew,62
2022,Boy,Matthias,4
2022,Boy,Maverick,4
2022,Boy,Max,55
2022,Boy,Maximilian,3
2022,Boy,Maxwell,3
2022,Boy,Micah,20
2022,Boy,Michael,60
2022,Boy,Micheal,8
2022,Boy,Milan,4
2022,Boy,Miles,10
2022,Boy,Milo,6
2022,Boy,Mohamed,6
2022,Boy,Mohammad,4
2022,Boy,Mohammed,3
2022,Boy,Moise,3
2022,Boy,Morgan,3
2022,Boy,Muhammad,11
2022,Boy,Myles,17
2022,Boy,Naoise,8
2022,Boy,Natan,4
2022,Boy,Nate,3
2022,Boy,Nathan,31
2022,Boy,Nathaniel,8
2022,Boy,Ned,4
2022,Boy,Neil,4
2022,Boy,Niall,21
2022,Boy,Nicholas,4
2022,Boy,Nico,7
2022,Boy,Nikodem,3
2022,Boy,Noah,146
2022,Boy,Noel,3
2022,Boy,Oaklen,3
2022,Boy,Oakley,5
2022,Boy,Odhran,60
2022,Boy,Odin,9
2022,Boy,Oisin,119
2022,Boy,Oliver,123
2022,Boy,Oliwier,3
2022,Boy,Ollie,74
2022,Boy,Olly,6
2022,Boy,Omar,3
2022,Boy,Oran,10
2022,Boy,Oscar,51
2022,Boy,Oskar,7
2022,Boy,Otis,7
2022,Boy,Owen,12
2022,Boy,Ozzy,4
2022,Boy,Paddy,8
2022,Boy,Padraig,22
2022,Boy,Paidi,25
2022,Boy,Parker,18
2022,Boy,Patrick,50
2022,Boy,Patsy,3
2022,Boy,Paudi,8
2022,Boy,Paudie,4
2022,Boy,Paul,4
2022,Boy,Pauric,4
2022,Boy,Peadar,17
2022,Boy,Pearse,9
2022,Boy,Peter,12
2022,Boy,Philip,5
2022,Boy,Phoenix,6
2022,Boy,Preston,3
2022,Boy,Quinn,9
2022,Boy,Rafael,8
2022,Boy,Rafe,3
2022,Boy,Ralph,5
2022,Boy,Rayan,4
2022,Boy,Reece,11
2022,Boy,Reggie,13
2022,Boy,Reid,3
2022,Boy,Remy,5
2022,Boy,Reuben,58
2022,Boy,Rex,4
2022,Boy,Rhys,10
2022,Boy,Rian,48
2022,Boy,Richard,5
2022,Boy,Riley,26
2022,Boy,Rio,10
2022,Boy,Rioghan,3
2022,Boy,River,7
2022,Boy,Roan,6
2022,Boy,Robbie,25
2022,Boy,Robert,22
2022,Boy,Robin,11
2022,Boy,Rocco,6
2022,Boy,Rohan,3
2022,Boy,Rojus,3
2022,Boy,Roman,19
2022,Boy,Ronan,72
2022,Boy,Ronnie,13
2022,Boy,Rory,64
2022,Boy,Ross,3
2022,Boy,Rossa,25
2022,Boy,Rowan,37
2022,Boy,Royce,3
2022,Boy,Ruadhan,11
2022,Boy,Ruaidhri,11
2022,Boy,Ruairi,32
2022,Boy,Ruben,13
2022,Boy,Rudi,10
2022,Boy,Rudy,5
2022,Boy,Ryan,42
2022,Boy,Rylee,3
2022,Boy,Sam,19
2022,Boy,Samuel,39
2022,Boy,Santiago,3
2022,Boy,Saul,5
2022,Boy,Sawyer,3
2022,Boy,Scott,5
2022,Boy,Se,8
2022,Boy,Seaghan,3
2022,Boy,Seamus,8
2022,Boy,Sean,35
2022,Boy,Sebastian,20
2022,Boy,Seimi,4
2022,Boy,Senan,34
2022,Boy,Seosamh,3
2022,Boy,Seth,20
2022,Boy,Shan,3
2022,Boy,Shane,12
2022,Boy,Shay,13
2022,Boy,Shea,65
2022,Boy,Simon,5
2022,Boy,Sonny,25
2022,Boy,Spencer,4
2022,Boy,Stanley,3
2022,Boy,Stephen,6
2022,Boy,Steven,3
2022,Boy,Stiofan,3
2022,Boy,Szymon,3
2022,Boy,Tadhg,25
2022,Boy,Tate,4
2022,Boy,Taylor,4
2022,Boy,Ted,12
2022,Boy,Teddie,5
2022,Boy,Teddy,57
2022,Boy,Teo,4
2022,Boy,Terry,3
2022,Boy,Theo,132
2022,Boy,Theodore,48
2022,Boy,Thomas,107
2022,Boy,Tiarnan,13
2022,Boy,Tiernan,26
2022,Boy,Timothy,3
2022,Boy,Tobias,7
2022,Boy,Tobin,3
2022,Boy,Toby,23
2022,Boy,Tom,38
2022,Boy,Tomas,19
2022,Boy,Tommy,97
2022,Boy,Torin,9
2022,Boy,Travis,5
2022,Boy,Tristan,5
2022,Boy,Tyler,13
2022,Boy,Ultan,3
2022,Boy,Victor,3
2022,Boy,Vincent,5
2022,Boy,Vinnie,4
2022,Boy,Will,14
2022,Boy,William,39
2022,Boy,Wyatt,4
2022,Boy,Xander,11
2022,Boy,Xavier,4
2022,Boy,Yaseen,3
2022,Boy,Zac,7
2022,Boy,Zach,28
2022,Boy,Zachariah,4
2022,Boy,Zachary,23
2022,Boy,Zack,13
2022,Boy,Zak,5
2022,Boy,Zane,3
2022,Boy,Zayn,4
2022,Boy,Zion,4
2022,Girl,Aaliyah,10
2022,Girl,Abbie,5
2022,Girl,Abigail,29
2022,Girl,Ada,51
2022,Girl,Addison,14
2022,Girl,Adelaide,3
2022,Girl,Adeline,4
2022,Girl,Aida,6
2022,Girl,Aila,4
2022,Girl,Ailbhe,12
2022,Girl,Aimee,10
2022,Girl,Aine,15
2022,Girl,Aisling,3
2022,Girl,Aiveen,3
2022,Girl,Alaia,3
2022,Girl,Alaina,3
2022,Girl,Alana,6
2022,Girl,Alanna,3
2022,Girl,Alannah,3
2022,Girl,Alara,10
2022,Girl,Alaya,5
2022,Girl,Alba,4
2022,Girl,Alexandra,12
2022,Girl,Alice,40
2022,Girl,Alicia,6
2022,Girl,Alivia,4
2022,Girl,Aliyah,3
2022,Girl,Aliza,5
2022,Girl,Allie,4
2022,Girl,Alora,5
2022,Girl,Alyssa,4
2022,Girl,Amanda,4
2022,Girl,Amara,7
2022,Girl,Amaya,5
2022,Girl,Amber,26
2022,Girl,Amelia,91
2022,Girl,Amelia-Rose,4
2022,Girl,Amelie,5
2022,Girl,Amelija,3
2022,Girl,Amira,5
2022,Girl,Amirah,5
2022,Girl,Amiyah,3
2022,Girl,Amy,11
2022,Girl,Ana,4
2022,Girl,Anastasia,10
2022,Girl,Angel,4
2022,Girl,Angela,3
2022,Girl,Angelina,3
2022,Girl,Anna,80
2022,Girl,Annabel,5
2022,Girl,Annabelle,10
2022,Girl,Annie,97
2022,Girl,Annie-Rose,3
2022,Girl,Antonia,5
2022,Girl,Aoibh,8
2022,Girl,Aoibhe,13
2022,Girl,Aoibheann,21
2022,Girl,Aoibhi,10
2022,Girl,Aoibhin,7
2022,Girl,Aoibhinn,13
2022,Girl,Aoife,113
2022,Girl,April,5
2022,Girl,Arabella,16
2022,Girl,Aria,65
2022,Girl,Ariana,8
2022,Girl,Arianna,6
2022,Girl,Ariya,8
2022,Girl,Arwen,4
2022,Girl,Arya,6
2022,Girl,Astrid,4
2022,Girl,Athena,5
2022,Girl,Aubree,4
2022,Girl,Aubrey,3
2022,Girl,Aurora,14
2022,Girl,Autumn,17
2022,Girl,Ava,84
2022,Girl,Ava-Grace,3
2022,Girl,Ava-Rose,3
2022,Girl,Averi,3
2022,Girl,Averie,5
2022,Girl,Avery,15
2022,Girl,Avie,3
2022,Girl,Ayda,19
2022,Girl,Ayla,21
2022,Girl,Aylah,3
2022,Girl,Bailey,3
2022,Girl,Beatrix,4
2022,Girl,Beibhinn,5
2022,Girl,Bella,17
2022,Girl,Belle,8
2022,Girl,Beth,10
2022,Girl,Bethany,7
2022,Girl,Betty,4
2022,Girl,Billie,5
2022,Girl,Blaithin,11
2022,Girl,Blathnaid,3
2022,Girl,Blossom,4
2022,Girl,Bodhi,3
2022,Girl,Bonnie,49
2022,Girl,Brea,3
2022,Girl,Bria,5
2022,Girl,Brianna,6
2022,Girl,Bridget,3
2022,Girl,Brooke,15
2022,Girl,Cadhla,25
2022,Girl,Cait,9
2022,Girl,Caitie,3
2022,Girl,Caitlin,17
2022,Girl,Cali,6
2022,Girl,Calla,3
2022,Girl,Callie,15
2022,Girl,Caoimhe,35
2022,Girl,Cara,47
2022,Girl,Caragh,9
2022,Girl,Carly,4
2022,Girl,Carragh,4
2022,Girl,Casey,5
2022,Girl,Cassie,25
2022,Girl,Catherine,13
2022,Girl,Ceala,3
2022,Girl,Cecilia,5
2022,Girl,Celine,3
2022,Girl,Charley,5
2022,Girl,Charlie,3
2022,Girl,Charlotte,87
2022,Girl,Chloe,45
2022,Girl,Ciara,12
2022,Girl,Cienna,3
2022,Girl,Clara,42
2022,Girl,Claragh,9
2022,Girl,Claudia,3
2022,Girl,Cleo,3
2022,Girl,Cliodhna,16
2022,Girl,Clodagh,57
2022,Girl,Connie,23
2022,Girl,Constance,4
2022,Girl,Cora,52
2022,Girl,Croia,33
2022,Girl,Croiadh,6
2022,Girl,Cuisle,5
2022,Girl,Daisy,42
2022,Girl,Dakota,5
2022,Girl,Darcey,9
2022,Girl,Darci,3
2022,Girl,Darcie,24
2022,Girl,Darcy,15
2022,Girl,Darla,6
2022,Girl,Dearbhla,11
2022,Girl,Delilah,9
2022,Girl,Destiny,3
2022,Girl,Diana,5
2022,Girl,Doireann,9
2022,Girl,Dorothy,3
2022,Girl,Dottie,3
2022,Girl,Eabha,74
2022,Girl,Eadaoin,7
2022,Girl,Eadie,3
2022,Girl,Eala,6
2022,Girl,Eden,31
2022,Girl,Edie,8
2022,Girl,Edith,7
2022,Girl,Effie,4
2022,Girl,Eibhlin,5
2022,Girl,Eila,4
2022,Girl,Eile,3
2022,Girl,Eilidh,5
2022,Girl,Eimear,34
2022,Girl,Eimile,4
2022,Girl,Eireann,21
2022,Girl,Eirinn,12
2022,Girl,Elara,3
2022,Girl,Eleanor,8
2022,Girl,Elena,16
2022,Girl,Eliana,4
2022,Girl,Elise,9
2022,Girl,Eliza,18
2022,Girl,Elizabeth,14
2022,Girl,Ella,88
2022,Girl,Ella-Mae,6
2022,Girl,Ella-Rose,8
2022,Girl,Elle,7
2022,Girl,Ellen,18
2022,Girl,Ellie,69
2022,Girl,Ellie-Mae,5
2022,Girl,Elodie,8
2022,Girl,Eloise,18
2022,Girl,Elora,5
2022,Girl,Elsie,54
2022,Girl,Emelia,9
2022,Girl,Emer,6
2022,Girl,Emilia,22
2022,Girl,Emilie,10
2022,Girl,Emily,152
2022,Girl,Emma,46
2022,Girl,Emmie,12
2022,Girl,Emmy,5
2022,Girl,Enya,9
2022,Girl,Erica,3
2022,Girl,Erin,80
2022,Girl,Esmae,7
2022,Girl,Esme,22
2022,Girl,Esmee,3
2022,Girl,Esther,3
2022,Girl,Etain,5
2022,Girl,Etta,6
2022,Girl,Eva,48
2022,Girl,Eve,19
2022,Girl,Evelyn,19
2022,Girl,Everleigh,7
2022,Girl,Everly,8
2022,Girl,Evie,94
2022,Girl,Faith,25
2022,Girl,Farah,7
2022,Girl,Farrah,21
2022,Girl,Faya,3
2022,Girl,Faye,21
2022,Girl,Felicity,6
2022,Girl,Fia,5
2022,Girl,Fiadh,148
2022,Girl,Fiadhna,6
2022,Girl,Fianna,19
2022,Girl,Florence,19
2022,Girl,Fodhla,8
2022,Girl,Francesca,8
2022,Girl,Frankie,8
2022,Girl,Freya,94
2022,Girl,Freyja,12
2022,Girl,Gabija,4
2022,Girl,Gabriela,4
2022,Girl,Gabriella,13
2022,Girl,Georgia,48
2022,Girl,Gia,5
2022,Girl,Gianna,6
2022,Girl,Gigi,3
2022,Girl,Grace,168
2022,Girl,Gracie,28
2022,Girl,Gracie-Mae,3
2022,Girl,Grainne,5
2022,Girl,Hadley,3
2022,Girl,Hailey,12
2022,Girl,Hailie,4
2022,Girl,Hallie,25
2022,Girl,Hania,3
2022,Girl,Hanna,12
2022,Girl,Hannah,56
2022,Girl,Harlee,3
2022,Girl,Harley,3
2022,Girl,Harlow,13
2022,Girl,Harper,47
2022,Girl,Harriet,12
2022,Girl,Hayley,15
2022,Girl,Heidi,29
2022,Girl,Hollie,21
2022,Girl,Holly,23
2022,Girl,Hope,20
2022,Girl,Ida,7
2022,Girl,Imogen,18
2022,Girl,Indie,9
2022,Girl,Iona,4
2022,Girl,Iris,8
2022,Girl,Isabel,4
2022,Girl,Isabela,3
2022,Girl,Isabella,49
2022,Girl,Isabelle,13
2022,Girl,Isla,118
2022,Girl,Isla-Rose,6
2022,Girl,Isobel,6
2022,Girl,Isobella,4
2022,Girl,Ivy,48
2022,Girl,Jane,8
2022,Girl,Jasmine,8
2022,Girl,Jenna,4
2022,Girl,Jennifer,4
2022,Girl,Jessica,34
2022,Girl,Jessie,8
2022,Girl,Joanna,5
2022,Girl,Jorgie,3
2022,Girl,Josie,10
2022,Girl,Jovi,3
2022,Girl,Joy,5
2022,Girl,Julia,13
2022,Girl,Juliet,3
2022,Girl,Kaia,8
2022,Girl,Kallie,3
2022,Girl,Kate,21
2022,Girl,Katherine,6
2022,Girl,Katie,72
2022,Girl,Kayla,7
2022,Girl,Kayleigh,6
2022,Girl,Keeva,3
2022,Girl,Kelsey,3
2022,Girl,Kennedy,3
2022,Girl,Khadija,4
2022,Girl,Khloe,4
2022,Girl,Kiara,4
2022,Girl,Kiera,3
2022,Girl,Kitty,3
2022,Girl,Kora,3
2022,Girl,Kyla,5
2022,Girl,Kyra,5
2022,Girl,Lacey,4
2022,Girl,Lainey,5
2022,Girl,Lana,8
2022,Girl,Laoise,6
2022,Girl,Lara,26
2022,Girl,Laura,7
2022,Girl,Lauren,4
2022,Girl,Layla,26
2022,Girl,Leah,31
2022,Girl,Leia,5
2022,Girl,Lena,8
2022,Girl,Lexi,16
2022,Girl,Lexie,4
2022,Girl,Lia,4
2022,Girl,Libby,3
2022,Girl,Lila,9
2022,Girl,Lilah,11
2022,Girl,Lile,3
2022,Girl,Liliana,6
2022,Girl,Lillian,3
2022,Girl,Lillie,13
2022,Girl,Lilly,9
2022,Girl,Lily,110
2022,Girl,Lily-Anna,3
2022,Girl,Lily-Rose,4
2022,Girl,Lina,3
2022,Girl,Livia,3
2022,Girl,Lois,4
2022,Girl,Lola,15
2022,Girl,Lori,3
2022,Girl,Lottie,36
2022,Girl,Lucia,30
2022,Girl,Lucie,10
2022,Girl,Lucy,70
2022,Girl,Luna,18
2022,Girl,Lydia,26
2022,Girl,Lyla,30
2022,Girl,Lyra,4
2022,Girl,Mabel,11
2022,Girl,Maddie,17
2022,Girl,Maddison,11
2022,Girl,Madeline,3
2022,Girl,Madelyn,3
2022,Girl,Madison,13
2022,Girl,Mae,4
2022,Girl,Maeva,7
2022,Girl,Maeve,27
2022,Girl,Maggie,17
2022,Girl,Maia,7
2022,Girl,Mairead,5
2022,Girl,Maisie,71
2022,Girl,Maisy,6
2022,Girl,Maja,4
2022,Girl,Marcelina,3
2022,Girl,Margaret,3
2022,Girl,Margaux,3
2022,Girl,Margot,20
2022,Girl,Maria,23
2022,Girl,Marta,3
2022,Girl,Martha,22
2022,Girl,Mary,9
2022,Girl,Mary-Kate,4
2022,Girl,Matilda,23
2022,Girl,Maura,3
2022,Girl,Maya,33
2022,Girl,Meabh,55
2022,Girl,Meadow,4
2022,Girl,Megan,6
2022,Girl,Melissa,6
2022,Girl,Mia,57
2022,Girl,Mia-Rose,6
2022,Girl,Michaela,3
2022,Girl,Mila,17
2022,Girl,Miley,3
2022,Girl,Millie,28
2022,Girl,Miriam,4
2022,Girl,Miya,3
2022,Girl,Moira,3
2022,Girl,Mollai,3
2022,Girl,Mollie,36
2022,Girl,Molly,59
2022,Girl,Morgan,3
2022,Girl,Moya,3
2022,Girl,Muireann,8
2022,Girl,Mya,13
2022,Girl,Myah,5
2022,Girl,Myla,25
2022,Girl,Mylah,8
2022,Girl,Nadia,7
2022,Girl,Nainsi,5
2022,Girl,Nancy,16
2022,Girl,Naoise,10
2022,Girl,Naomi,5
2022,Girl,Neala,3
2022,Girl,Nell,5
2022,Girl,Nellie,7
2022,Girl,Nelly,3
2022,Girl,Nevaeh,22
2022,Girl,Nia,6
2022,Girl,Niamh,64
2022,Girl,Nicole,6
2022,Girl,Nina,24
2022,Girl,Nola,3
2022,Girl,Nora,22
2022,Girl,Norah,11
2022,Girl,Nova,7
2022,Girl,Nyla,3
2022,Girl,Nylah,4
2022,Girl,Oilibhia,3
2022,Girl,Olive,12
2022,Girl,Olivia,141
2022,Girl,Ophelia,10
2022,Girl,Orla,17
2022,Girl,Orlagh,5
2022,Girl,Orlaith,20
2022,Girl,Paige,12
2022,Girl,Paisley,6
2022,Girl,Peggy,3
2022,Girl,Penelope,19
2022,Girl,Penny,32
2022,Girl,Peyton,4
2022,Girl,Phoebe,52
2022,Girl,Piper,4
2022,Girl,Pippa,32
2022,Girl,Pixie,3
2022,Girl,Pola,3
2022,Girl,Poppy,44
2022,Girl,Priya,9
2022,Girl,Pyper,5
2022,Girl,Quinn,14
2022,Girl,Rachel,9
2022,Girl,Radha,3
2022,Girl,Raina,8
2022,Girl,Raven,3
2022,Girl,Raya,14
2022,Girl,Rayna,4
2022,Girl,Rebecca,12
2022,Girl,Reeva,10
2022,Girl,Reina,6
2022,Girl,Remi,10
2022,Girl,Remy,3
2022,Girl,Renae,3
2022,Girl,Renee,4
2022,Girl,Reya,4
2022,Girl,Rhea,21
2022,Girl,Ria,6
2022,Girl,Riadh,7
2022,Girl,Riley,8
2022,Girl,Rioghnach,9
2022,Girl,Riona,5
2022,Girl,Rionach,7
2022,Girl,River,6
2022,Girl,Robin,4
2022,Girl,Robyn,23
2022,Girl,Roise,27
2022,Girl,Roisin,6
2022,Girl,Roma,4
2022,Girl,Romi,3
2022,Girl,Rosa,33
2022,Girl,Rosalie,3
2022,Girl,Rose,45
2022,Girl,Rosie,59
2022,Girl,Rowan,3
2022,Girl,Rua,6
2022,Girl,Ruby,72
2022,Girl,Ruth,5
2022,Girl,Rylee,7
2022,Girl,Sadhbh,5
2022,Girl,Sadie,48
2022,Girl,Saerlaith,6
2022,Girl,Saoirse,44
2022,Girl,Saorla,4
2022,Girl,Saorlaith,24
2022,Girl,Sara,10
2022,Girl,Sarah,42
2022,Girl,Sasha,4
2022,Girl,Savannah,18
2022,Girl,Scarlett,29
2022,Girl,Selena,4
2022,Girl,Serena,3
2022,Girl,Shannon,7
2022,Girl,Shelby,3
2022,Girl,Sienna,43
2022,Girl,Sienna-Rose,3
2022,Girl,Sinead,4
2022,Girl,Siofra,10
2022,Girl,Siun,3
2022,Girl,Skye,7
2022,Girl,Skyla,3
2022,Girl,Skylar,6
2022,Girl,Sofia,40
2022,Girl,Sophia,84
2022,Girl,Sophie,71
2022,Girl,Stella,8
2022,Girl,Stevie,4
2022,Girl,Summer,12
2022,Girl,Sylvie,4
2022,Girl,Talia,9
2022,Girl,Tara,6
2022,Girl,Taylor,7
2022,Girl,Teagan,3
2022,Girl,Tess,11
2022,Girl,Tessa,5
2022,Girl,Thea,38
2022,Girl,Tia,4
2022,Girl,Tierna,3
2022,Girl,Tiffany,3
2022,Girl,Tigerlily,3
2022,Girl,Tillie,4
2022,Girl,Tilly,19
2022,Girl,Victoria,10
2022,Girl,Vienna,3
2022,Girl,Violet,17
2022,Girl,Willow,55
2022,Girl,Winnie,3
2022,Girl,Wren,8
2022,Girl,Wynter,6
2022,Girl,Yara,3
2022,Girl,Yasmin,6
2022,Girl,Yusra,3
2022,Girl,Zara,46
2022,Girl,Zaria,3
2022,Girl,Zendaya,4
2022,Girl,Zoe,28
2022,Girl,Zoey,10
2022,Girl,Zofia,4
2022,Girl,Zuzanna,5
2023,Boy,Aaron,14
2023,Boy,Abel,11
2023,Boy,Ace,4
2023,Boy,Adam,40
2023,Boy,Adrian,7
2023,Boy,Ahmad,3
2023,Boy,Ahmed,3
2023,Boy,Aidan,23
2023,Boy,Aiden,9
2023,Boy,Ajay,5
2023,Boy,Alan,4
2023,Boy,Albert,10
2023,Boy,Albie,35
2023,Boy,Alby,3
2023,Boy,Alex,22
2023,Boy,Alexander,35
2023,Boy,Alfie,85
2023,Boy,Alfred,6
2023,Boy,Ali,7
2023,Boy,Ally,3
2023,Boy,Amir,3
2023,Boy,Andrei,3
2023,Boy,Andrew,17
2023,Boy,Angus,3
2023,Boy,Anthony,13
2023,Boy,Antoin,3
2023,Boy,Aodhan,32
2023,Boy,Archie,64
2023,Boy,Arlo,53
2023,Boy,Aron,3
2023,Boy,Arthur,91
2023,Boy,Asher,7
2023,Boy,Atlas,3
2023,Boy,Austin,15
2023,Boy,Axel,18
2023,Boy,Ayan,5
2023,Boy,Ayman,3
2023,Boy,Bailey,5
2023,Boy,Barney,3
2023,Boy,Barra,6
2023,Boy,Beau,10
2023,Boy,Beauden,3
2023,Boy,Ben,16
2023,Boy,Benas,4
2023,Boy,Benjamin,34
2023,Boy,Bennett,3
2023,Boy,Benny,5
2023,Boy,Bertie,6
2023,Boy,Billy,8
2023,Boy,Blaine,6
2023,Boy,Blair,3
2023,Boy,Blake,22
2023,Boy,Bobby,36
2023,Boy,Bodhi,14
2023,Boy,Bowie,4
2023,Boy,Brendan,3
2023,Boy,Brian,3
2023,Boy,Brodie,38
2023,Boy,Brody,19
2023,Boy,Brogan,5
2023,Boy,Cadain,3
2023,Boy,Cadan,5
2023,Boy,Cade,3
2023,Boy,Caden,5
2023,Boy,Caelan,10
2023,Boy,Cahan,5
2023,Boy,Cahir,15
2023,Boy,Cai,6
2023,Boy,Caiden,19
2023,Boy,Cain,5
2023,Boy,Cal,3
2023,Boy,Calaeb,3
2023,Boy,Caleb,73
2023,Boy,Callan,3
2023,Boy,Callum,25
2023,Boy,Cameron,10
2023,Boy,Caodhan,6
2023,Boy,Caoimhin,17
2023,Boy,Caolan,30
2023,Boy,Carson,12
2023,Boy,Carter,28
2023,Boy,Casey,16
2023,Boy,Cathair,3
2023,Boy,Cathal,17
2023,Boy,Cathan,3
2023,Boy,Cathaoir,5
2023,Boy,Cayden,4
2023,Boy,Charles,10
2023,Boy,Charlie,123
2023,Boy,Che,6
2023,Boy,Chester,7
2023,Boy,Christian,9
2023,Boy,Christopher,15
2023,Boy,Christy,3
2023,Boy,Cian,45
2023,Boy,Cianan,8
2023,Boy,Ciaran,13
2023,Boy,Cillian,128
2023,Boy,Clayton,3
2023,Boy,Coby,4
2023,Boy,Cody,25
2023,Boy,Coen,8
2023,Boy,Cohan,9
2023,Boy,Cohen,16
2023,Boy,Colby,8
2023,Boy,Cole,6
2023,Boy,Colton,13
2023,Boy,Conal,5
2023,Boy,Conall,15
2023,Boy,Conan,41
2023,Boy,Conlan,6
2023,Boy,Conleth,3
2023,Boy,Conn,11
2023,Boy,Connell,6
2023,Boy,Connla,7
2023,Boy,Connlan,3
2023,Boy,Connor,7
2023,Boy,Conor,55
2023,Boy,Cooper,14
2023,Boy,Corey,11
2023,Boy,Cormac,28
2023,Boy,Crue,3
2023,Boy,Cruz,4
2023,Boy,Cuan,23
2023,Boy,Daire,38
2023,Boy,Daithi,82
2023,Boy,Dalton,3
2023,Boy,Damhan,3
2023,Boy,Damien,3
2023,Boy,Dan,10
2023,Boy,Danann,5
2023,Boy,Daniel,84
2023,Boy,Danny,25
2023,Boy,Dara,30
2023,Boy,Darragh,59
2023,Boy,Darren,3
2023,Boy,David,30
2023,Boy,Dawson,19
2023,Boy,Dean,4
2023,Boy,Declan,6
2023,Boy,Denis,3
2023,Boy,Diarmuid,4
2023,Boy,Dillon,3
2023,Boy,Dominic,6
2023,Boy,Dominik,3
2023,Boy,Donnacha,27
2023,Boy,Donncha,6
2023,Boy,Donnchadh,7
2023,Boy,Drew,4
2023,Boy,Dylan,25
2023,Boy,Eamon,5
2023,Boy,Eanna,6
2023,Boy,Eddie,11
2023,Boy,Eden,4
2023,Boy,Edward,16
2023,Boy,Eli,29
2023,Boy,Elias,11
2023,Boy,Elijah,45
2023,Boy,Elliot,12
2023,Boy,Elliott,6
2023,Boy,Ellis,8
2023,Boy,Emmett,6
2023,Boy,Enda,10
2023,Boy,Enzo,10
2023,Boy,Eoghan,21
2023,Boy,Eoin,31
2023,Boy,Eric,6
2023,Boy,Erik,4
2023,Boy,Ethan,74
2023,Boy,Euan,4
2023,Boy,Evan,12
2023,Boy,Ewan,3
2023,Boy,Ezekiel,6
2023,Boy,Ezra,67
2023,Boy,Fabian,6
2023,Boy,Faolan,10
2023,Boy,Fearghal,3
2023,Boy,Feidhlim,5
2023,Boy,Felix,14
2023,Boy,Fergus,4
2023,Boy,Fiachra,11
2023,Boy,Filip,3
2023,Boy,Finbar,4
2023,Boy,Finbarr,3
2023,Boy,Finlay,13
2023,Boy,Finley,23
2023,Boy,Finn,71
2023,Boy,Fintan,5
2023,Boy,Fionn,60
2023,Boy,Fionnan,3
2023,Boy,Fionnbharr,4
2023,Boy,Fionntan,3
2023,Boy,Fiontan,3
2023,Boy,Fletcher,4
2023,Boy,Flynn,15
2023,Boy,Francis,10
2023,Boy,Frank,4
2023,Boy,Frankie,18
2023,Boy,Fraser,3
2023,Boy,Freddie,55
2023,Boy,Freddy,6
2023,Boy,Frederick,7
2023,Boy,Gabriel,13
2023,Boy,Gearoid,3
2023,Boy,Gene,3
2023,Boy,George,66
2023,Boy,Gerard,7
2023,Boy,Grayson,7
2023,Boy,Hamish,3
2023,Boy,Harley,10
2023,Boy,Harlow,4
2023,Boy,Harris,5
2023,Boy,Harrison,20
2023,Boy,Harry,77
2023,Boy,Harvey,13
2023,Boy,Hayden,6
2023,Boy,Henry,70
2023,Boy,Hudson,33
2023,Boy,Hugh,19
2023,Boy,Hugo,36
2023,Boy,Hunter,27
2023,Boy,Ian,4
2023,Boy,Iarla,4
2023,Boy,Iarlaith,8
2023,Boy,Isaac,64
2023,Boy,Isaiah,8
2023,Boy,Ivan,4
2023,Boy,Jace,10
2023,Boy,Jack,146
2023,Boy,Jackson,20
2023,Boy,Jacob,67
2023,Boy,Jake,34
2023,Boy,James,131
2023,Boy,Jameson,3
2023,Boy,Jamie,25
2023,Boy,Jarlath,6
2023,Boy,Jason,8
2023,Boy,Jasper,11
2023,Boy,Jax,23
2023,Boy,Jaxon,38
2023,Boy,Jaxson,10
2023,Boy,Jaxx,5
2023,Boy,Jay,7
2023,Boy,Jayce,3
2023,Boy,Jayden,25
2023,Boy,Jensen,7
2023,Boy,Jenson,15
2023,Boy,Jesse,20
2023,Boy,Jimmy,3
2023,Boy,Joe,17
2023,Boy,Joel,21
2023,Boy,Joey,18
2023,Boy,John,35
2023,Boy,John-James,3
2023,Boy,Johnny,11
2023,Boy,Jonah,51
2023,Boy,Jonas,6
2023,Boy,Jonathan,10
2023,Boy,Jordan,7
2023,Boy,Joseph,33
2023,Boy,Josh,9
2023,Boy,Joshua,50
2023,Boy,Josiah,6
2023,Boy,Judah,10
2023,Boy,Jude,93
2023,Boy,Julian,4
2023,Boy,Junior,5
2023,Boy,Kade,4
2023,Boy,Kai,45
2023,Boy,Kaiden,18
2023,Boy,Kaison,3
2023,Boy,Kaleb,7
2023,Boy,Kane,3
2023,Boy,Karson,3
2023,Boy,Kasen,4
2023,Boy,Kasper,5
2023,Boy,Kayce,4
2023,Boy,Kayden,18
2023,Boy,Kayson,6
2023,Boy,Keagan,3
2023,Boy,Keegan,8
2023,Boy,Keelan,4
2023,Boy,Keon,4
2023,Boy,Kian,4
2023,Boy,Kieran,3
2023,Boy,Killian,7
2023,Boy,Kingston,3
2023,Boy,Koa,11
2023,Boy,Koah,3
2023,Boy,Kobe,13
2023,Boy,Kobi,4
2023,Boy,Kobie,3
2023,Boy,Koby,5
2023,Boy,Koden,3
2023,Boy,Kody,12
2023,Boy,Koen,4
2023,Boy,Kohen,4
2023,Boy,Kolby,5
2023,Boy,Kole,4
2023,Boy,Kyle,6
2023,Boy,Lachlan,6
2023,Boy,Lawson,3
2023,Boy,Leighton,4
2023,Boy,Lennon,5
2023,Boy,Lennox,6
2023,Boy,Leo,119
2023,Boy,Leon,26
2023,Boy,Leonard,3
2023,Boy,Leonardo,6
2023,Boy,Levi,38
2023,Boy,Lewis,15
2023,Boy,Liam,45
2023,Boy,Lincoln,3
2023,Boy,Lochlainn,13
2023,Boy,Lochlan,12
2023,Boy,Lochlann,8
2023,Boy,Logan,39
2023,Boy,Lorcan,62
2023,Boy,Lorenzo,4
2023,Boy,Louie,26
2023,Boy,Louis,24
2023,Boy,Luan,12
2023,Boy,Luca,108
2023,Boy,Lucas,39
2023,Boy,Lucian,5
2023,Boy,Lughan,3
2023,Boy,Luka,9
2023,Boy,Luke,52
2023,Boy,Magnus,5
2023,Boy,Malachi,5
2023,Boy,Malachy,15
2023,Boy,Marc,3
2023,Boy,Marcel,6
2023,Boy,Marcus,10
2023,Boy,Mark,8
2023,Boy,Martin,6
2023,Boy,Mason,46
2023,Boy,Mateo,5
2023,Boy,Matteo,6
2023,Boy,Matthew,42
2023,Boy,Max,49
2023,Boy,Maximilian,3
2023,Boy,Micah,24
2023,Boy,Michael,47
2023,Boy,Micheal,20
2023,Boy,Milan,3
2023,Boy,Miles,4
2023,Boy,Milo,10
2023,Boy,Mohamed,3
2023,Boy,Muhammad,8
2023,Boy,Myles,17
2023,Boy,Nate,3
2023,Boy,Nathan,25
2023,Boy,Nathanael,3
2023,Boy,Nathaniel,5
2023,Boy,Ned,3
2023,Boy,Niall,11
2023,Boy,Nicholas,5
2023,Boy,Nico,6
2023,Boy,Niko,3
2023,Boy,Noah,152
2023,Boy,Oakley,9
2023,Boy,Odhran,51
2023,Boy,Odin,4
2023,Boy,Oisin,116
2023,Boy,Oliver,114
2023,Boy,Oliwier,3
2023,Boy,Ollie,64
2023,Boy,Olly,7
2023,Boy,Oran,18
2023,Boy,Orhan,3
2023,Boy,Oscar,66
2023,Boy,Oskar,7
2023,Boy,Otis,5
2023,Boy,Owen,13
2023,Boy,Padraig,22
2023,Boy,Paidi,23
2023,Boy,Paraic,3
2023,Boy,Parker,16
2023,Boy,Pascal,3
2023,Boy,Patrick,53
2023,Boy,Paudie,6
2023,Boy,Paul,7
2023,Boy,Pauric,6
2023,Boy,Peadar,12
2023,Boy,Pearse,9
2023,Boy,Peter,18
2023,Boy,Phoenix,3
2023,Boy,Preston,3
2023,Boy,Ralph,8
2023,Boy,Ray,3
2023,Boy,Raymond,3
2023,Boy,Reece,3
2023,Boy,Reggie,14
2023,Boy,Reign,3
2023,Boy,Remi,4
2023,Boy,Remy,9
2023,Boy,Reo,4
2023,Boy,Reuben,61
2023,Boy,Rhys,10
2023,Boy,Rian,57
2023,Boy,Riley,27
2023,Boy,Rio,20
2023,Boy,Rioghan,3
2023,Boy,Rion,3
2023,Boy,River,8
2023,Boy,Roan,7
2023,Boy,Robbie,16
2023,Boy,Robert,19
2023,Boy,Robin,10
2023,Boy,Rogan,4
2023,Boy,Rohan,6
2023,Boy,Roman,14
2023,Boy,Romeo,6
2023,Boy,Ronan,63
2023,Boy,Ronnie,13
2023,Boy,Rory,60
2023,Boy,Ross,3
2023,Boy,Rossa,19
2023,Boy,Rowan,36
2023,Boy,Rox,3
2023,Boy,Rua,8
2023,Boy,Ruadh,7
2023,Boy,Ruadhan,22
2023,Boy,Ruaidhri,3
2023,Boy,Ruairi,28
2023,Boy,Ruan,10
2023,Boy,Ruben,4
2023,Boy,Rudi,8
2023,Boy,Rueben,3
2023,Boy,Rupert,6
2023,Boy,Ryan,33
2023,Boy,Sam,16
2023,Boy,Samuel,32
2023,Boy,Saul,6
2023,Boy,Scott,3
2023,Boy,Se,9
2023,Boy,Seamus,13
2023,Boy,Sean,45
2023,Boy,Seanie,4
2023,Boy,Sebastian,21
2023,Boy,Senan,30
2023,Boy,Seth,28
2023,Boy,Shane,12
2023,Boy,Shay,10
2023,Boy,Shea,61
2023,Boy,Solomon,3
2023,Boy,Sonny,25
2023,Boy,Spencer,5
2023,Boy,Stefan,5
2023,Boy,Stephen,4
2023,Boy,Tadhg,31
2023,Boy,Tate,3
2023,Boy,Ted,8
2023,Boy,Teddie,7
2023,Boy,Teddy,46
2023,Boy,Theo,108
2023,Boy,Theodore,49
2023,Boy,Thomas,103
2023,Boy,Thompson,3
2023,Boy,Tiarnan,13
2023,Boy,Tiernan,17
2023,Boy,Timothy,7
2023,Boy,Tobias,5
2023,Boy,Toby,16
2023,Boy,Tom,52
2023,Boy,Tomas,22
2023,Boy,Tommy,105
2023,Boy,Tony,3
2023,Boy,Torin,5
2023,Boy,Travis,4
2023,Boy,Tristan,11
2023,Boy,Tyler,14
2023,Boy,Ultan,6
2023,Boy,Vincent,5
2023,Boy,Vinny,3
2023,Boy,Wilfie,4
2023,Boy,Will,9
2023,Boy,William,41
2023,Boy,Wyatt,5
2023,Boy,Xander,7
2023,Boy,Zac,14
2023,Boy,Zach,34
2023,Boy,Zachary,26
2023,Boy,Zack,9
2023,Boy,Zain,3
2023,Boy,Zak,4
2023,Boy,Zander,5
2023,Boy,Zane,4
2023,Boy,Zayn,3
2023,Girl,Aaliyah,10
2023,Girl,Abbie,9
2023,Girl,Abigail,18
2023,Girl,Ada,52
2023,Girl,Adah,3
2023,Girl,Adaline,3
2023,Girl,Addison,14
2023,Girl,Adeline,6
2023,Girl,Aila,3
2023,Girl,Ailbhe,14
2023,Girl,Aimee,3
2023,Girl,Aine,12
2023,Girl,Aizal,3
2023,Girl,Alana,7
2023,Girl,Alannah,7
2023,Girl,Alara,8
2023,Girl,Alayah,4
2023,Girl,Alayna,3
2023,Girl,Alba,5
2023,Girl,Alex,3
2023,Girl,Alexandra,6
2023,Girl,Alexandria,3
2023,Girl,Alice,37
2023,Girl,Alivia,3
2023,Girl,Alora,6
2023,Girl,Alyssa,7
2023,Girl,Amara,6
2023,Girl,Amaya,5
2023,Girl,Amber,6
2023,Girl,Amelia,92
2023,Girl,Amelia-Rose,4
2023,Girl,Amelie,5
2023,Girl,Amina,3
2023,Girl,Amira,5
2023,Girl,Amirah,3
2023,Girl,Amy,8
2023,Girl,Anastasia,8
2023,Girl,Angel,3
2023,Girl,Angela,3
2023,Girl,Anna,83
2023,Girl,Annabella,3
2023,Girl,Annabelle,9
2023,Girl,Annie,84
2023,Girl,Anya,3
2023,Girl,Aodha,10
2023,Girl,Aoibh,15
2023,Girl,Aoibhe,12
2023,Girl,Aoibheann,27
2023,Girl,Aoibhin,12
2023,Girl,Aoibhinn,4
2023,Girl,Aoife,94
2023,Girl,April,3
2023,Girl,Arabella,15
2023,Girl,Aria,54
2023,Girl,Ariana,8
2023,Girl,Arianna,7
2023,Girl,Ariella,6
2023,Girl,Ariya,3
2023,Girl,Ariyah,3
2023,Girl,Arwen,3
2023,Girl,Arya,6
2023,Girl,Asha,3
2023,Girl,Athena,5
2023,Girl,Aubree,5
2023,Girl,Aurora,23
2023,Girl,Autumn,13
2023,Girl,Ava,73
2023,Girl,Avah,4
2023,Girl,Averie,7
2023,Girl,Avery,9
2023,Girl,Aya,3
2023,Girl,Ayda,20
2023,Girl,Ayla,16
2023,Girl,Beibhinn,5
2023,Girl,Bella,24
2023,Girl,Belle,4
2023,Girl,Beth,8
2023,Girl,Bethany,12
2023,Girl,Betsy,3
2023,Girl,Billie,10
2023,Girl,Blair,4
2023,Girl,Blaithin,6
2023,Girl,Blake,3
2023,Girl,Blathnaid,3
2023,Girl,Bonnie,48
2023,Girl,Bria,9
2023,Girl,Briana,3
2023,Girl,Brianna,8
2023,Girl,Brooke,9
2023,Girl,Cadhla,39
2023,Girl,Cait,7
2023,Girl,Caitlin,14
2023,Girl,Cali,7
2023,Girl,Callie,16
2023,Girl,Caoimhe,34
2023,Girl,Cara,57
2023,Girl,Caragh,8
2023,Girl,Carla,4
2023,Girl,Casey,4
2023,Girl,Cassandra,3
2023,Girl,Cassie,38
2023,Girl,Catherine,6
2023,Girl,Ceala,3
2023,Girl,Charlie,4
2023,Girl,Charlotte,87
2023,Girl,Chloe,33
2023,Girl,Ciara,7
2023,Girl,Claire,4
2023,Girl,Clara,32
2023,Girl,Claragh,4
2023,Girl,Clementine,3
2023,Girl,Cleo,8
2023,Girl,Cliodhna,20
2023,Girl,Cliona,3
2023,Girl,Clodagh,66
2023,Girl,Cobhlaith,6
2023,Girl,Colleen,3
2023,Girl,Connie,18
2023,Girl,Cora,47
2023,Girl,Crea,4
2023,Girl,Croia,36
2023,Girl,Croiadh,9
2023,Girl,Cuisle,5
2023,Girl,Cushla,3
2023,Girl,Daisie,3
2023,Girl,Daisy,41
2023,Girl,Dakota,6
2023,Girl,Danielle,3
2023,Girl,Darcey,7
2023,Girl,Darcie,19
2023,Girl,Darcy,21
2023,Girl,Daria,3
2023,Girl,Darla,3
2023,Girl,Dearbhla,4
2023,Girl,Delilah,12
2023,Girl,Delilah-Rose,3
2023,Girl,Demi,4
2023,Girl,Diana,3
2023,Girl,Dianaimh,3
2023,Girl,Doireann,6
2023,Girl,Dolly,3
2023,Girl,Dorothy,5
2023,Girl,Dottie,3
2023,Girl,Eabha,79
2023,Girl,Eadaoin,3
2023,Girl,Eadha,7
2023,Girl,Eala,7
2023,Girl,Eden,37
2023,Girl,Edie,10
2023,Girl,Edith,9
2023,Girl,Effie,7
2023,Girl,Eibhlin,8
2023,Girl,Eilidh,5
2023,Girl,Eimear,26
2023,Girl,Eimile,3
2023,Girl,Eire,8
2023,Girl,Eireann,17
2023,Girl,Eirinn,20
2023,Girl,Elaina,3
2023,Girl,Eleanor,9
2023,Girl,Elena,11
2023,Girl,Elise,5
2023,Girl,Eliza,16
2023,Girl,Elizabeth,17
2023,Girl,Ella,97
2023,Girl,Ella-Rose,7
2023,Girl,Elle,7
2023,Girl,Ellen,15
2023,Girl,Ellie,77
2023,Girl,Elodie,11
2023,Girl,Eloise,15
2023,Girl,Elora,5
2023,Girl,Elsie,57
2023,Girl,Ema,3
2023,Girl,Emelia,3
2023,Girl,Emer,5
2023,Girl,Emery,3
2023,Girl,Emilia,19
2023,Girl,Emilie,4
2023,Girl,Emily,136
2023,Girl,Emma,22
2023,Girl,Emmie,18
2023,Girl,Ena,4
2023,Girl,Enid,3
2023,Girl,Enya,8
2023,Girl,Erika,3
2023,Girl,Erin,53
2023,Girl,Esmae,6
2023,Girl,Esme,31
2023,Girl,Etta,3
2023,Girl,Eva,35
2023,Girl,Eve,25
2023,Girl,Evelyn,20
2023,Girl,Everleigh,3
2023,Girl,Everly,3
2023,Girl,Evie,74
2023,Girl,Faith,18
2023,Girl,Fallon,4
2023,Girl,Farah,7
2023,Girl,Farragh,3
2023,Girl,Farrah,14
2023,Girl,Faye,29
2023,Girl,Fern,4
2023,Girl,Fia,4
2023,Girl,Fiadh,138
2023,Girl,Fianna,12
2023,Girl,Flora,4
2023,Girl,Florence,19
2023,Girl,Fodhla,10
2023,Girl,Francesca,6
2023,Girl,Frankie,11
2023,Girl,Freya,90
2023,Girl,Freyja,8
2023,Girl,Gabriella,16
2023,Girl,Gabrielle,3
2023,Girl,Genevieve,3
2023,Girl,Georgia,39
2023,Girl,Georgie,12
2023,Girl,Georgina,3
2023,Girl,Gia,3
2023,Girl,Grace,137
2023,Girl,Gracie,26
2023,Girl,Grainne,7
2023,Girl,Hailey,11
2023,Girl,Hali,3
2023,Girl,Halle,6
2023,Girl,Hallie,25
2023,Girl,Hanna,5
2023,Girl,Hannah,51
2023,Girl,Harley,3
2023,Girl,Harlow,10
2023,Girl,Harper,40
2023,Girl,Harriet,9
2023,Girl,Hayley,7
2023,Girl,Hazel,8
2023,Girl,Heidi,31
2023,Girl,Helen,3
2023,Girl,Helena,3
2023,Girl,Hollie,18
2023,Girl,Holly,24
2023,Girl,Honey,4
2023,Girl,Hope,10
2023,Girl,Ida,10
2023,Girl,Ide,3
2023,Girl,Imogen,10
2023,Girl,Indie,16
2023,Girl,Iona,7
2023,Girl,Iris,13
2023,Girl,Isabel,4
2023,Girl,Isabella,47
2023,Girl,Isabelle,9
2023,Girl,Isla,147
2023,Girl,Isla-Grace,4
2023,Girl,Isobel,4
2023,Girl,Ivie,3
2023,Girl,Ivy,60
2023,Girl,Ivy-Rose,6
2023,Girl,Izzy,4
2023,Girl,Jade,3
2023,Girl,Jane,4
2023,Girl,Jasmine,9
2023,Girl,Jeannie,3
2023,Girl,Jessica,35
2023,Girl,Jessie,8
2023,Girl,Joanna,4
2023,Girl,Jorgie,4
2023,Girl,Jorja,3
2023,Girl,Josie,8
2023,Girl,Joy,6
2023,Girl,Julia,8
2023,Girl,Juniper,3
2023,Girl,Kacie,3
2023,Girl,Kaia,10
2023,Girl,Kara,3
2023,Girl,Kate,16
2023,Girl,Kathleen,3
2023,Girl,Katie,46
2023,Girl,Kaya,3
2023,Girl,Kayla,8
2023,Girl,Kayleigh,3
2023,Girl,Kayley,3
2023,Girl,Keeley,3
2023,Girl,Keeva,6
2023,Girl,Keziah,3
2023,Girl,Klara,4
2023,Girl,Kyla,4
2023,Girl,Kyra,4
2023,Girl,Lacey,3
2023,Girl,Lainey,7
2023,Girl,Lana,13
2023,Girl,Laney,3
2023,Girl,Laoise,4
2023,Girl,Lara,40
2023,Girl,Laura,7
2023,Girl,Lauren,6
2023,Girl,Laurie,3
2023,Girl,Layla,25
2023,Girl,Leah,29
2023,Girl,Leia,6
2023,Girl,Leila,5
2023,Girl,Lena,7
2023,Girl,Leni,5
2023,Girl,Lexi,12
2023,Girl,Lexie,3
2023,Girl,Lia,3
2023,Girl,Libby,6
2023,Girl,Lila,8
2023,Girl,Lilah,19
2023,Girl,Lili,3
2023,Girl,Liliana,3
2023,Girl,Lilianna,4
2023,Girl,Lillie,15
2023,Girl,Lilly,13
2023,Girl,Lily,108
2023,Girl,Lily-Mae,3
2023,Girl,Lily-Rose,4
2023,Girl,Lois,7
2023,Girl,Lola,18
2023,Girl,Lottie,57
2023,Girl,Lucia,21
2023,Girl,Lucie,12
2023,Girl,Lucy,47
2023,Girl,Luna,22
2023,Girl,Lydia,26
2023,Girl,Lyla,20
2023,Girl,Lyra,5
2023,Girl,Mabel,14
2023,Girl,Maddie,9
2023,Girl,Maddison,14
2023,Girl,Madeline,5
2023,Girl,Madelyn,4
2023,Girl,Madison,13
2023,Girl,Mae,4
2023,Girl,Maeva,3
2023,Girl,Maeve,28
2023,Girl,Maggie,26
2023,Girl,Maia,8
2023,Girl,Maire,3
2023,Girl,Maisie,70
2023,Girl,Maisy,8
2023,Girl,Mallaidh,7
2023,Girl,Mara,4
2023,Girl,Margaret,6
2023,Girl,Margo,8
2023,Girl,Margot,20
2023,Girl,Maria,12
2023,Girl,Marnie,6
2023,Girl,Martha,27
2023,Girl,Mary,11
2023,Girl,Maryam,3
2023,Girl,Matilda,20
2023,Girl,Maya,19
2023,Girl,Mayla,4
2023,Girl,Mea,3
2023,Girl,Meabh,57
2023,Girl,Meabha,3
2023,Girl,Meadow,12
2023,Girl,Meara,4
2023,Girl,Melania,3
2023,Girl,Melissa,4
2023,Girl,Melody,3
2023,Girl,Mia,63
2023,Girl,Miah,4
2023,Girl,Michelle,7
2023,Girl,Mila,18
2023,Girl,Miley,12
2023,Girl,Millie,24
2023,Girl,Mira,5
2023,Girl,Miriam,3
2023,Girl,Mirren,3
2023,Girl,Mollie,37
2023,Girl,Molly,59
2023,Girl,Morgan,4
2023,Girl,Moya,3
2023,Girl,Muireann,3
2023,Girl,Mya,16
2023,Girl,Myla,27
2023,Girl,Mylah,8
2023,Girl,Nainsi,6
2023,Girl,Nancy,16
2023,Girl,Naoise,13
2023,Girl,Naomi,4
2023,Girl,Natalia,3
2023,Girl,Neala,3
2023,Girl,Nell,6
2023,Girl,Nellie,6
2023,Girl,Nevaeh,10
2023,Girl,Nia,4
2023,Girl,Niadh,6
2023,Girl,Niamh,46
2023,Girl,Nina,25
2023,Girl,Noelle,3
2023,Girl,Nola,5
2023,Girl,Noor,3
2023,Girl,Nora,28
2023,Girl,Norah,11
2023,Girl,Nova,10
2023,Girl,Novah,3
2023,Girl,Odette,3
2023,Girl,Olive,8
2023,Girl,Olivia,126
2023,Girl,Ophelia,4
2023,Girl,Orla,23
2023,Girl,Orlagh,3
2023,Girl,Orlaith,14
2023,Girl,Ottilie,3
2023,Girl,Paige,6
2023,Girl,Paisley,3
2023,Girl,Penelope,21
2023,Girl,Penny,20
2023,Girl,Peyton,4
2023,Girl,Phoebe,47
2023,Girl,Piper,6
2023,Girl,Pippa,18
2023,Girl,Polly,9
2023,Girl,Poppy,34
2023,Girl,Priya,3
2023,Girl,Quinn,11
2023,Girl,Rachel,14
2023,Girl,Radha,5
2023,Girl,Raina,8
2023,Girl,Raya,22
2023,Girl,Rayah,4
2023,Girl,Rayna,4
2023,Girl,Rebecca,23
2023,Girl,Rebekah,4
2023,Girl,Reeva,6
2023,Girl,Reina,4
2023,Girl,Reine,4
2023,Girl,Remi,18
2023,Girl,Remy,3
2023,Girl,Rhea,45
2023,Girl,Ria,6
2023,Girl,Riadh,3
2023,Girl,Riley,4
2023,Girl,Rioghnach,9
2023,Girl,Riona,8
2023,Girl,Rionach,6
2023,Girl,Rionagh,7
2023,Girl,Rita,6
2023,Girl,River,3
2023,Girl,Robin,3
2023,Girl,Robyn,31
2023,Girl,Roise,22
2023,Girl,Roisin,9
2023,Girl,Roma,4
2023,Girl,Romy,6
2023,Girl,Ronnie,3
2023,Girl,Rosa,28
2023,Girl,Rosalie,3
2023,Girl,Rose,44
2023,Girl,Rosie,62
2023,Girl,Rowan,4
2023,Girl,Rua,7
2023,Girl,Rubie,3
2023,Girl,Ruby,62
2023,Girl,Ruth,3
2023,Girl,Ryleigh,4
2023,Girl,Sabrina,4
2023,Girl,Sadhbh,6
2023,Girl,Sadie,63
2023,Girl,Saerlaith,6
2023,Girl,Saoirse,50
2023,Girl,Saorla,9
2023,Girl,Saorlaith,15
2023,Girl,Sapphire,4
2023,Girl,Sara,4
2023,Girl,Sarah,26
2023,Girl,Savannah,16
2023,Girl,Scarlett,30
2023,Girl,Searlaith,3
2023,Girl,Shannon,6
2023,Girl,Sia,3
2023,Girl,Sienna,41
2023,Girl,Sierra,7
2023,Girl,Sinead,3
2023,Girl,Siofra,8
2023,Girl,Skye,6
2023,Girl,Skylar,4
2023,Girl,Skyler,3
2023,Girl,Sofia,42
2023,Girl,Sophia,76
2023,Girl,Sophie,84
2023,Girl,Stella,5
2023,Girl,Stephanie,3
2023,Girl,Summer,13
2023,Girl,Sylvie,5
2023,Girl,Talia,10
2023,Girl,Tara,10
2023,Girl,Teagan,3
2023,Girl,Tess,8
2023,Girl,Thea,28
2023,Girl,Theia,3
2023,Girl,Tia,4
2023,Girl,Tillie,3
2023,Girl,Tilly,15
2023,Girl,Una,14
2023,Girl,Valentina,4
2023,Girl,Vanesa,3
2023,Girl,Vanessa,3
2023,Girl,Vera,3
2023,Girl,Victoria,5
2023,Girl,Vienna,4
2023,Girl,Violet,13
2023,Girl,Willow,45
2023,Girl,Winnie,8
2023,Girl,Wren,5
2023,Girl,Yara,4
2023,Girl,Yasmine,3
2023,Girl,Zahra,5
2023,Girl,Zara,56
2023,Girl,Zlatka,3
2023,Girl,Zoe,23
2023,Girl,Zoey,10
